ticker,prev_trading_day,next_trading_day,symbol,night_type,slots,slots_with_price,token_pre_open,token_min,token_max,token_trades,token_volume_usd,stock_close,stock_open,dividend_next_day,token_close,token_after_open,hours_closed,coverage_pct,stock_gap_pct,token_move_pct,basis_at_close_pct,pre_open_error_pct,token_range_pct,trade_pct
AAPL,2025-07-08,2025-07-09,AAPLx,overnight,35,35,210.44610234940683,209.94037368695365,210.8199451604066,540,11511.802281987737,210.03500366210935,209.52999877929688,0.0,210.24922001851232,210.5577672012903,17.5,100.0,-0.24043843835901413,0.09364235970872326,0.10199078851997889,0.4372183341035063,0.41896251683561925,0.14675306892972806
AAPL,2025-07-09,2025-07-10,AAPLx,overnight,35,35,209.83299630460655,209.0672872603475,210.75975689764724,408,41334.61192097563,211.1100006103516,210.5050048828125,0.0,209.77098455371583,209.33171303541636,17.5,100.0,-0.286578431050144,0.029561643628950307,-0.6342741001205354,-0.31923638992814585,0.8095334566579515,-0.2094052803508606
AAPL,2025-07-10,2025-07-11,AAPLx,overnight,35,35,211.41328508741515,211.39234496909367,212.9529326125644,1392,41670.559118608406,212.4199981689453,210.56500244140625,0.0,212.45399345069,211.2471694322076,17.5,100.0,-0.8732679331179161,-0.4898511655966664,0.016003804744246786,0.40286022661575327,0.7382422687533419,-0.5680401666643631
AAPL,2025-07-11,2025-07-14,AAPLx,weekend,131,127,209.00333612603188,207.81143383064315,212.2923375452836,1387,143344.30507674895,211.0749969482422,209.90899658203125,0.0,212.1027003346321,208.8868218858708,65.5,96.94656488549619,-0.5524104621907666,-1.4612563648225052,0.48689015811849146,-0.43145385416838433,2.156235406321372,-1.5161893006018445
AAPL,2025-07-14,2025-07-15,AAPLx,overnight,35,35,209.1409165101875,207.10978269005872,209.1409165101875,490,20847.180254522005,208.5399932861328,209.1499938964844,0.0,207.9682573727404,209.8156387626601,17.5,100.0,0.2925101323440815,0.563864482138432,-0.27416127927459844,-0.004340132231317462,0.9807039502177428,0.8882996921057318
AAPL,2025-07-15,2025-07-16,AAPLx,overnight,35,35,209.54204094598376,209.30312483581943,210.74623422539693,494,20088.51754456814,209.00999450683597,210.2899932861328,0.0,209.78050526933603,210.57088548562905,17.5,100.0,0.6124103214858456,-0.1136732524531392,0.36864780764100935,-0.3556766199194983,0.6894829643415479,0.3767653315918329
AAPL,2025-07-16,2025-07-17,AAPLx,overnight,35,34,211.2568008238832,210.21048496002427,211.47980610814133,751,20344.926178058806,210.22000122070312,210.625,0.0,210.81826294582544,210.8519010147749,17.5,97.14285714285714,0.1926547316835281,0.20801702467800887,0.28458839389606805,0.29996478285254646,0.6038334140937129,0.015955955845292635
AAPL,2025-07-17,2025-07-18,AAPLx,overnight,35,34,211.21977196622365,209.91982944648672,211.5356374262737,859,20585.73037232745,210.06100463867188,210.7550048828125,0.0,210.3475235958958,210.46344641567745,17.5,97.14285714285714,0.33038033181569393,0.4146701398793473,0.13639797530091702,0.22052481442591532,0.7697262255059512,0.05511014239669709
AAPL,2025-07-18,2025-07-21,AAPLx,weekend,131,128,211.85096141397912,209.0484343076544,212.63108918025745,1821,65717.94710479825,211.22000122070312,212.0500030517578,0.0,211.24476717617577,213.98605442662551,65.5,97.70992366412214,0.39295607719811443,0.28696296050627623,0.011725194266420935,-0.09386542556668598,1.7137917748431875,1.2976829140404433
AAPL,2025-07-21,2025-07-22,AAPLx,overnight,35,35,212.90544859015216,212.19518734676575,213.67839876997832,643,15733.525398221058,212.5399932861328,213.2350006103516,0.0,212.7586824807645,213.1910917766872,17.5,100.0,0.32700072747395836,0.06898243008293115,0.1028931972992364,-0.15454874633907822,0.6989844782807175,0.2032393183116321
AAPL,2025-07-22,2025-07-23,AAPLx,overnight,35,35,214.4280989778609,213.43404674209276,215.2988008348587,382,18389.706309013745,214.38999938964844,215.0449981689453,0.0,214.0170088518996,213.47261211768864,17.5,100.0,0.30551741273454613,0.19208292283245942,-0.17397758235492278,-0.286869816241786,0.873691016606748,-0.25437077974848066
AAPL,2025-07-23,2025-07-24,AAPLx,overnight,35,35,214.55880477382783,213.03143931219407,215.75396098764048,1247,48490.73862828693,214.30999755859372,214.05999755859372,0.0,213.6866120665018,214.3654399001136,17.5,100.0,-0.11665344727169735,0.408164413713763,-0.2908802665267607,0.23302215309872754,1.2779905558712334,0.3176744799531672
AAPL,2025-07-24,2025-07-25,AAPLx,overnight,35,35,214.6105150911168,213.72521503926885,214.9461470026346,795,12790.96462397924,213.75999450683597,214.6999969482422,0.0,214.54247008463295,214.22651195763083,17.5,100.0,0.43974666240746974,0.03171633404659424,0.36605332985819583,-0.0416776238459593,0.5712624797880927,-0.14727066714459447
AAPL,2025-07-25,2025-07-28,AAPLx,weekend,131,130,214.5274519115889,213.6465876581892,214.8584828003672,1611,41711.686030509525,213.9600067138672,214.02999877929688,0.0,214.412581128246,213.57787171682,65.5,99.23664122137404,0.0327126861251692,0.053574646943976845,0.21152290155983522,0.23242215349681405,0.5672429199369722,-0.38930057510325744
AAPL,2025-07-28,2025-07-29,AAPLx,overnight,35,34,213.93641819729396,212.6903507759248,213.9756149389891,408,11040.00362031595,214.0399932861328,214.16000366210935,0.0,212.8504611349981,213.60356636972463,17.5,97.14285714285714,0.056069136488945404,0.5101971856227738,-0.5557522838942064,-0.10440113045951938,0.6042888915155142,0.3538189349981513
AAPL,2025-07-29,2025-07-30,AAPLx,overnight,35,34,211.54980860501112,210.0638346095766,211.64850168563012,658,18050.563114766082,211.3500061035156,211.8950042724609,0.0,208.71602727135533,210.73059792685743,17.5,97.14285714285714,0.25786522507995624,1.357721000492007,-1.2462639016296961,-0.16290882771635706,0.7543740591990922,0.965220870596073
AAPL,2025-07-30,2025-07-31,AAPLx,overnight,35,34,209.10146656604695,207.2245489257284,209.71237341230324,351,16895.947577834737,209.0200042724609,208.3800048828125,0.0,208.9358315344524,208.39801288542708,17.5,97.14285714285714,-0.30619049687423683,0.07927555095652572,-0.040270182895407736,0.3462240456516774,1.2005452536738126,-0.25740852829096994
AAPL,2025-07-31,2025-08-01,AAPLx,overnight,35,34,211.45016533072143,208.70311375997028,213.26948108784435,805,91321.4918550824,207.6100006103516,210.88999938964844,0.0,208.14165687354665,210.1556078591192,17.5,97.14285714285714,1.5798847693531126,1.5895465169592837,0.25608412968163297,0.2656199642914414,2.1879727837342378,0.9675866983205994
AAPL,2025-08-01,2025-08-04,AAPLx,weekend,131,121,205.22338630502344,201.58596936163275,205.22338630502344,885,38150.70815734274,202.2700042724609,204.5050048828125,0.0,202.7567422996361,205.66350491263424,65.5,92.36641221374046,1.1049589969558848,1.2165533818560226,0.24063776976024354,0.3512781619318339,1.8043998572466968,1.4336206924761452
AAPL,2025-08-04,2025-08-05,AAPLx,overnight,35,30,203.33775046950092,202.4281980426316,204.49170717392263,239,8322.815256052338,203.33999633789065,203.43499755859372,0.0,202.67850225811412,202.95933121969017,17.5,85.71428571428571,0.04672038084687635,0.3252679509873291,-0.32531429708365645,-0.04780253656443412,1.0193783036375414,0.1385588300916174
AAPL,2025-08-05,2025-08-06,AAPLx,overnight,35,26,205.41924979614728,202.45255938647688,206.0646856778553,203,16023.218426191863,202.92999267578125,205.6000061035156,0.0,203.35922596939068,208.25402521965475,17.5,74.28571428571429,1.3157312985272673,1.0129974762328686,0.21151791706572887,-0.08791648930073226,1.7841840588850966,2.4069718140060425
AAPL,2025-08-06,2025-08-07,AAPLx,overnight,35,34,219.14296236204277,212.6240095701636,220.31103069225583,448,38172.051497834946,213.25,218.875,0.0,213.51851714936475,218.4846168364553,17.5,97.14285714285714,2.637749120750299,2.634172102620713,0.12591659993657078,0.1224271214358641,3.6153119008677237,2.3258402846702886
AAPL,2025-08-07,2025-08-08,AAPLx,overnight,35,33,220.28269836555967,217.2600145337456,221.3937730208741,147,7107.410963586975,220.1300048828125,220.82000732421875,0.0,220.14189113598488,219.6880019753853,17.5,94.28571428571429,0.3134522446286203,0.06396203323602023,0.005399651528059657,-0.24332440034302572,1.9026779943837502,-0.20618027684662366
AAPL,2025-08-08,2025-08-11,AAPLx,weekend,131,117,227.2331702078076,227.1507480816894,231.61737957374623,656,60376.361571508474,229.3699951171875,227.9199981689453,0.26,229.4716479948288,226.125358487116,65.5,89.31297709923665,-0.6321650517110422,-0.9754920952463997,0.044318297861645206,-0.3013460717161798,1.9663732256125055,-1.45825836740765
AAPL,2025-08-11,2025-08-12,AAPLx,overnight,35,31,226.9573956823729,225.96998151512489,228.06830898830128,146,4881.149136042399,227.2050018310547,228.0050048828125,0.0,226.99680756482428,228.1775906853537,17.5,88.57142857142857,0.3521062676043796,-0.01736230693030194,-0.09163278297245059,-0.4594676336065695,0.9285868233944727,0.5201760911074604
AAPL,2025-08-12,2025-08-13,AAPLx,overnight,35,33,230.42543927140605,227.0217126296589,230.42543927140605,222,20808.025606574338,229.6499938964844,231.07000732421875,0.0,229.8231564047917,230.76690125216768,17.5,94.28571428571429,0.6183381081971362,0.2620636127516951,0.07540279247093551,-0.27894925017607486,1.4992956410736058,0.4106395813804564
AAPL,2025-08-13,2025-08-14,AAPLx,overnight,35,31,232.79180099536825,232.05057893596432,233.80523169739976,291,9757.81415592249,233.3300018310547,234.05499267578125,0.0,233.45446302864556,234.2268336900356,17.5,88.57142857142857,0.3107147983702152,-0.2838506596449242,0.053341274852858334,-0.5396986690913264,0.756150994960314,0.33084424746905317
AAPL,2025-08-14,2025-08-15,AAPLx,overnight,35,30,232.2766828317501,231.5211657100365,233.3502592021744,199,7791.7447969129735,232.8300018310547,233.72999572753903,0.0,232.32745453529984,233.00138293849108,17.5,85.71428571428571,0.3865455007544094,-0.021853510017266764,-0.2158430149906132,-0.6217913499998895,0.7900329486197899,0.29007695390079746
AAPL,2025-08-15,2025-08-18,AAPLx,weekend,131,113,231.53998589184783,228.93988325180723,232.4686539520625,546,33111.08631142821,231.6499938964844,231.77999877929688,0.0,231.05783046265304,232.01429999986647,65.5,86.25954198473282,0.056121254581409374,0.20867305307479267,-0.25562851259818276,-0.10355202722974743,1.5413525376764659,0.4139524444154441
AAPL,2025-08-18,2025-08-19,AAPLx,overnight,35,28,230.26903935066423,230.15328939398967,231.85803315545624,219,2193.2766384792462,230.8800048828125,231.2749938964844,0.0,230.48648569030496,231.393185939886,17.5,80.0,0.17107978400832113,-0.094342338115605,-0.17044316709334817,-0.43496035990403525,0.7406992817505564,0.3933854285926852
AAPL,2025-08-19,2025-08-20,AAPLx,overnight,35,30,228.90010929846196,228.90010929846196,231.0261574256724,204,4154.6066618228515,230.5399932861328,229.97000122070312,0.0,230.80919918725925,228.0023710537861,17.5,85.71428571428571,-0.24724216276099664,-0.8271290293106692,0.11677188729346533,-0.46523108082013875,0.9288104464984404,-1.216081570126637
AAPL,2025-08-20,2025-08-21,AAPLx,overnight,35,31,224.7590782665177,224.7590782665177,226.90685909258144,163,3717.083443187076,225.9600067138672,226.27999877929688,0.0,227.2169647082345,225.7514472147834,17.5,88.57142857142857,0.14161446978309122,-1.0817354438621973,0.5562745428481897,-0.6721409408626644,0.9555924693359641,-0.6449859478287356
AAPL,2025-08-21,2025-08-22,AAPLx,overnight,35,32,224.87203969973527,224.0650132543165,226.100629915012,195,3202.7642752853644,224.91000366210935,226.1699981689453,0.0,224.08337848347344,226.13119057611289,17.5,91.42857142857143,0.5602216381308311,0.35194989543589905,-0.3675359766912689,-0.5738862270496581,0.9084937586329334,0.9138616645725461
AAPL,2025-08-22,2025-08-25,AAPLx,weekend,131,116,227.3135203491892,226.12620805258035,228.40806218108887,1069,13129.731593126991,227.75,226.40499877929688,0.0,227.9775784168567,227.59716816203812,65.5,88.54961832061069,-0.5905603603526322,-0.2912821832212198,0.09992466162751512,0.4012815860032992,1.0091064402309113,-0.16686301234544176
AAPL,2025-08-25,2025-08-26,AAPLx,overnight,35,32,226.25034725598132,226.09596207139828,228.394941801174,257,4861.458716402655,227.1499938964844,226.8699951171875,0.0,227.53971647810656,225.6063810959711,17.5,91.42857142857143,-0.12326602985712753,-0.5666567762684593,0.17157058863921382,-0.27312904947439653,1.0168159168847835,-0.8496694168648511
AAPL,2025-08-26,2025-08-27,AAPLx,overnight,35,33,228.6513689278944,228.3929598733569,230.64681521647864,237,5480.394292256185,229.3000030517578,228.5800018310547,0.0,228.80511715014325,229.36628209288932,17.5,94.28571428571429,-0.31399965596189405,-0.06719614673126317,-0.21582463804105112,0.031221933794745027,0.986832231769097,0.24525891279687517
AAPL,2025-08-27,2025-08-28,AAPLx,overnight,35,33,231.5224489009609,230.31866363855792,232.33734773439804,314,8009.285886174578,230.44000244140625,230.80999755859372,0.0,230.49817307287336,232.2310544959535,17.5,94.28571428571429,0.16056028175124304,0.4443748140961379,0.025243287124987468,0.30867438581654305,0.8764743872463843,0.7517983331400524
AAPL,2025-08-28,2025-08-29,AAPLx,overnight,35,30,232.5453138840472,230.9564446879852,234.44800884741457,358,11418.57325383267,232.4900054931641,232.55999755859372,0.0,232.98668695266545,232.45809566966625,17.5,85.71428571428571,0.03010540830827857,-0.1894413257646388,0.2136356177753873,-0.006313929609846891,1.5117846848337058,-0.22687617473464705
AAPL,2025-08-29,2025-09-02,AAPLx,holiday,179,130,229.86997367920645,229.85257579074465,237.0137782400189,1119,43185.75171326698,232.2700042724609,229.6999969482422,0.0,232.9472166037599,229.06972437199505,89.5,72.62569832402235,-1.106474050434858,-1.3210043757628576,0.29156254309299356,0.07399944850785545,3.115563279914557,-1.6645368372700586
AAPL,2025-09-02,2025-09-03,AAPLx,overnight,35,34,238.31132819572895,233.4764576502181,238.31132819572895,479,24676.655107173156,229.7100067138672,237.1999969482422,0.0,229.0923410570804,235.98274276073397,17.5,97.14285714285714,3.260628625423667,4.024135899135772,-0.268889312060383,0.46852076803747256,2.070817158256788,3.007696229328216
AAPL,2025-09-03,2025-09-04,AAPLx,overnight,35,32,237.4224937455968,236.24589827920175,239.8382538570134,338,42945.73956972513,238.4900054931641,238.4499969482422,0.0,237.4209738403825,238.54979674574585,17.5,91.42857142857143,-0.01677577424645804,0.0006401731025285073,-0.44825008518533105,-0.43090929578347703,1.52060018987763,0.4754520576275123
AAPL,2025-09-04,2025-09-05,AAPLx,overnight,35,27,240.3599099198984,238.8236091379813,240.8269076880308,216,8794.060133371378,239.7100067138672,239.9900054931641,0.0,239.24310657909032,240.59870567265395,17.5,77.14285714285714,0.1168072969232048,0.46680690481624154,-0.19477707300479263,0.15413326316409126,0.8388193098999963,0.5666199176842301
AAPL,2025-09-05,2025-09-08,AAPLx,weekend,131,95,240.272970638863,237.87449321512565,242.5551286203308,604,34580.910091236125,239.6699981689453,239.3000030517578,0.0,240.3758378023931,239.23498709984523,65.5,72.51908396946565,-0.15437690157893424,-0.0427943026514499,0.2945047936080192,0.4065890408261996,1.9676911727446678,-0.4746112225662791
AAPL,2025-09-08,2025-09-09,AAPLx,overnight,35,33,237.47338192282768,236.93322890195347,240.2109755037747,233,8699.903086871045,237.9199981689453,237.0,0.0,237.81452247694372,236.92605482400404,17.5,94.28571428571429,-0.3866838332320599,-0.14344815891095264,-0.0443324196424566,0.19973920794416067,1.3834051969036532,-0.3735968870554607
AAPL,2025-09-09,2025-09-10,AAPLx,overnight,35,32,232.61680536334237,232.61680536334237,235.72975001503036,328,20468.381495864014,234.3500061035156,232.0249938964844,0.0,234.81167302134068,230.6044930065289,17.5,91.42857142857143,-0.9921110076712369,-0.9347353262965097,0.19699889302378093,0.2550636709086618,1.3382286145773747,-1.7917252412018692
AAPL,2025-09-10,2025-09-11,AAPLx,overnight,35,33,227.6680158514501,226.797420735871,229.3233122418684,292,21372.519040655556,226.77999877929688,226.875,0.0,225.82346640524685,228.4859444487177,17.5,94.28571428571429,0.04189135779808506,0.8168103499452739,-0.4217886847159402,0.3495386673058265,1.113721442599247,1.179008579512697
AAPL,2025-09-11,2025-09-12,AAPLx,overnight,35,34,229.26388243249056,228.73497529990195,231.46604312647256,360,26297.60664693425,230.0200042724609,230.0,0.0,230.974577500124,230.25962882726108,17.5,97.14285714285714,-0.008696753364634269,-0.7406421460528612,0.4149957438190466,-0.32005111630845073,1.1939878555913053,-0.3095356556556683
AAPL,2025-09-12,2025-09-15,AAPLx,weekend,131,125,236.43875135425225,232.5542012723549,237.2563912413052,1274,44414.66077340307,234.05999755859372,237.0,0.0,234.3921651172842,236.5685590350393,65.5,95.41984732824427,1.256089238687741,0.8731461804382334,0.14191556103360092,-0.23681377457711594,2.021975927858355,0.9285267349555371
AAPL,2025-09-15,2025-09-16,AAPLx,overnight,35,34,237.8014461807123,235.9665964387632,238.31596054430108,188,6977.951094594241,236.75999450683597,237.0,0.0,236.48293349580533,238.9474066860793,17.5,97.14285714285714,0.1013707968966493,0.557550883446889,-0.11702188606979025,0.3381629454482393,0.9956341876328212,1.0421357490127958
AAPL,2025-09-16,2025-09-17,AAPLx,overnight,35,32,238.82313006533823,237.0097497398605,239.72099069722,172,7152.85847581606,238.13999938964844,238.97000122070312,0.0,239.3644514575523,239.4495887687453,17.5,91.42857142857143,0.34853524531031077,-0.22614945072997328,0.5141732052750925,-0.06146008060201602,1.1439364668902163,0.03556806813818092
AAPL,2025-09-17,2025-09-18,AAPLx,overnight,35,35,240.3963943415467,239.2642615015681,241.13593818057984,395,13327.5958673677,238.97000122070312,239.9499969482422,0.0,239.75436969361692,238.4487987116856,17.5,100.0,0.4100915271929795,0.26778433642324906,0.32822884416749964,0.18603767409124394,0.7822633715815153,-0.5445452291858999
AAPL,2025-09-18,2025-09-19,AAPLx,overnight,35,31,240.9791178026229,236.72573767691392,240.9791178026229,279,7940.111985597623,237.8500061035156,241.1750030517578,0.0,237.1772525403864,241.47525545961676,17.5,88.57142857142857,1.3979385591418092,1.60296369972881,-0.2828478225207154,-0.08122120727945825,1.796754407631851,1.8121480340946627
AAPL,2025-09-19,2025-09-22,AAPLx,weekend,131,122,249.32276744461024,243.68008833626,249.32276744461024,1056,38472.17461422355,245.2899932861328,248.33999633789065,0.0,245.88408910317224,250.38473314278133,65.5,93.12977099236642,1.2434274268172008,1.3984956708586127,0.24220140784398936,0.39573613643064665,2.315609431560839,1.8303925463516446
AAPL,2025-09-22,2025-09-23,AAPLx,overnight,35,35,255.6072118352072,255.21096027913416,258.943339282308,405,10786.398125482236,256.0899963378906,256.5,0.0,255.70198106526976,256.8042430211378,17.5,100.0,0.16010139715429972,-0.0370623761567046,-0.1515152009721299,-0.34806556132273014,1.4624681475637225,0.4310729041972827
AAPL,2025-09-23,2025-09-24,AAPLx,overnight,35,34,255.19282695139552,252.30780956802985,256.2340477979509,250,8234.501292412155,254.52999877929688,255.0,0.0,254.37258082852543,253.8998322613462,17.5,97.14285714285714,0.18465454875935539,0.3224585449416173,-0.06184652163847559,0.07561841231196187,1.5561302825477519,-0.18584887004701178
AAPL,2025-09-24,2025-09-25,AAPLx,overnight,35,32,252.03545796269887,251.1267209529121,254.39029447097784,351,9433.227947657622,252.2400054931641,253.0,0.0,252.0217926197831,253.4383572143752,17.5,91.42857142857143,0.3012981645595936,0.005422286213319083,-0.08651001769300892,-0.3812419119767263,1.2995723854801078,0.5620801994410174
AAPL,2025-09-25,2025-09-26,AAPLx,overnight,35,35,255.12439774761305,255.12439774761305,258.43808534400904,589,9238.996650559013,256.94000244140625,254.0,0.0,256.0016750421968,256.1021850904035,17.5,100.0,-1.1442369477196124,-0.34268420096826846,-0.36519319307761755,0.4426762785878058,1.2988517075007922,0.03926148068764679
AAPL,2025-09-26,2025-09-29,AAPLx,weekend,131,113,255.2582489989107,251.4153168257535,261.3263262797635,1255,73689.69435771919,255.4600067138672,254.0,0.0,256.1089298682151,255.03103986110264,65.5,86.25954198473282,-0.5715206590057309,-0.3321558798211943,0.2540214269526553,0.49537362161837795,3.9420865757669565,-0.4208717000485418
AAPL,2025-09-29,2025-09-30,AAPLx,overnight,35,33,254.1566251508437,252.32990330880645,256.09721408012217,319,9816.899091863164,254.3500061035156,255.0,0.0,255.5223801555941,255.13149933114704,17.5,94.28571428571429,0.2555509655540744,-0.5344952578786866,0.4609294373680406,-0.3307352349632531,1.493010032467379,-0.1529732245797999
AAPL,2025-09-30,2025-10-01,AAPLx,overnight,35,34,255.4271462226807,253.3376628466208,256.4356952115449,588,13311.143671257265,254.55999755859372,255.25,0.0,255.7001755063674,256.94660423309057,17.5,97.14285714285714,0.27105690132931404,-0.10677712017443941,0.44790146083781845,0.06940106667217005,1.2228866131127836,0.48745712600894997
AAPL,2025-10-01,2025-10-02,AAPLx,overnight,35,34,256.2733276425646,256.1662800798516,258.89837481359257,323,11047.102334751413,255.41000366210935,256.5899963378906,0.0,256.44533832942994,256.1177003900461,17.5,97.14285714285714,0.4619993966024749,-0.06707499071181289,0.40536183096817613,-0.12341427952983208,1.0665317593280932,-0.1277613161222546
AAPL,2025-10-02,2025-10-03,AAPLx,overnight,35,35,255.70103237011693,255.0695417131983,259.0742289603941,394,19162.680633811335,257.1400146484375,254.6649932861328,0.0,259.0092022443677,257.4804656863831,17.5,100.0,-0.9625189473869145,-1.2772402855129483,0.7269143227224939,0.40682430302465544,1.5700374181479848,-0.5902248046547265
AAPL,2025-10-03,2025-10-06,AAPLx,weekend,131,113,259.39967654393814,256.4997219558287,263.21005015817263,1231,71279.19627287635,258.0150146484375,257.94500732421875,0.0,258.87709695140603,258.30377499562013,65.5,86.25954198473282,-0.02713304274719608,0.20186397278327828,0.3341209828982894,0.5639454838879621,2.6161151954384954,-0.22146492004795348
AAPL,2025-10-06,2025-10-07,AAPLx,overnight,35,30,256.2322185263303,254.68576041187768,258.1338137124655,284,16048.581670838998,256.6499938964844,256.82000732421875,0.0,257.0151662623875,256.58826038889595,17.5,85.71428571428571,0.06624330090689856,-0.30463094744294095,0.1422841903711003,-0.22887188736288033,1.3538461259128276,-0.16610143272857147
AAPL,2025-10-07,2025-10-08,AAPLx,overnight,35,31,252.87665225983483,252.87665225983483,257.15549803487033,259,23489.40599402594,256.489990234375,256.5299987792969,0.0,255.39910780397304,256.78083634164534,17.5,88.57142857142857,0.015598481985712453,-0.9876524494652039,-0.4253118920567345,-1.424140075954694,1.6920683411448145,0.5410075820361904
AAPL,2025-10-08,2025-10-09,AAPLx,overnight,35,32,258.7408196183431,256.7021398932753,259.57589285714283,421,8418.10814135825,258.0299987792969,257.3299865722656,0.0,259.53465295831774,256.39235032363246,17.5,91.42857142857143,-0.27129101668136313,-0.3058679567164102,0.5831314909658492,0.5482583141087849,1.1194892902187448,-1.2107449232183876
AAPL,2025-10-09,2025-10-10,AAPLx,overnight,35,29,254.8858827491708,253.0950648035652,255.39486263505512,249,5894.660049697848,253.97999572753903,255.32000732421875,0.0,253.83754695293337,255.37188484253195,17.5,82.85714285714286,0.5276051733291709,0.4129947711919213,-0.05608661193871045,-0.1700315535776542,0.9086695678064194,0.6044566329988621
AAPL,2025-10-10,2025-10-13,AAPLx,weekend,131,128,248.86424901494783,239.27981785045236,251.06133960491383,2354,135248.245368882,245.27999877929688,249.3800048828125,0.0,246.1735613754292,248.26617535739908,65.5,97.70992366412214,1.6715615312787202,1.0930043114642851,0.3643030824279858,-0.2068152449138938,4.9237423616833365,0.8500563465377642
AAPL,2025-10-13,2025-10-14,AAPLx,overnight,35,33,245.9893199161785,243.953263202963,249.39319798736588,688,20858.51167801345,247.58999633789065,246.6150054931641,0.0,249.15834620258116,246.53255430497023,17.5,94.28571428571429,-0.3937925033917655,-1.271892487127868,0.6334463782414534,-0.25370945118866617,2.2299085951873465,-1.0538647160051373
AAPL,2025-10-14,2025-10-15,AAPLx,overnight,35,35,251.25653615036163,247.14064622495036,251.25653615036163,719,102863.83746433404,247.8500061035156,249.3800048828125,0.0,247.41716891490253,249.9846370448767,17.5,100.0,0.6173083484443787,1.5517788245243525,-0.1746367472076238,0.7524786393483751,1.6654038857149223,1.0377081514732156
AAPL,2025-10-15,2025-10-16,AAPLx,overnight,35,35,250.7052175069552,250.12691178004687,252.2579608209958,948,171403.13580479217,249.42999267578125,248.2700042724609,0.0,251.13199546967084,248.17333647418,17.5,100.0,-0.4650557019532653,-0.1699416921836172,0.682356911304538,0.98087291762472,0.8519871075779673,-1.1781290512017484
AAPL,2025-10-16,2025-10-17,AAPLx,overnight,35,35,248.7423516819877,247.1980188921148,249.37222095142127,952,60633.40286015599,247.42999267578125,248.0200042724609,0.0,247.90036647092123,248.95999689191208,17.5,100.0,0.2384559730609359,0.3396466181365021,0.19010379059272164,0.2912456241768613,0.8795386261794436,0.42744205507867505
AAPL,2025-10-17,2025-10-20,AAPLx,weekend,131,125,256.6055855052275,252.37169629881072,256.8049261114599,1822,240287.42357915756,252.3000030517578,255.88499450683597,0.0,252.84264046355025,258.47814100392486,65.5,95.41984732824427,1.420924063303608,1.488255713031017,0.21507626049497297,0.2816073680992126,1.756627180331738,2.2288568613437754
AAPL,2025-10-20,2025-10-21,AAPLx,overnight,35,34,264.1188973490228,262.34378802324375,265.84830656062604,485,209026.38959272232,262.2300109863281,261.8800048828125,0.0,264.11285070939124,264.6699994578581,17.5,97.14285714285714,-0.1334729393478451,0.0022894151554320175,0.7180107707661643,0.8549306646042698,1.3358496360019734,0.21095101846442255
AAPL,2025-10-21,2025-10-22,AAPLx,overnight,35,35,263.01135046751136,261.26511866913364,267.12425230459814,484,27028.111559708006,262.8399963378906,262.7900085449219,0.0,265.13036415224155,262.71356095224746,17.5,100.0,-0.019018335742360115,-0.7992346299171671,0.8713924236274151,0.08422767814311172,2.24260079773011,-0.9115527780915844
AAPL,2025-10-22,2025-10-23,AAPLx,overnight,35,35,262.03083636244696,257.42055348303205,262.8060436594559,359,15864.63747782183,258.42999267578125,259.8900146484375,0.0,257.50088892114064,260.94132954200865,17.5,100.0,0.5649584080931191,1.7591968168675365,-0.359518546984694,0.8237414265051424,2.092097971026563,1.3360888326570564
AAPL,2025-10-23,2025-10-24,AAPLx,overnight,35,33,261.1464190698902,259.1935255580086,261.9540861994283,320,9345.655563190163,259.5799865722656,261.19000244140625,0.0,260.9545891310586,260.6390472166275,17.5,94.28571428571429,0.6202388290410088,0.07351085086122477,0.52954874408635,-0.016686462387016654,1.0650577152637286,-0.12091832356035948
AAPL,2025-10-24,2025-10-27,AAPLx,weekend,131,119,266.7903832056924,261.3167782011605,268.17353246532963,961,64645.20540449272,262.739990234375,264.8800048828125,0.0,264.6111675698571,268.803254406596,65.5,90.83969465648855,0.814499021077264,0.8235539171868034,0.7121783531364834,0.7212240590697361,2.6239242314899602,1.5842441100420324
AAPL,2025-10-27,2025-10-28,AAPLx,overnight,35,35,270.84971132736706,266.6915480306043,271.7412450300588,343,14221.530954259188,268.739990234375,269.135009765625,0.0,267.8524024921712,271.1025388334369,17.5,100.0,0.14698948634532805,1.1190151020890937,-0.33027750779840437,0.6371157595718602,1.8934597053203328,1.21340570815327
AAPL,2025-10-28,2025-10-29,AAPLx,overnight,35,35,271.4813392681833,268.30579052507034,273.0717474993036,351,19862.79283924341,269.0299987792969,269.2749938964844,0.0,269.6095829240824,271.9785051878229,17.5,100.0,0.09106609608562355,0.6942469639990456,0.2154347646788013,0.8193651180796735,1.7763153620003358,0.8786491333312663
AAPL,2025-10-29,2025-10-30,AAPLx,overnight,35,33,271.6087074526543,269.97186758015573,274.37025898189387,529,23122.547534313584,269.7300109863281,271.989990234375,0.0,269.4647956023499,272.631907507358,17.5,94.28571428571429,0.8378671842197871,0.7956185317313791,-0.09832624223325981,-0.14018265208662894,1.629203605976559,1.1753342019793278
AAPL,2025-10-30,2025-10-31,AAPLx,overnight,35,35,278.8121285296234,272.39378993256474,283.07124644001874,967,69443.781538999,271.2900085449219,276.989990234375,0.0,270.1910894971644,273.6282108943485,17.5,100.0,2.101065837265903,3.1907192233848525,-0.4050716993418191,0.6578354306979062,3.919860474828507,1.2721076048735513
AAPL,2025-10-31,2025-11-03,AAPLx,weekend,133,133,272.039832512983,271.5288056971894,276.010586430623,1125,61122.266842221885,270.25,270.4200134277344,0.0,273.37890555005794,270.3939220463956,66.5,100.0,0.0629096864882106,-0.4898231026203681,1.1577818871629786,0.5990011851255028,1.650572845089493,-1.0918850880818232
AAPL,2025-11-03,2025-11-04,AAPLx,overnight,35,35,269.07833454660715,267.2806900444321,271.8698812851112,493,24772.37905675564,269.0599975585937,268.24249267578125,0.0,270.2580369105308,270.1983591428778,17.5,100.0,-0.30383739323212033,-0.4365096325753992,0.4452684764765902,0.3115993526932259,1.7169931879164935,-0.022081773528448423
AAPL,2025-11-04,2025-11-05,AAPLx,overnight,35,35,272.01798598947346,270.6236245454585,273.63855892317383,855,53564.651007275075,270.2099914550781,268.5899963378906,0.0,271.7394944962745,270.05615888315054,17.5,100.0,-0.5995319079297734,0.10248473219367504,0.5660423705874162,1.27629088883503,1.1140691736648112,-0.6194666757014411
AAPL,2025-11-05,2025-11-06,AAPLx,overnight,35,35,271.3875331495299,271.3780119102408,274.1856256784436,398,50932.403948211,270.1099853515625,267.8900146484375,0.0,271.5956281527727,270.25157564003393,17.5,100.0,-0.821876577511782,-0.07661942302169544,0.5500140245746632,1.305580017860053,1.0345767324478228,-0.49487266119863094
AAPL,2025-11-06,2025-11-07,AAPLx,overnight,35,35,272.08229414965933,270.89734038540075,273.7958618895218,688,20840.082540655894,269.6600036621094,269.7950134277344,0.0,272.29087914267615,270.3590053111108,17.5,100.0,0.05006666312818986,-0.07660373849963653,0.9756268800853896,0.8477846543066825,1.0699704544892885,-0.709488998547414
AAPL,2025-11-07,2025-11-10,AAPLx,weekend,131,128,269.49746028698684,269.03643443739213,275.39214032617707,1660,181697.7148523429,268.4200134277344,268.95001220703125,0.26,269.4431032740992,272.0373998016743,65.5,97.70992366412214,0.19745129006170092,0.02017383715786636,0.3811525948828942,0.20355012273960416,2.362395971414055,0.9628364935123201
AAPL,2025-11-10,2025-11-11,AAPLx,overnight,35,35,269.72800138347424,265.4343481462587,270.1861608619883,341,18633.546193572784,269.3599853515625,269.8099975585937,0.0,270.1388710334924,271.73664136849,17.5,100.0,0.16706720801304975,-0.15209571597241123,0.2891616143033682,-0.03039033981743211,1.7902026429191809,0.5914625795557793
AAPL,2025-11-11,2025-11-12,AAPLx,overnight,35,35,275.9702550465488,272.3590635880352,277.4017131007676,363,18046.90139195157,275.29998779296875,275.07501220703125,0.0,276.5374652544179,274.16958587763656,17.5,100.0,-0.08172015834112534,-0.20511152344122596,0.44950145888846826,0.32545407608444155,1.8514711595424727,-0.8562598831239221
AAPL,2025-11-12,2025-11-13,AAPLx,overnight,35,35,273.8225601136632,273.0778664117805,275.25317733628015,437,15702.346618511227,273.4700012207031,274.2699890136719,0.0,273.8248933698933,275.57147560697683,17.5,100.0,0.29253219343905457,-0.0008520979233761494,0.12977370373570274,-0.16313447257489955,0.7965899811226196,0.6378464045356802
AAPL,2025-11-13,2025-11-14,AAPLx,overnight,35,35,271.2759293561177,271.2759293561177,275.438821523204,614,33008.28761081022,273.0400085449219,271.04998779296875,0.0,273.4497322260926,271.91963030834506,17.5,100.0,-0.7288385180466039,-0.7949552015569572,0.1500599429930416,0.08335789460411913,1.5345600978926122,-0.5595550982227304
AAPL,2025-11-14,2025-11-17,AAPLx,weekend,131,129,270.22676090628994,270.22676090628994,275.1605110503445,1580,175090.45913604854,272.4100036621094,268.7200012207031,0.0,273.2598583877975,269.3380260807718,65.5,98.47328244274809,-1.3545767012224874,-1.1099681817163032,0.31197632769106587,0.560717355887963,1.825781476086119,-1.435202495589405
AAPL,2025-11-17,2025-11-18,AAPLx,overnight,35,34,269.82984140465163,267.33213515420266,269.82984140465163,616,62494.21935104769,267.4599914550781,269.9150085449219,0.0,267.52602515492407,268.9004168197771,17.5,97.14285714285714,0.9179006835704939,0.8611559374058775,0.024689187899351595,-0.03155331773856407,0.9343082712477635,0.5137412945365183
AAPL,2025-11-18,2025-11-19,AAPLx,overnight,35,35,267.18346997064646,266.86838779504814,268.7671492637173,435,16209.117696704121,267.510009765625,265.5249938964844,0.0,267.9208946734611,269.1421657517216,17.5,100.0,-0.7420342404681479,-0.2752397134659468,0.15359608718794604,0.6246026220825929,0.7114973355807797,0.4558327112743621
AAPL,2025-11-19,2025-11-20,AAPLx,overnight,35,35,269.7427402464307,268.01498282105194,270.0354825442061,629,23085.72322064872,268.57000732421875,270.8099975585937,0.0,269.12384576768983,272.7238680810822,17.5,100.0,0.834043330709977,0.22996642195545203,0.206217532995967,-0.39409819496494247,0.7538756609376529,1.3376823979023733
AAPL,2025-11-20,2025-11-21,AAPLx,overnight,35,35,265.59965070136286,265.39959848606355,267.80332944283714,871,25767.772665312477,266.3800048828125,265.8800048828125,0.0,267.83850470622644,268.10955630288043,17.5,100.0,-0.1877017759722488,-0.8358969922264259,0.5475260142200122,-0.10544387554574097,0.9057025596441504,0.10119963780088614
AAPL,2025-11-21,2025-11-24,AAPLx,weekend,131,128,271.59154552598704,270.52806383328743,272.5099923412962,1849,82313.53885896048,271.489990234375,270.8999938964844,0.0,271.6792066039348,273.74395608598286,65.5,97.70992366412214,-0.2173178972017631,-0.03226639205978765,0.06969552335851503,0.25527930789357445,0.7326147535030358,0.7599954033501444
AAPL,2025-11-24,2025-11-25,AAPLx,overnight,35,33,275.195790939375,274.0522960027825,276.80580562473386,332,28177.31473602168,275.9800109863281,275.29998779296875,0.0,275.8581103711613,277.87375162863884,17.5,94.28571428571429,-0.24640306047131189,-0.24009423935194008,-0.044170088526040985,-0.03784847737520192,1.0047387531916252,0.7306804410301959
AAPL,2025-11-25,2025-11-26,AAPLx,overnight,35,32,278.0365502370954,276.8206689794218,278.4639320526606,353,25120.384474016286,276.95001220703125,276.9599914550781,0.0,278.0805996983322,278.08168566607804,17.5,91.42857142857143,0.0036032668738084084,-0.015840537342259875,0.4082279983637527,0.38870552254184343,0.5936200787669321,0.00039052265674577313
AAPL,2025-11-26,2025-11-28,AAPLx,holiday,83,75,278.8479718879438,277.4897208628426,279.4847163772923,673,38863.52529932041,277.4700012207031,277.260009765625,0.0,277.856198119788,278.0765374694629,41.5,90.36144578313252,-0.07568077779733784,0.3569377882757241,0.1391851001498745,0.5727339199263382,0.7189439335793413,0.0792997785062477
AAPL,2025-11-28,2025-12-01,AAPLx,weekend,137,124,277.40536216010094,276.8413266363523,280.75030645852,1009,63834.51664088617,277.0599975585937,278.1499938964844,0.0,278.0822061179693,277.6529691435062,68.5,90.51094890510949,0.39341527015648303,-0.24339707574860814,0.3689484474060256,-0.2677087013205348,1.411992880420776,-0.15435614542017584
AAPL,2025-12-01,2025-12-02,AAPLx,overnight,35,33,283.43613243556723,282.5500832593653,284.0076421615508,345,17123.57782278666,283.32000732421875,283.0,0.0,282.719365147325,284.27183025857454,17.5,94.28571428571429,-0.11294907381974584,0.25352606740212114,-0.2120013276035282,0.1541104012604988,0.515858599428376,0.5491187738203118
AAPL,2025-12-02,2025-12-03,AAPLx,overnight,35,34,285.8327416829462,285.3569750587293,288.1113473646125,418,20182.612397833313,286.2300109863281,286.20001220703125,0.0,286.071162742009,287.5381341524805,17.5,97.14285714285714,-0.010480654769040587,-0.08334326912838863,-0.05549671181290794,-0.128326522858202,0.9652374207135939,0.5127994714358763
AAPL,2025-12-03,2025-12-04,AAPLx,overnight,35,34,284.9137449505929,283.6753312107678,285.37398200362696,453,11050.49776706638,284.1499938964844,284.1099853515625,0.0,284.2369814050432,283.1803731279743,17.5,97.14285714285714,-0.014080079458478334,0.23809834392567453,0.030613236117305043,0.2829043822714761,0.5988010256686938,-0.3717349768653788
AAPL,2025-12-04,2025-12-05,AAPLx,overnight,35,35,280.32727993353524,279.5869198361417,281.48532748574644,391,17249.04678357179,280.6499938964844,280.5400085449219,0.0,280.58256849425743,280.2431036826514,17.5,100.0,-0.03918950791178544,-0.09098518204184725,-0.024024729625260477,-0.07582826153388345,0.6790044579758403,-0.12098570963541277
AAPL,2025-12-05,2025-12-08,AAPLx,weekend,131,113,279.2070375575066,278.78814375286856,282.2381270820107,1709,362101.3584312329,278.7900085449219,278.1684875488281,0.0,279.8746141612505,278.7168442103979,65.5,86.25954198473282,-0.22293517595469714,-0.23852702959307193,0.3890403468867154,0.3733528617242188,1.2374928441004185,-0.41367451432575697
AAPL,2025-12-08,2025-12-09,AAPLx,overnight,35,28,275.7556092737588,275.7556092737588,278.66787769343205,236,28949.80219035631,277.9599914550781,277.8900146484375,0.0,278.3133373372776,278.7483649760677,17.5,80.0,-0.02517513627565693,-0.9190102378813236,0.1271211300409636,-0.7680755918412441,1.0561048703027653,0.15630858475996767
AAPL,2025-12-09,2025-12-10,AAPLx,overnight,35,32,277.6075033597791,275.9659957814053,278.2895154154862,389,18452.375517929417,277.2300109863281,277.8699951171875,0.0,277.45279900111046,277.9818630056185,17.5,91.42857142857143,0.2308495132191668,0.0557588026596223,0.08036215631550547,-0.09446567172453069,0.8419586723001249,0.1906861298256013
AAPL,2025-12-10,2025-12-11,AAPLx,overnight,35,35,279.1106792732251,276.3776343748498,279.8556474260213,542,29960.65324491258,278.7200012207031,279.0950012207031,0.0,278.4650361992096,276.29180766250977,17.5,100.0,0.13454362742451043,0.23185786008468323,-0.0914771169549633,0.005617460883722281,1.2584278243203517,-0.780431384263669
AAPL,2025-12-11,2025-12-12,AAPLx,overnight,35,33,278.1008561630473,277.8182277894397,280.098375713299,435,13728.060286426404,278.0599975585937,277.7950134277344,0.0,278.6516149255441,278.0892331634243,17.5,94.28571428571429,-0.09529746572175535,-0.19765138007327154,0.21276608363118843,0.11009655340428193,0.8207337373080659,-0.20182253825088425
AAPL,2025-12-12,2025-12-15,AAPLx,weekend,131,116,279.0191361551333,276.26218350494526,279.16968169390094,780,38928.07259141559,278.3699951171875,280.0,0.0,277.6427649454515,276.5006709483445,65.5,88.54961832061069,0.5855533683241543,0.4957345853950912,-0.2612458901793069,-0.35030851602382285,1.052441616173505,-0.4113537758966612
AAPL,2025-12-15,2025-12-16,AAPLx,overnight,35,34,273.8576128126846,273.1170357892788,274.93399695653613,571,16300.323363402513,274.114990234375,272.82000732421875,0.0,274.4704177559791,273.5974188164879,17.5,97.14285714285714,-0.47242323706886413,-0.2232681205882603,0.1296636573214105,0.380326024708566,0.6652683389033243,-0.3180666778695773
AAPL,2025-12-16,2025-12-17,AAPLx,overnight,35,31,275.46949564593723,272.52028500379566,275.46949564593723,277,15941.382012448354,274.4700012207031,275.010009765625,0.0,274.9269800369723,275.8902562204533,17.5,88.57142857142857,0.1967459257915971,0.1973307999425744,0.1664949955320294,0.16707969310056914,1.0821985754566832,0.35037528268468954
AAPL,2025-12-17,2025-12-18,AAPLx,overnight,35,33,272.9997809736679,271.57352498867533,273.5331663655214,279,8789.755416855654,271.8599853515625,273.6050109863281,0.0,272.8914373496484,270.4927788356413,17.5,94.28571428571429,0.6418839582106983,0.03970209731449792,0.3794055961387821,-0.22120574856374642,0.7215877825085482,-0.8789790318462054
AAPL,2025-12-18,2025-12-19,AAPLx,overnight,35,34,272.14096649078766,271.0902357384513,273.4636228462016,369,18016.269111683017,272.1600036621094,272.1449890136719,0.0,272.4690826838314,272.57215183569923,17.5,97.14285714285714,-0.005516846059472336,-0.12042327511502249,0.11356518869898302,-0.0014780808196390716,0.8754970835763043,0.03782783384176369
AAPL,2025-12-19,2025-12-22,AAPLx,weekend,131,116,273.99529860551417,271.95488431634783,274.71591148556155,720,32512.46058103606,273.6700134277344,272.8599853515625,0.0,272.4443008913311,273.3154159817557,65.5,88.54961832061069,-0.29598715110443763,0.5692898361642218,-0.44787973700557426,0.4160790569892159,1.0152519143586947,0.3197406176508766
AAPL,2025-12-22,2025-12-23,AAPLx,overnight,35,35,271.8214787272083,271.64089436025466,272.97385783562163,290,6777.727921209687,270.82000732421875,270.3599853515625,0.0,271.9070929049134,271.38141256414224,17.5,100.0,-0.16986262470095603,-0.03148655549601864,0.40140519581082224,0.5405731080157183,0.49070795415626645,-0.19333086722933546
AAPL,2025-12-23,2025-12-24,AAPLx,overnight,35,35,273.20984361069134,271.7294326905261,273.42680374519654,281,13984.120534447771,272.239990234375,273.25,0.0,272.6643486165024,274.1924183939217,17.5,100.0,0.370999780287784,0.2000609896221306,0.15587657851519054,-0.014695842381939883,0.6246548406125596,0.5604215531559875
AAPL,2025-12-24,2025-12-26,AAPLx,holiday,89,86,276.028459144831,273.3842331637722,276.028459144831,1220,35897.08354292798,275.3550109863281,274.25,0.0,274.7171832197545,274.4387600088149,44.5,96.62921348314607,-0.40130411368579644,0.47731849522771874,-0.23163833637489528,0.6484810008499542,0.9672196345993367,-0.10134903382321703
AAPL,2025-12-26,2025-12-29,AAPLx,weekend,131,126,272.1700566897363,272.1700566897363,275.6094861081808,1096,34904.70257524724,273.25,272.5,0.0,274.2516876068648,273.64547279147376,65.5,96.18320610687023,-0.2744739249771255,-0.759022099478357,0.3665828387428238,-0.12108011385822959,1.2637060300741743,-0.2210432397630302
AAPL,2025-12-29,2025-12-30,AAPLx,overnight,35,33,274.4478326967198,272.66115552162347,274.7174930181433,179,3855.42201084151,273.79901123046875,274.0,0.0,273.002642328067,273.8934423393024,17.5,94.28571428571429,0.07340741247676696,0.5293686377277229,-0.2908589402214501,0.16344259004372752,0.7541732494259712,0.3262972122317187
AAPL,2025-12-30,2025-12-31,AAPLx,overnight,35,31,274.2850519317024,272.30950297753805,274.2850519317024,138,4316.5234630526265,272.989990234375,273.3599853515625,0.0,272.8382868140995,273.77334506455145,17.5,88.57142857142857,0.1355343164303635,0.5302646979999048,-0.05557105597361334,0.33840599565082563,0.7254792552455758,0.34271518904862575
AAPL,2025-12-31,2026-01-02,AAPLx,holiday,83,69,274.3856964993,272.07291422858185,275.76267389402096,465,15234.726335234196,271.8399963378906,272.0,0.0,272.1195697987009,275.7467522581039,41.5,83.13253012048193,0.058859499803154414,0.8327687355508706,0.10284485895253326,0.8770943012132548,1.3561657454586484,1.33293701077295
AAPL,2026-01-02,2026-01-05,AAPLx,weekend,131,113,271.35375538780033,269.88164893441484,273.77495311500945,894,53439.86212803201,270.9800109863281,270.7149963378906,0.0,270.52692072307906,270.251921540473,65.5,86.25954198473282,-0.09779859683114456,0.30563858950203304,-0.16720431208187003,0.23595259167410454,1.442596855312961,-0.10165316703824034
AAPL,2026-01-05,2026-01-06,AAPLx,overnight,35,31,267.21820929610686,266.4111263750443,268.1548344927069,310,14988.015155029712,267.260009765625,267.00799560546875,0.0,267.6682477209412,265.9357656728323,17.5,88.57142857142857,-0.09429549911984525,-0.16813291403302566,0.15274936032301234,0.07872936170372213,0.6545177528388457,-0.6472497439872438
AAPL,2026-01-06,2026-01-07,AAPLx,overnight,35,34,262.3816292520869,262.06690884165255,263.84287531780234,396,9323.251602499007,262.42498779296875,263.2699890136719,0.0,263.2724376094942,263.2894176173346,17.5,97.14285714285714,0.32199724112009775,-0.338359900297891,0.322930306162017,-0.337432977041241,0.6776767368301684,0.006449595709523415
AAPL,2026-01-07,2026-01-08,AAPLx,overnight,35,34,258.80502990769884,258.80502990769884,263.0310041640646,474,33515.13589371767,260.3599853515625,256.375,0.0,261.4760373616168,257.78412146029456,17.5,97.14285714285714,-1.530567512585157,-1.021511370934547,0.4286572717951742,0.947841992276488,1.6328794915125622,-1.4119519090831312
AAPL,2026-01-08,2026-01-09,AAPLx,overnight,35,33,258.40747704644576,258.40747704644576,261.9989401378197,536,42055.895150238735,259.0599975585937,259.07501220703125,0.0,258.76506432909764,257.8171220419899,17.5,94.28571428571429,0.005795818952769594,-0.13818993826658632,-0.11384746092624187,-0.2576609588469503,1.389844880815283,-0.366333179312861
AAPL,2026-01-09,2026-01-12,AAPLx,weekend,131,109,258.6019236384051,257.81613255605816,262.9037670885604,1018,53065.615915142465,259.3500061035156,259.4100036621094,0.0,259.32991249137643,259.1469514074852,65.5,83.20610687022901,0.02313381807663717,-0.2807191989453006,-0.007747681382808125,-0.3115068857393988,1.973357711196,-0.07055147712562437
AAPL,2026-01-12,2026-01-13,AAPLx,overnight,35,31,260.4375900588805,259.79450052241424,262.645081147794,394,43694.357135868864,260.2099914550781,258.8999938964844,0.0,260.3331246604588,260.93553461730994,17.5,88.57142857142857,-0.50343860789831,0.040127585975846536,0.04732070613127082,0.5938957893567576,1.0972444065011189,0.231399656742437
AAPL,2026-01-13,2026-01-14,AAPLx,overnight,35,33,261.1850386891905,259.3465342968339,263.4389620790235,501,50922.03527363118,261.04998779296875,259.489990234375,0.0,260.11398923504265,260.4168416778716,17.5,94.28571428571429,-0.5975857619388014,0.4117615731847657,-0.35855146588569253,0.6532230600820199,1.577976660951097,0.11643066323330231
AAPL,2026-01-14,2026-01-15,AAPLx,overnight,35,29,260.7620336236215,258.891259733605,260.7620336236215,146,3654.473588072273,259.95001220703125,260.6499938964844,0.0,259.9845167659678,260.8577746182413,17.5,82.85714285714286,0.26927549781980975,0.2990627547076574,0.013273536186275692,0.04298474189936563,0.7226099065458902,0.33588840717757584
AAPL,2026-01-15,2026-01-16,AAPLx,overnight,35,26,257.904946292796,257.7146575726297,259.36936825576936,109,9152.7995757432,258.3299865722656,257.8800048828125,0.0,257.75971190888305,257.94302947723685,17.5,74.28571428571429,-0.1741887170838563,0.05634487361791951,-0.220754342517282,0.00967171145931367,0.6420708463868996,0.07111955821033078
AAPL,2026-01-16,2026-01-20,AAPLx,holiday,179,140,252.6894130531272,251.38254313050084,257.0184195555525,847,71996.55128627585,255.47999572753903,252.50999450683597,0.0,256.0418567473973,253.447897398641,89.5,78.2122905027933,-1.1625181111520333,-1.3093342381036877,0.21992368453671585,0.07105403754081863,2.241952187636942,-1.0130997258449792
AAPL,2026-01-20,2026-01-21,AAPLx,overnight,35,34,247.9474035958096,245.26099598159337,248.0810371472511,309,13511.158089099556,246.69000244140625,248.7100067138672,0.0,245.08553054081375,247.09156987102605,17.5,97.14285714285714,0.8188431847540034,1.1677038006612461,-0.650400050554778,-0.30662341581412234,1.1498123272195127,0.8185058194931871
AAPL,2026-01-21,2026-01-22,AAPLx,overnight,35,29,249.0728900115643,247.44252567186027,250.253555351704,221,33010.28717247268,247.6300048828125,249.1999969482422,0.0,247.97159422652783,249.7392123287724,17.5,82.85714285714286,0.6340072020645016,0.444121750505988,0.13794343858974933,-0.05100599447610543,1.136033376725032,0.7128308820040896
AAPL,2026-01-22,2026-01-23,AAPLx,overnight,35,27,248.1639450811732,248.1639450811732,250.5105050710926,158,32328.84267368792,248.3600006103516,245.75,0.0,248.85589239684649,247.08738025232535,17.5,77.14285714285714,-1.0508941069163447,-0.2780514091946129,0.19966652652450012,0.9822767369982444,0.9455684584446233,-0.7106571307143983
AAPL,2026-01-23,2026-01-26,AAPLx,weekend,131,105,251.89001185203827,247.10986413944363,251.89001185203827,689,71383.21223304974,247.97000122070312,251.47999572753903,0.0,248.7099165253792,252.53985311465732,65.5,80.1526717557252,1.4154915875133955,1.2786363210147922,0.2983890394135047,0.16304124839554568,1.9344220552431013,1.539921142986378
AAPL,2026-01-26,2026-01-27,AAPLx,overnight,35,33,259.4277955679217,255.77543657920413,259.4277955679217,465,30731.139971749784,255.4199981689453,259.1400146484375,0.0,256.0860492760217,260.48923247270505,17.5,94.28571428571429,1.4564311745987935,1.3049310188303576,0.2607670158371267,0.11105228957968283,1.4279553336180362,1.7194154891028157
AAPL,2026-01-27,2026-01-28,AAPLx,overnight,35,35,256.90067994321817,256.90067994321817,259.37345016717137,462,21718.243037473705,258.2699890136719,257.5599975585937,0.0,258.9876921896777,255.68472722576712,17.5,100.0,-0.2749028091841521,-0.8058345278165069,0.27788872363634365,-0.25598603107049867,0.9625393846757202,-1.2753366524813736
AAPL,2026-01-28,2026-01-29,AAPLx,overnight,35,33,257.9079735170352,256.10332430353634,258.2941413060305,344,33590.11562419394,256.44000244140625,258.07000732421875,0.0,256.43933154489224,257.7747534946849,17.5,94.28571428571429,0.6356281653775664,0.5727054283347632,-0.00026161929013168717,-0.06278676428290719,0.8554426259213876,0.5207555103764916
AAPL,2026-01-29,2026-01-30,AAPLx,overnight,35,35,257.4365940590576,256.2205695332944,261.7662549349741,1652,562876.8333612765,258.17498779296875,255.1649932861328,0.0,258.79434636984735,254.9651050867705,17.5,100.0,-1.1658737868323832,-0.5246452752292186,0.23989875323446874,0.8902478132560621,2.1644184976175707,-1.4796464207160076
AAPL,2026-01-30,2026-02-02,AAPLx,weekend,131,130,258.89181806407873,256.6661366375632,260.9138517037733,2318,137862.289787745,259.4800109863281,260.0199890136719,0.0,260.5398911316459,261.29324365072534,65.5,99.23664122137404,0.20810004797333637,-0.6325607416234114,0.4084631187153853,-0.43387854675043247,1.6549573394671224,0.28915054650835437
AAPL,2026-02-02,2026-02-03,AAPLx,overnight,35,34,268.7197399390804,267.3389514194528,269.9628030012414,369,8463.216169093344,269.9599914550781,269.1300048828125,0.0,269.7348316355507,269.70162353835343,17.5,97.14285714285714,-0.3074479917531514,-0.3763294826683028,-0.0834048846697022,-0.15244117574728655,0.9814699907578328,-0.012311386332974905
AAPL,2026-02-03,2026-02-04,AAPLx,overnight,35,35,271.4017756486693,267.3133716806081,271.4017756486693,520,66436.5808456496,269.4599914550781,272.3099975585937,0.0,269.52320807229574,275.4019084966542,17.5,100.0,1.057673195981934,0.6969965925418986,0.023460483642212537,-0.3335249965359721,1.529442370337586,2.1811481342940864
AAPL,2026-02-04,2026-02-05,AAPLx,overnight,35,35,276.9410349619974,273.7706562875444,276.9410349619974,814,22150.711569560262,276.4599914550781,278.0199890136719,0.0,277.3180958426792,275.42641855591387,17.5,100.0,0.5642760640999445,-0.13596692258255327,0.31039007962225806,-0.3880850637762667,1.158041814066113,-0.6821326538454575
AAPL,2026-02-05,2026-02-06,AAPLx,overnight,35,35,276.0528896263593,273.91166366169153,276.4058106610673,748,35612.467407268996,275.9200134277344,277.1600036621094,0.0,275.94876429421106,278.6827711850145,17.5,100.0,0.449402063652693,0.03773357435195024,0.01042000039050972,-0.39944942312087894,0.910566189856099,0.9907661292835046
AAPL,2026-02-06,2026-02-09,AAPLx,weekend,131,126,277.99600653871283,276.12666960659703,278.72274077428705,1384,32785.47227970893,278.0799865722656,277.9049987792969,0.26,278.6329837597634,275.0530824443997,65.5,96.18320610687023,-0.06292714377821307,-0.22860797471120353,0.19886263456578845,0.032747795043519545,0.9401740047017881,-1.2848088790702206
AAPL,2026-02-09,2026-02-10,AAPLx,overnight,35,35,274.4395224963838,272.4748394147414,275.3912032790943,399,19180.189902278053,274.5400085449219,274.885009765625,0.0,274.6025292383631,274.5736822880432,17.5,100.0,0.12566518903078805,-0.05936097618307601,0.022772889741129454,-0.16206313673525763,1.0703240969394123,-0.010504983475545515
AAPL,2026-02-10,2026-02-11,AAPLx,overnight,35,34,274.5342597518557,273.22760419637274,275.3223339427298,271,9493.902168686423,273.7900085449219,274.69500732421875,0.0,273.27086118679506,275.9972852743302,17.5,97.14285714285714,0.3305448522780585,0.46232465458402316,-0.18961515830540066,-0.05851856352573348,0.7666610965309184,0.9977002581594174
AAPL,2026-02-11,2026-02-12,AAPLx,overnight,35,33,274.6705838309965,274.07785287329256,276.91583699617775,248,8990.797198998229,275.5400085449219,275.6000061035156,0.0,276.43325588677266,272.9862382346428,17.5,94.28571428571429,0.021774536086649476,-0.6376483358059182,0.32418063226746785,-0.337235940470193,1.035466416980868,-1.2469619985019942
AAPL,2026-02-12,2026-02-13,AAPLx,overnight,35,35,262.7620952769456,261.0166926283099,262.98157097627586,369,30246.30941569261,261.5899963378906,262.010009765625,0.0,261.85903540962283,261.13191752365776,17.5,100.0,0.1605617315701302,0.3448648872895088,0.10284761477832305,0.2870445720731807,0.7527788081982845,-0.27767530909431626
AAPL,2026-02-13,2026-02-17,AAPLx,holiday,179,174,257.7357766473276,254.2419414524028,258.8923349368611,1475,54846.150037631254,255.82000732421875,258.04998779296875,0.0,256.8789787078283,258.079793688934,89.5,97.20670391061452,0.871699009031679,0.33354147692785663,0.4139517446997143,-0.12176367390229759,1.8291212920622302,0.4674633117688787
AAPL,2026-02-17,2026-02-18,AAPLx,overnight,35,33,264.56490871352645,263.91160106355807,266.6880586151659,317,56903.417962890315,263.75,263.5,0.0,263.9727550020256,263.89353605577304,17.5,94.28571428571429,-0.09478672985782088,0.22432379868000396,0.08445687280591585,0.4041399292320502,1.0520407365264717,-0.030010273693581446
AAPL,2026-02-18,2026-02-19,AAPLx,overnight,35,35,264.0335309252547,263.15030496470047,265.27125394072226,165,6698.957469908547,264.32000732421875,262.6000061035156,0.0,264.8439824036457,264.0604762728771,17.5,100.0,-0.6507268360481544,-0.3060109091532315,0.1982351183821951,0.545896720647443,0.8059838563768018,-0.29583686352159244
AAPL,2026-02-19,2026-02-20,AAPLx,overnight,35,30,261.7403765316507,260.2488856258409,262.42546916919235,250,12963.56063129467,260.510009765625,258.9549865722656,0.0,262.1826509014679,259.96244969775285,17.5,85.71428571428571,-0.5969149495477666,-0.16868941110196323,0.6420640563284952,1.075627079537922,0.8363469215698194,-0.8468146904767826
AAPL,2026-02-20,2026-02-23,AAPLx,weekend,131,129,263.9880830569943,262.99261999375415,266.1277428425183,848,28447.212379756562,264.5899963378906,263.489990234375,0.0,264.52203429677525,265.48327807770613,65.5,98.47328244274809,-0.41573986875561575,-0.2018551086681475,-0.025685793890928288,0.1890367152756811,1.1920953709037896,0.3633889265543866
AAPL,2026-02-23,2026-02-24,AAPLx,overnight,35,34,268.18994860773915,266.8260215326918,268.40544043050915,247,4745.151103512786,266.3900146484375,268.0,0.0,266.76773144970343,271.726499034762,17.5,97.14285714285714,0.6043715090774837,0.5331293819934357,0.1417909007454421,0.07087634617133354,0.5919283616885984,1.8588333596837314
AAPL,2026-02-24,2026-02-25,AAPLx,overnight,35,34,272.3237818120337,270.8388210829849,273.33083842220776,348,12568.589778331281,272.1700134277344,271.67999267578125,0.0,272.5837497801453,273.20334237502914,17.5,97.14285714285714,-0.180042152984361,-0.09537177778252692,0.15201393687727105,0.23696597232345518,0.9201108353884324,0.2273035701444437
AAPL,2026-02-25,2026-02-26,AAPLx,overnight,35,34,274.859854412368,272.1919901917136,275.65303312034865,492,48293.06028507775,274.17999267578125,274.9549865722656,0.0,274.47684878219985,274.95963083531313,17.5,97.14285714285714,0.28265880705629076,0.13954023148672334,0.10827052095285783,-0.0345991760628106,1.2715447380348355,0.17589172101593054
AAPL,2026-02-26,2026-02-27,AAPLx,overnight,35,34,272.5406671296768,271.9832983945016,274.391299251732,336,13697.441945861186,272.989990234375,272.8099975585937,0.0,272.6451792095931,271.4515532329132,17.5,97.14285714285714,-0.06593380058615983,-0.038332634458915216,-0.1263090359048924,-0.09872454504128436,0.8853487958432105,-0.4377946384895637
AAPL,2026-02-27,2026-03-02,AAPLx,weekend,131,127,262.1062919976612,259.7046923076923,266.7498462171153,1591,68484.07934628773,264.1700134277344,262.44000244140625,0.0,266.684681776031,264.28963394989813,65.5,96.94656488549619,-0.6548854519407343,-1.7167801869531152,0.9519128668949328,-0.1271568513338872,2.7127557252897283,-0.8980822633616103
AAPL,2026-03-02,2026-03-03,AAPLx,overnight,35,34,263.8644069464022,262.3286629705955,265.47801264551424,348,11466.055393609713,264.6000061035156,263.4800109863281,0.0,264.76706040313246,263.7478150777241,17.5,97.14285714285714,-0.42327856816047893,-0.34092362371508367,0.06313465448353206,0.14589188706768397,1.2005358618672135,-0.3849592633828558
AAPL,2026-03-03,2026-03-04,AAPLx,overnight,35,35,264.1685258328964,262.72156654988186,264.3846524910824,550,11237.73636811148,263.7099914550781,264.6499938964844,0.0,263.27725123040307,263.88498108565693,17.5,100.0,0.35645310070338,0.3385308067172854,-0.16409701516704178,-0.18192634600108226,0.6330222383493567,0.23083264976890838
AAPL,2026-03-04,2026-03-05,AAPLx,overnight,35,35,262.483496895402,262.25800136202355,265.13111704710985,476,30321.24342686896,262.45001220703125,260.7449951171875,0.0,263.7100526893728,261.39151627439225,17.5,100.0,-0.6496540333550294,-0.46511529669122087,0.4801068484415083,0.6667440644194,1.0955302298366165,-0.8791991019438172
AAPL,2026-03-05,2026-03-06,AAPLx,overnight,35,34,258.9540441725844,258.9540441725844,261.2659314784243,296,6952.773866059147,260.3099975585937,258.739990234375,0.0,259.97953780480617,257.2959411350382,17.5,97.14285714285714,-0.6031298601450352,-0.3944516714202706,-0.12694854476849038,0.08272936008675291,0.8927789922057006,-1.0322338028705969
AAPL,2026-03-06,2026-03-09,AAPLx,weekend,129,117,256.2505729706328,254.19679481091464,258.3991218101694,1329,81764.3535120247,257.5350036621094,255.69000244140625,0.0,257.5229903493678,255.96375857747609,64.5,90.69767441860465,-0.7164079424029635,-0.49409855679632964,-0.004664730064174449,0.21923834482147075,1.653178594317306,-0.6054728433280365
AAPL,2026-03-09,2026-03-10,AAPLx,overnight,35,34,258.63666177093245,258.63666177093245,261.0117508365713,523,89928.57634956753,259.8900146484375,257.69500732421875,0.0,260.16963532514296,258.83243626471585,17.5,97.14285714285714,-0.8445908655582701,-0.5892207798556925,0.10759192771747639,0.3654143153533962,0.9183110582143383,-0.5139719932174103
AAPL,2026-03-10,2026-03-11,AAPLx,overnight,35,33,262.53007965863367,260.75552973409003,262.75040315441345,417,419515.43318881514,260.7200012207031,261.2099914550781,0.0,260.9147963103943,261.49403879926643,17.5,94.28571428571429,0.187937339705746,0.619084609643128,0.07471428688983206,0.5053743144364242,0.7650359025397124,0.22200446163391785
AAPL,2026-03-11,2026-03-12,AAPLx,overnight,35,33,259.52482214111825,258.2571762437502,261.6516523920626,366,26466.72352738846,260.8099975585937,258.6400146484375,0.0,260.6672697839232,257.69617042319686,17.5,94.28571428571429,-0.8320167671749923,-0.43827813279049277,-0.05472480963404358,0.3421000009930619,1.3143782479479116,-1.1398053016741128
AAPL,2026-03-12,2026-03-13,AAPLx,overnight,35,34,257.0160155753258,255.8640258970617,257.2133875135277,465,15433.531774655134,255.75,255.3999938964844,0.0,256.63993933027206,255.8894372622966,17.5,97.14285714285714,-0.136854781433271,0.1465384717730167,0.3479723676528046,0.6327414712062884,0.5273744957835058,-0.2924338549697092
AAPL,2026-03-13,2026-03-16,AAPLx,weekend,131,125,251.43758211906007,250.62694228520755,252.81307421465988,1023,59299.6450719803,250.1150054931641,252.10499572753903,0.0,251.1566873045641,252.94650237700736,65.5,95.41984732824427,0.7956300864281118,0.1118404680005014,0.41648113408712106,-0.2647363676998582,0.8722653316994844,0.7126288738921183
AAPL,2026-03-16,2026-03-17,AAPLx,overnight,35,35,253.5296575541908,252.1818459931316,253.71873091542463,547,45036.959653766724,252.77999877929688,253.07850646972656,0.0,253.8024914284638,254.38144868421557,17.5,100.0,0.11808991687285442,-0.10749850119178284,0.4044990324015618,0.17826527062985154,0.6094351939730513,0.22811330672651842
AAPL,2026-03-17,2026-03-18,AAPLx,overnight,35,35,253.80889177973,253.7911296178804,255.3961825939672,594,81544.10467999785,254.22999572753903,252.625,0.0,254.61324458861048,254.1298507418545,17.5,100.0,-0.631316427845563,-0.3159116133884199,0.15074887602255505,0.4686360335398376,0.6324306836505533,-0.1898541639249851
AAPL,2026-03-18,2026-03-19,AAPLx,overnight,35,35,250.47846633440352,249.8606625909952,251.9529838486281,464,37065.273873308426,249.91000366210935,249.3999938964844,0.0,250.59089547909076,250.383221383272,17.5,100.0,-0.20407737111416413,-0.04486561432022196,0.2724548065318855,0.43242681006909756,0.8373952249770111,-0.08287375940843056
AAPL,2026-03-19,2026-03-20,AAPLx,overnight,35,35,249.22552501651452,248.4428281171458,251.4222160594785,223,12280.636771349838,248.9069976806641,248.1100006103516,0.0,249.4051323831337,248.10035913822887,17.5,100.0,-0.32019873998682113,-0.07201430255382446,0.20012884615991933,0.4496088039251722,1.1992247733260575,-0.5231541277588625
AAPL,2026-03-20,2026-03-23,AAPLx,weekend,131,129,253.1294564276685,246.41334079171227,253.1294564276685,1422,113307.2562662561,248.19000244140625,253.9900054931641,0.0,248.022464028386,253.0344573486084,65.5,98.47328244274809,2.3369205023184403,2.05908461529436,-0.06750409419081782,-0.3388121764180019,2.72554871192352,2.020782004507793
AAPL,2026-03-23,2026-03-24,AAPLx,overnight,35,33,251.1047514470401,250.98115070531637,252.6053745797853,192,10318.129141259562,251.44000244140625,250.4900054931641,0.0,252.61973156793331,250.03428941698817,17.5,94.28571428571429,-0.3778225179040584,-0.5997077550079721,0.46918911671660624,0.24541735813599086,0.6471497440761809,-1.0234521804366126
AAPL,2026-03-24,2026-03-25,AAPLx,overnight,35,35,253.9085174478984,253.0540500346643,254.74076287960253,549,119229.15915515152,251.75,254.0200042724609,0.0,252.50280483706413,253.39581501644244,17.5,100.0,0.9016898798255735,0.5567116815757167,0.2990287336898323,-0.04388899405062263,0.6665425211361597,0.3536634691858387
AAPL,2026-03-25,2026-03-26,AAPLx,overnight,35,34,253.514568785886,252.68250271092023,254.137576180211,332,26735.848379938914,252.57000732421875,251.9949951171875,0.0,252.92492238249076,252.6005306709888,17.5,97.14285714285714,-0.2276644852344356,0.2331310010262877,0.1405214585975756,0.6030174004018729,0.5758505055474483,-0.12825612772607853
AAPL,2026-03-26,2026-03-27,AAPLx,overnight,35,35,254.02198689687825,252.58013623895943,255.3641680748193,489,63989.833870308794,252.8800048828125,253.91000366210935,0.0,253.8676458875512,254.50047532030416,17.5,100.0,0.40730732339797626,0.06079585635556661,0.3905571756044335,0.0441035142978885,1.102237047344845,0.2492753381552415
AAPL,2026-03-27,2026-03-30,AAPLx,weekend,131,130,250.1235231528977,247.1961964515571,250.1235231528977,1371,103082.35489462774,248.6199951171875,249.9949951171875,0.0,249.09298484260896,248.7004531761569,65.5,99.23664122137404,0.553052862603387,0.41371631197879566,0.19024605209188028,0.05141224353308882,1.1842118703125903,-0.15758439231039478
AAPL,2026-03-30,2026-03-31,AAPLx,overnight,35,35,248.29079709736965,246.48836629270548,248.9342894416769,389,30745.32117560541,246.5399932861328,247.88999938964844,0.0,246.62695531809536,248.4587886513274,17.5,100.0,0.5475809768311413,0.6746390625178345,0.035272991940749066,0.16168369385938242,0.9923077448884099,0.7427547126263478
AAPL,2026-03-31,2026-04-01,AAPLx,overnight,35,35,255.34466208157377,253.30742370472936,255.6187540286905,386,20163.76214818897,253.7899932861328,254.3000030517578,0.0,254.55444673057303,255.760561537672,17.5,100.0,0.20095739750070063,0.31043077862125124,0.3012149669661568,0.41079788331868095,0.9124605549087006,0.47381407890922933
AAPL,2026-04-01,2026-04-02,AAPLx,overnight,35,34,253.55121237567843,253.40524233815063,256.1194566889848,401,30345.50081560503,255.69000244140625,254.13999938964844,0.0,255.9184510212989,252.5913136621198,17.5,97.14285714285714,-0.6062040114818368,-0.9249972544665974,0.08934591799105718,-0.23167821491463236,1.0710963695108822,-1.3000771714198112
AAPL,2026-04-02,2026-04-06,AAPLx,holiday,179,175,256.6729100083333,254.82966011479448,256.7702213439651,1771,119506.58059947286,255.88999938964844,256.9624938964844,0.0,256.1140507854957,258.53388526438323,89.5,97.76536312849161,0.41912325975772546,0.21820717025231584,0.08755769916044542,-0.11269500220049133,0.761513094000299,0.9448269126453468
AAPL,2026-04-06,2026-04-07,AAPLx,overnight,35,35,258.1021398893194,257.21734191496176,260.0181119040287,473,38577.70699783586,258.8869934082031,254.25,0.0,259.2401160108972,253.4726654212936,17.5,100.0,-1.7911264475506838,-0.43896605937716604,0.13640028726251696,1.5150992681688846,1.0888729228812455,-2.2247523563680205
AAPL,2026-04-07,2026-04-08,AAPLx,overnight,35,35,259.4598678791816,253.43611357406505,260.3452163186934,930,187188.21071887467,253.4900054931641,258.510009765625,0.0,253.19543474662143,257.8997105119889,17.5,100.0,1.980355897146513,2.474149322174446,-0.11620605947345597,0.3674357191885136,2.726171360187468,1.8579623167673587
AAPL,2026-04-08,2026-04-09,AAPLx,overnight,35,35,258.9533430651777,257.7247627301613,259.079448926278,326,17441.32979828843,258.92999267578125,259.3699951171875,0.0,258.61740949402974,257.88488939413463,17.5,100.0,0.1699310446268809,0.12989596168533346,-0.12072111790576434,-0.16064003541409466,0.5256329200834742,-0.2832446977673486
AAPL,2026-04-09,2026-04-10,AAPLx,overnight,35,34,259.8146113008091,258.7710480898877,260.7329868760972,390,31919.378331520747,260.3900146484375,259.95001220703125,0.0,260.68577163862915,260.3578015320984,17.5,97.14285714285714,-0.16897823136586831,-0.33418024019650217,0.11358230867299923,-0.05208728596417522,0.7581755380640542,-0.1258105129670839
AAPL,2026-04-10,2026-04-13,AAPLx,weekend,131,129,259.95054777197635,258.2241615792036,261.6875055075438,1512,162070.96243885782,260.3800048828125,259.8599853515625,0.0,259.95801240965915,258.5529675225844,65.5,98.47328244274809,-0.19971561621409117,-0.0028714782105088155,-0.16206792581606733,0.03485046775912881,1.3412160609447499,-0.5404891636348386
AAPL,2026-04-13,2026-04-14,AAPLx,overnight,35,35,259.9870185219255,258.2131497644871,259.9870185219255,348,16022.991798581537,259.2099914550781,259.1000061035156,0.0,259.3181437620136,260.7420824227013,17.5,100.0,-0.042430984602526145,0.25793596630312443,0.04172381871869746,0.34234365014083057,0.6869784745882512,0.5491087665637773
AAPL,2026-04-14,2026-04-15,AAPLx,overnight,35,33,258.9145801789919,258.5774494757219,260.46005203710763,334,46059.763377473835,258.8550109863281,258.0950012207031,0.0,258.73521278102254,259.8493975630277,17.5,94.28571428571429,-0.2936044246271696,0.06932469532903163,-0.046280041034985064,0.3175493343197111,0.7280613855550122,0.4306274240870822
AAPL,2026-04-15,2026-04-16,AAPLx,overnight,35,35,267.0792303566355,265.8784098129256,268.62733370060016,357,40670.07314849048,266.3699951171875,266.79998779296875,0.0,266.2422051819935,264.36335473231014,17.5,100.0,0.16142684373743332,0.31438485647676817,-0.04797459831682449,0.10466363434897819,1.033902636024009,-0.7056921904620705
AAPL,2026-04-16,2026-04-17,AAPLx,overnight,35,35,267.2800328646835,263.61518310621426,268.7418895624804,502,75808.77589818081,263.3599853515625,267.0979919433594,0.0,264.5427787655712,268.7998236783893,17.5,100.0,1.419352521153483,1.034711327931559,0.4491166007735581,0.06815510667064206,1.9447690363876058,1.609208511637572
AAPL,2026-04-17,2026-04-20,AAPLx,weekend,131,113,271.08766218580973,268.62843013868826,271.27387814958007,903,69456.40165315673,270.1849975585937,270.3299865722656,0.0,271.17832799962474,272.81661364302425,65.5,86.25954198473282,0.05366286617765059,-0.033434019039724205,0.3676482595284192,0.2802780494873369,0.9847982246428799,0.6041359040320327
AAPL,2026-04-20,2026-04-21,AAPLx,overnight,35,29,271.23339325027774,262.653284,273.6152421052631,149,10281.035302628738,272.92999267578125,271.44500732421875,0.0,,271.4080577434105,17.5,82.85714285714286,-0.544090203133718,,,-0.07795835923710692,4.173546943073103,
AAPL,2026-04-21,2026-04-22,AAPLx,overnight,35,35,267.4551530268725,266.43619750167903,269.3791881035932,388,35068.45053742532,266.2200012207031,267.82000732421875,0.0,266.746818768156,268.8519262679915,17.5,100.0,0.6010089761021353,0.2655455318971045,0.19788804185907338,-0.1362311580047737,1.1045761159744982,0.7891781088737782
AAPL,2026-04-22,2026-04-23,AAPLx,overnight,35,33,274.3758004918104,271.9594590562912,274.3758004918104,261,30370.225835034777,273.19000244140625,275.0450134277344,0.0,272.7301244459845,274.90440568338585,17.5,94.28571428571429,0.6790186206488302,0.603408240717429,-0.16833631952560824,-0.24331033221941523,0.8884932496571407,0.7972281176559237
AAPL,2026-04-23,2026-04-24,AAPLx,overnight,35,28,272.2941804693204,272.2941804693204,273.78378179385874,176,8417.0941254955,273.44000244140625,272.760009765625,0.0,274.19025662634505,271.91162376620696,17.5,80.0,-0.2486807598412577,-0.6915184297042853,0.2743761623172025,-0.17078357516736586,0.5470558797734393,-0.8310407846633727
AAPL,2026-04-24,2026-04-27,AAPLx,weekend,131,127,267.16785618977514,267.16785618977514,272.455926824584,1127,179142.1754482836,271.0599975585937,266.0899963378906,0.0,271.69701834303424,267.1421111797269,65.5,96.94656488549619,-1.8335428559976719,-1.666990010004732,0.23501099025238226,0.40507342129307844,1.9793064593266907,-1.6764656421648705
AAPL,2026-04-27,2026-04-28,AAPLx,overnight,35,33,271.2256459032919,267.3482746098388,271.2256459032919,301,45709.96570395204,267.67999267578125,272.3349914550781,0.0,268.3176360772193,270.7965392742963,17.5,94.28571428571429,1.739016327953613,1.0837937709154977,0.23821107997801239,-0.4073459476723995,1.4503072066246236,0.9238689015446111
AAPL,2026-04-28,2026-04-29,AAPLx,overnight,35,34,268.66884643144203,268.66884643144203,271.9352109589041,402,26407.50782000221,270.760009765625,267.54998779296875,0.0,271.101173121894,269.1027635132587,17.5,97.14285714285714,-1.1855598525922995,-0.8972025692261965,0.12600212142270806,0.41818676491178763,1.2157585707636587,-0.7371453194475075
AAPL,2026-04-29,2026-04-30,AAPLx,overnight,35,34,271.80792570624413,269.7566771567881,272.82014826171127,441,73515.64547199068,270.19000244140625,270.5,0.0,270.2143990735601,270.47180713944147,17.5,97.14285714285714,0.11473317139518713,0.5897267644313198,0.009029435557716958,0.48352151802000254,1.135642363782008,0.09526067698979457
AAPL,2026-04-30,2026-05-01,AAPLx,overnight,35,35,280.0917469415311,269.9504535052259,282.6349922040353,1295,305911.9052164327,271.3599853515625,278.94000244140625,0.0,273.72306913198025,281.5815873278874,17.5,100.0,2.7933437127892757,2.326686541162548,0.8708298599575226,0.41290044097090917,4.698839558928136,2.8709740179473364
AAPL,2026-05-01,2026-05-04,AAPLx,weekend,131,122,279.9613649008821,278.81381155154287,282.2987748346376,688,62268.031917864544,280.1499938964844,279.6549987792969,0.0,280.38841829570407,278.3866449848811,65.5,93.12977099236642,-0.176689319283152,-0.15230778696844194,0.08510598051549856,0.10955145551572176,1.2499249099969578,-0.7139286718725435
AAPL,2026-05-04,2026-05-05,AAPLx,overnight,35,35,277.1963522812252,276.10487480214226,277.6186466373284,239,16228.103291993302,276.8399963378906,276.8999938964844,0.0,277.87750632293466,278.64411369457946,17.5,100.0,0.02167228702045776,-0.24512744868160352,0.3747688190899101,0.10702722689535094,0.5482597278555712,0.2758796067335867
AAPL,2026-05-05,2026-05-06,AAPLx,overnight,35,35,282.08584316543954,282.08584316543954,284.4696577392234,438,24678.30342804847,284.1700134277344,281.9150085449219,0.0,284.5635790484961,284.79286983667106,17.5,100.0,-0.7935407594953592,-0.8707143378437365,0.13849653452677746,0.06059791615899979,0.8450670714395869,0.08057629473936512
AAPL,2026-05-06,2026-05-07,AAPLx,overnight,35,35,289.7279295752749,287.069675751632,289.7279295752749,981,46533.139441514984,287.5299987792969,289.2699890136719,0.0,288.388143342881,289.8227506677088,17.5,100.0,0.605150850958891,0.4645774326446528,0.29845392384355574,0.1583090465639092,0.9259960379593535,0.4974571104756409
AAPL,2026-05-07,2026-05-08,AAPLx,overnight,35,35,290.33978316773465,287.0063149564249,291.8028980693808,337,47472.17009370696,287.4700012207031,290.1099853515625,0.0,286.7709970246379,293.1484090054855,17.5,100.0,0.9183511739134564,1.2444724815704244,-0.24315726618325817,0.07921058487307953,1.6712465416254485,2.2238692360858625
AAPL,2026-05-08,2026-05-11,AAPLx,weekend,131,130,292.71638530422865,290.000758322734,295.6300725569965,1153,67513.69026856463,293.2799987792969,291.97900390625,0.27,294.0985768048552,291.78294162573303,65.5,99.23664122137404,-0.44360163613677006,-0.46997558289569863,0.2791114392271865,0.2525460351989528,1.941137763508105,-0.7873670128838106
AAPL,2026-05-11,2026-05-12,AAPLx,overnight,35,35,293.1078466576075,291.7000264505239,294.75419621643385,361,28731.57273972036,292.739990234375,292.7550048828125,0.0,293.0688848616879,293.619195198095,17.5,100.0,0.005129004897996836,0.01329441572688328,0.11235042641408732,0.12052459186351339,1.0470241648839806,0.1877750811611456
AAPL,2026-05-12,2026-05-13,AAPLx,overnight,35,33,295.39464581908265,294.16739603568607,295.7201699391775,213,10159.766938667735,294.8699951171875,293.6300048828125,0.0,295.3558959739627,296.6385759956277,17.5,94.28571428571429,-0.42052099396624465,0.013119712742559742,0.16478477458585772,0.6009743237835652,0.5278538425458335,0.4342828564282808
AAPL,2026-05-13,2026-05-14,AAPLx,overnight,35,35,300.75817016266484,297.08085034764485,301.1576848489563,335,27674.90142229525,298.8800048828125,299.82000732421875,0.0,299.0969006122376,299.0832526569312,17.5,100.0,0.3145083063602172,0.5554285407259885,0.07256950143257335,0.3129086837195594,1.372297977651793,-0.004563054741946182
AAPL,2026-05-14,2026-05-15,AAPLx,overnight,35,35,294.94659767703416,294.94659767703416,300.99675175215845,534,77131.92166070416,298.1650085449219,297.7550048828125,0.0,299.39866571408214,298.29048529198417,17.5,100.0,-0.13750898004774026,-1.4870032992396753,0.41374981429935787,-0.9431939546687529,2.0512710174569238,-0.3701353910361971
AAPL,2026-05-15,2026-05-18,AAPLx,weekend,131,126,299.482806325805,297.4810618780761,301.9996133779898,749,44395.67387606188,300.2200012207031,300.239990234375,0.0,301.31664123781246,298.914541092937,65.5,96.18320610687023,0.006658121907476833,-0.6086072460100733,0.3652787997636242,-0.2521928900873438,1.5189375321531084,-0.7972012879898127
AAPL,2026-05-18,2026-05-19,AAPLx,overnight,35,34,296.6179676647827,295.79460550569814,298.78111475245225,210,16938.183592067475,297.8999938964844,296.9700012207031,0.0,298.4895635176844,299.2514600881008,17.5,97.14285714285714,-0.3121828448591435,-0.6270222083630039,0.19790857109076576,-0.11854179023920164,1.0096564275228426,0.25525065648444034
AAPL,2026-05-19,2026-05-20,AAPLx,overnight,35,31,298.0602199033747,298.0602199033747,299.7130195939665,180,6302.748687859212,298.9800109863281,298.17999267578125,0.0,298.82484869645987,299.1539431459735,17.5,88.57142857142857,-0.26758254102260404,-0.2558785845356182,-0.05189721190937968,-0.040167943976310294,0.5545187113958461,0.1101295461034324
AAPL,2026-05-20,2026-05-21,AAPLx,overnight,35,34,302.2242795729839,300.27212586886606,303.1816096970921,211,14901.113718693327,302.2650146484375,301.04998779296875,0.0,302.98147125438174,302.2048824357983,17.5,97.14285714285714,-0.40197402828174855,-0.24991352714176518,0.23702928596534,0.39006538037886784,0.968949022426635,-0.2563156140764189
AAPL,2026-05-21,2026-05-22,AAPLx,overnight,35,31,307.37131784363964,304.47788898918384,307.7060096408633,190,25502.409362594764,305.0899963378906,306.0599975585937,0.0,305.6513186764504,308.31430227479734,17.5,88.57142857142857,0.3179393727576585,0.5627324543003187,0.18398582231391458,0.42845203408030663,1.0602151316787767,0.8712488497934157
AAPL,2026-05-22,2026-05-26,AAPLx,holiday,179,173,306.62955459430765,306.2303769780606,313.7400196704336,2153,638853.037662849,308.8800048828125,309.3999938964844,0.0,309.2084598448597,310.5109468893276,89.5,96.64804469273743,0.16834660886164698,-0.834034505991843,0.1063373986191829,-0.8954231922524314,2.4522853566911307,0.4212326678000311
AAPL,2026-05-26,2026-05-27,AAPLx,overnight,35,33,308.0046080988778,308.0046080988778,310.196000576648,146,12126.130248430518,308.3800048828125,308.44000244140625,0.0,308.56590953652375,310.93322583862584,17.5,94.28571428571429,0.019455722693995092,-0.1819064972177431,0.06028427614230836,-0.14116014105893804,0.7114804194964242,0.7671995605923909
AAPL,2026-05-27,2026-05-28,AAPLx,overnight,35,33,310.5958446283238,310.0597720341316,312.2016874982496,289,17852.39420657813,310.92999267578125,310.67999267578125,0.0,310.3869746992441,311.61750847721305,17.5,94.28571428571429,-0.08040395133598333,0.06729339376501109,-0.17464316384022682,-0.027085119557501702,0.6908072756636852,0.39645148742510905
AAPL,2026-05-28,2026-05-29,AAPLx,overnight,35,34,312.4021273849196,311.08949070646383,312.956606302356,279,7117.946979512933,312.5,311.7749938964844,0.0,312.2905507964346,313.8648593403583,17.5,97.14285714285714,-0.23200195312500504,0.035728454863726,-0.06702374514092613,0.20114938680535488,0.6001860081007893,0.5041166118887386
AAPL,2026-05-29,2026-06-01,AAPLx,weekend,131,124,310.8215363827202,309.8876257102668,313.4564115586392,773,61740.58087708358,312.07000732421875,309.5350036621094,0.0,312.6166641149716,309.47297092688046,65.5,94.65648854961832,-0.8123189036476908,-0.5742265011155157,0.17517120451275847,0.41563400112745175,1.1516387078034374,-1.005606402010295
AAPL,2026-06-01,2026-06-02,AAPLx,overnight,35,35,307.35692438428845,304.7728088566041,307.8763912620464,310,29476.053491602874,306.32000732421875,307.4599914550781,0.0,307.01617526475576,309.0608644452004,17.5,100.0,0.37215464338011817,0.11098735082568645,0.2272681913983332,-0.03352210812922474,1.018326542018566,0.6659874446945491
AAPL,2026-06-02,2026-06-03,AAPLx,overnight,35,34,313.98483810903184,313.96153760479245,316.29552841049883,358,27798.501308003757,315.19000244140625,314.17498779296875,0.0,314.6289000558714,316.29717081653405,17.5,97.14285714285714,-0.32203262812124933,-0.20470527237808067,-0.17802036269826127,-0.06052349528925527,0.7434002341536239,0.5302344318549368
AAPL,2026-06-03,2026-06-04,AAPLx,overnight,35,35,313.59602353398395,310.93314085581045,315.0087319842678,574,26171.72761028975,310.3800048828125,313.30499267578125,0.0,311.0327619673226,311.88852613424183,17.5,100.0,0.9423892476814411,0.8241130453423562,0.21030900001324238,0.0928905906405042,1.3107612515152578,0.27513634303550916
AAPL,2026-06-04,2026-06-05,AAPLx,overnight,35,34,314.0023689294416,310.10615841745084,314.0023689294416,494,12999.952568958137,311.1600036621094,312.989990234375,0.0,311.71857754462667,313.3946240676023,17.5,97.14285714285714,0.5881175442628006,0.732645260607856,0.1795133937341875,0.3234540166311861,1.2564118467927488,0.5376793825307757
AAPL,2026-06-05,2026-06-08,AAPLx,weekend,131,128,308.1612772047359,301.02530916619867,309.89751104764326,1795,369141.39077376283,307.3900146484375,308.739013671875,0.0,308.97999706728416,312.18091909228855,65.5,97.70992366412214,0.4388558375848284,-0.2649750373225568,0.51725246204406,-0.18712778157448096,2.9473275539586563,1.035964157999314
AAPL,2026-06-08,2026-06-09,AAPLx,overnight,35,34,301.26434603364544,300.0366646761016,302.55901797804137,337,30416.688459028235,301.57000732421875,300.2749938964844,0.0,302.9803583756079,298.79085405608896,17.5,97.14285714285714,-0.4294238141335116,-0.5663774216792983,0.4676695351447435,0.3294820272320642,0.8406816895737412,-1.382764329008146
AAPL,2026-06-09,2026-06-10,AAPLx,overnight,35,35,291.755393627822,290.52210059522963,293.38529998036864,286,27815.419834233282,290.3599853515625,290.7650146484375,0.0,290.98736091642576,289.8615831819401,17.5,100.0,0.1394921191997467,0.2639402305919525,0.21606819001027677,0.34061146612909265,0.9855358264561742,-0.3868820044073962
AAPL,2026-06-10,2026-06-11,AAPLx,overnight,35,33,294.49992260368634,291.18997283722746,299.9895,286,12647.950541702528,291.5,293.7200012207031,0.0,292.4752523815108,292.8597655088218,17.5,94.28571428571429,0.7615784633629996,0.6922535174136657,0.33456342418896057,0.2655322687395767,3.021919703152487,0.131468602618523
AAPL,2026-06-11,2026-06-12,AAPLx,overnight,35,34,296.73903262681034,295.8687394918058,298.3529714018797,217,13198.621089974611,295.3599853515625,296.0799865722656,0.0,296.18399249029056,294.039802925934,17.5,97.14285714285714,0.24377073957602136,0.1873970743162312,0.27898401259305317,0.2225905445938814,0.839639873526643,-0.723938368960586
AAPL,2026-06-12,2026-06-15,AAPLx,weekend,131,121,295.06406570002247,290.593351899199,295.4738645895921,861,80385.4083958911,291.0799865722656,294.1199951171875,0.0,290.40357175641066,294.60168271794305,65.5,92.36641221374046,1.0443894067471815,1.6048335478191067,-0.23238107979197675,0.32098143564118775,1.6794990864368087,1.4456127161733834
AAPL,2026-06-15,2026-06-16,AAPLx,overnight,35,35,296.5278249884496,295.9018566344841,298.24921918857143,273,13873.289774870622,296.4200134277344,295.2449951171875,0.0,296.9869285660638,296.09892253727617,17.5,100.0,-0.39640316352436145,-0.15458713278422298,0.1912540019729958,0.43449673744779815,0.793290917733902,-0.29900508856574026
AAPL,2026-06-16,2026-06-17,AAPLx,overnight,35,31,300.9708134790197,299.0581356176696,301.0234590477522,180,7107.68694058986,299.25,300.8450012207031,0.0,300.0117007751481,301.0352722166696,17.5,88.57142857142857,0.5329995724989489,0.3196917658189635,0.2545365998823934,0.04181962731841793,0.6571710299816624,0.34117717371586753
AAPL,2026-06-17,2026-06-18,AAPLx,overnight,35,32,298.6610205155666,296.71402550559804,299.7298831633581,214,13189.731832210633,295.8800048828125,298.44000244140625,0.0,296.0646815846202,296.8322335749008,17.5,91.42857142857143,0.865214788544999,0.8769499006264558,0.062416080424498865,0.07405779129885381,1.0164189753487651,0.2592514534906609
AAPL,2026-06-18,2026-06-22,AAPLx,holiday,179,144,297.57722200252016,295.08834947068993,299.53353543324243,740,25252.436484252834,297.8900146484375,297.5,0.0,299.179929421974,300.3904268636921,89.5,80.44692737430168,-0.13092572065491748,-0.5357001796712502,0.43301712380618973,0.025956975637031476,1.5063915503699121,0.40460516320623974
AAPL,2026-06-22,2026-06-23,AAPLx,overnight,35,34,296.99951402917014,295.23967211941465,300.49102312457273,420,26453.78317267826,296.7900085449219,297.5379943847656,0.0,298.6876114795708,299.4996000238085,17.5,97.14285714285714,0.2520252765620068,-0.5651715657166267,0.6393756123908467,-0.18097868701069109,1.7786739049872935,0.2718520999968721
AAPL,2026-06-23,2026-06-24,AAPLx,overnight,35,34,295.87581836966234,293.14199251002185,297.00310450040973,3118,536507.0818900744,294.2799987792969,295.375,0.0,295.9940588977919,295.6222159367155,17.5,97.14285714285714,0.37209502013229034,-0.03994692615447715,0.582458925378937,0.16955340487934123,1.3171473514685506,-0.12562514344409692
AAPL,2026-06-24,2026-06-25,AAPLx,overnight,35,34,290.1703622181497,290.1703622181497,295.3409300505864,329,26011.65313832198,293.260009765625,287.510009765625,0.0,294.71024180833746,284.05876216991913,17.5,97.14285714285714,-1.960717386797961,-1.5404553171722624,0.4945209010500662,0.9253077674385546,1.7819076327820982,-3.614221064412626
AAPL,2026-06-25,2026-06-26,AAPLx,overnight,35,35,275.7457935784155,274.2221930304056,278.2657366456476,525,30209.118837359503,275.04998779296875,275.0,0.0,276.2392361840058,277.6362831295372,17.5,100.0,-0.018174075690702285,-0.17862871777621914,0.4323753658670215,0.2711976648783532,1.4745500976989456,0.5057380569213787
AAPL,2026-06-26,2026-06-29,AAPLx,weekend,131,111,286.47853926298615,269.5350260869566,286.47853926298615,781,58763.53620787111,281.20001220703125,286.8599853515625,0.0,284.3206627068901,286.204842713554,65.5,84.73282442748092,2.012792638274896,0.7589587529628794,1.1097618650035113,-0.13297291642432318,6.286200877864134,0.6626954188715839
AAPL,2026-06-29,2026-06-30,AAPLx,overnight,35,29,281.6588572908284,281.18670636954266,283.14782401821674,144,10221.231857515593,281.6300048828125,281.1700134277344,0.0,282.2593807994576,284.2776167014606,17.5,82.85714285714286,-0.1633318350683255,-0.21275590803334632,0.22347615869515725,0.17386059670252418,0.6974432305120182,0.7150288136701377
AAPL,2026-06-30,2026-07-01,AAPLx,overnight,35,29,294.4682189876833,288.60281861544183,294.4682189876833,244,30891.135843121825,289.0899963378906,293.3299865722656,0.0,289.7439045219743,292.1765380416492,17.5,82.85714285714286,1.4666679193628296,1.6305138406632835,0.22619536904326942,0.3880382052713349,2.0323434124380535,0.8395805681187252
AAPL,2026-07-01,2026-07-02,AAPLx,overnight,35,33,294.961384936347,294.46057286230297,297.9819666016884,270,13088.787145968568,294.25,294.0849914550781,0.0,295.84222387470817,300.2761970744955,17.5,94.28571428571429,-0.05607767032179689,-0.2977394257062671,0.5411126167232494,0.2980068710520145,1.1958795383557597,1.4987628005612708
AAPL,2026-07-02,2026-07-06,AAPLx,holiday,179,138,307.25302799568175,305.93768725303823,312.4234375,606,46335.3236535001,308.2200012207031,307.67999267578125,0.0,309.55868273168005,309.5355048848885,89.5,77.09497206703911,-0.17520230445239315,-0.7448199209442952,0.43432661919249327,-0.13876907509856595,2.119957925156646,-0.00748738384174219
AAPL,2026-07-06,2026-07-07,AAPLx,overnight,35,31,315.4028031170685,313.1311174495663,316.1982212981901,178,16124.224316092335,312.8099975585937,315.2900085449219,0.0,313.4258834166612,313.3339663018654,17.5,88.57142857142857,0.792817047307981,0.6307455143324203,0.1968881630620256,0.035774864121829175,0.9794950669882896,-0.02932658713242775
AAPL,2026-07-07,2026-07-08,AAPLx,overnight,35,29,311.772933161459,309.4956031707866,312.7724723774936,174,10588.084449385893,310.6600036621094,311.6600036621094,0.0,311.8213794641613,308.7986155048623,17.5,82.85714285714286,0.321895315847498,-0.015536555827422305,0.3738414306191373,0.036234838613435905,1.0587773051169203,-0.9693895795385599
AAPL,2026-07-08,2026-07-09,AAPLx,overnight,35,33,311.7431863941405,311.7431863941405,314.9114213748037,168,9583.251420040067,313.260009765625,310.44500732421875,0.0,313.5749819802575,310.8588087520411,17.5,94.28571428571429,-0.898615320708307,-0.5841650933212428,0.10054657626683561,0.4181671598171288,1.0162964641856176,-0.8661957695296651
AAPL,2026-07-09,2026-07-10,AAPLx,overnight,35,30,314.6252931019432,314.6252931019432,317.6284717096191,125,10328.38425897563,316.17999267578125,314.7200012207031,0.0,316.8335617232096,315.8820180710541,17.5,85.71428571428571,-0.46175959545144973,-0.6969806510572774,0.20670790770069836,-0.03009281850298029,0.9545254858778218,-0.30032918450311197
AAPL,2026-07-10,2026-07-13,AAPLx,weekend,131,90,317.4994039172571,308.82742,318.4623037037037,390,25566.332477783028,315.32989501953125,317.0150146484375,0.0,316.96564849648433,320.60792702730373,65.5,68.70229007633588,0.5343989439383412,0.16839535240005254,0.5187435453437583,0.15279694854730685,3.119827800168684,1.1491082860544788
AAPL,2026-07-13,2026-07-14,AAPLx,overnight,35,29,314.7014162771298,314.1286969892292,318.48933877471626,232,17094.21608703943,317.4200134277344,313.6400146484375,0.0,317.22462310580295,314.5057683072002,17.5,82.85714285714286,-1.1908508031606702,-0.7954006861036089,-0.06155576638708915,0.33841397115161875,1.3881704623874613,-0.8570755863727353
AAPL,2026-07-14,2026-07-15,AAPLx,overnight,35,28,317.17790747892474,315.3459930114359,318.73517493281906,166,6348.940855225932,314.9200134277344,317.625,0.0,316.296255237655,320.47572278206155,17.5,80.0,0.8589440038514251,0.2787425480606176,0.4370131307124492,-0.14076112430547738,1.0747502731897063,1.3213774982148596
AAPL,2026-07-15,2026-07-16,AAPLx,overnight,35,31,328.2223172765662,326.66226927015384,330.3348103603984,241,27112.370398976862,327.57000732421875,328.0050048828125,0.0,327.66981473370686,329.48470858991425,17.5,88.57142857142857,0.1327952953162681,0.16861563623378206,0.03046903173564708,0.06625276764642418,1.1242624066899243,0.5538788666518801
AAPL,2026-07-16,2026-07-17,AAPLx,overnight,35,33,334.4600530853745,333.7969470013399,338.3692550265755,212,9932.543176660862,333.2699890136719,331.9800109863281,0.0,332.6981614511691,333.8724693123282,17.5,94.28571428571429,-0.38706696368355775,0.5295766067718422,-0.17158087477217032,0.7470456102697476,1.3697872512947962,0.3529649385608291
AAPL,2026-07-17,2026-07-20,AAPLx,weekend,131,102,333.3689356054633,328.5615714285715,335.9251597753218,530,42573.35454170872,333.739990234375,333.0249938964844,0.0,334.7094647044492,330.8704183897195,65.5,77.86259541984732,-0.21423753784750588,-0.40050528603055024,0.29048795422850215,0.10327804677803254,2.2411593403129038,-1.1469787142468824
AAPL,2026-07-20,2026-07-21,AAPLx,overnight,35,26,324.2930085937947,324.2930085937947,329.0389035239978,96,17302.816627860902,326.70001220703125,323.3450012207031,0.0,328.28269727007915,324.54254437577896,17.5,74.28571428571429,-1.026939351383327,-1.215321035638417,0.4844459760977804,0.29318757658618466,1.4634589104410178,-1.1393085670985403
AAPL,2026-07-21,2026-07-22,AAPLx,overnight,35,29,327.7030240791988,325.4607428143673,328.370474011874,124,12885.372380749019,327.5899963378906,327.875,0.0,329.69708486416096,328.1595039855912,17.5,82.85714285714286,0.08700011150994946,-0.6048160194633501,0.6432090569997051,-0.05245167237549753,0.8940344609138728,-0.4663616844544638
AAPL,2026-07-22,2026-07-23,AAPLx,overnight,35,25,322.83283649784005,322.83283649784005,327.2823167742748,147,16438.376362108524,325.8699951171875,321.7300109863281,0.0,326.6049575681989,321.41076966568136,17.5,71.42857142857143,-1.2704404188457308,-1.1549491160345315,0.22553854666709228,0.34277980724615187,1.378261370405709,-1.5903579483887542
AAPL,2026-07-23,2026-07-24,AAPLx,overnight,35,28,322.0363250907757,320.6891948026975,323.40746887867545,188,32702.225765427575,321.6099853515625,322.0400085449219,0.0,320.99962376126024,325.9539913392738,17.5,80.0,0.1337095279828837,0.3229602942732557,-0.18978315913762422,-0.0011437877432851629,0.8476350684812894,1.5434184999850054
AAPL,2026-07-24,2026-07-27,AAPLx,weekend,131,102,335.679978547234,331.7786158896843,338.402744680851,286,33837.17781910623,333.07000732421875,334.8999938964844,0.0,334.3852707191545,336.0191773891309,65.5,77.86259541984732,0.5494300093145998,0.38719044810047176,0.3948909736731343,0.23290076588973196,1.996550854672674,0.4886299765723523
AAPL,2026-07-27,2026-07-28,AAPLx,overnight,35,31,340.45230400287744,335.9985962928034,340.74639458867284,163,22866.724674686506,336.9200134277344,340.0299987792969,0.0,335.847564483403,341.42318017959565,17.5,88.57142857142857,0.9230634060358511,1.3710802180618487,-0.3183096585508749,0.12419646063484002,1.4130411103658203,1.6601626112039858
AAPL,2026-07-28,2026-07-29,AAPLx,overnight,35,33,340.2834619690917,335.5055131578948,344.18162031287585,126,9349.504355650333,340.1600036621094,339.69000244140625,0.0,340.2446675048332,342.6070946222193,17.5,94.28571428571429,-0.13817063018672915,0.011401931599097637,0.024889417277851322,0.17470620960882144,2.585980502471763,0.6943318567520285
AAPL,2026-07-29,2026-07-30,AAPLx,overnight,35,32,335.0057234836581,334.7001374872232,340.8278453600001,142,8460.87198038099,338.07000732421875,333.1300048828125,0.0,340.2865566740272,333.05377444685746,17.5,91.42857142857143,-1.461236529234211,-1.551878288106412,0.6556480320014657,0.5630590380189204,1.8308053049457929,-2.125497491838413
AAPL,2026-07-30,2026-07-31,AAPLx,overnight,35,34,306.42736392218364,306.42736392218364,336.0371503469086,786,73576.39730784718,333.8500061035156,304.8099975585937,0.0,334.0356628817004,303.6482767888332,17.5,97.14285714285714,-8.698519698668994,-8.265075268114197,0.055610835641917156,0.5306146046863303,9.662905442166814,-9.09704845007192
AAPL,2026-07-31,2026-08-03,AAPLx,weekend,131,113,310.967340235988,306.2998806479288,312.80676812482386,1014,97725.61274354634,309.0299987792969,309.6700134277344,0.0,307.99254877641386,308.6520575325602,65.5,86.25954198473282,0.20710437529225523,0.9658647494533046,-0.3357117454554803,0.41893846740066465,2.124351946573011,0.2141313998557548
AAPL,2026-08-03,2026-08-04,AAPLx,overnight,35,35,304.41864635697226,302.9767476920466,306.187132386198,3613,256393.1850880616,303.2699890136719,302.7250061035156,0.0,305.9988782052843,304.41523745560374,17.5,100.0,-0.17970222240871747,-0.5164175298877804,0.8998217068848957,0.5594649332924639,1.0596142174628342,-0.5175315540268621
AAPL,2026-08-04,2026-08-05,AAPLx,overnight,35,35,310.1701777605637,308.85844317383226,313.6137514357584,913,91790.25095166735,309.3900146484375,309.3599853515625,0.0,310.3571652147732,308.0920229953042,17.5,100.0,-0.009705968341977567,-0.060249117844624056,0.31259915334846955,0.26189308487343244,1.5396400412631017,-0.7298501447200234
AAPL,2026-08-05,2026-08-06,AAPLx,overnight,35,35,313.9160562237558,312.133347905208,315.6053324982545,811,57302.023220969815,310.9200134277344,314.3399963378906,0.0,311.0666907694607,315.5601088471288,17.5,100.0,1.0999558608185689,0.9159982533799571,0.04717526546755835,-0.13486674272247257,1.112340163698522,1.4445192015104746
AAPL,2026-08-06,2026-08-07,AAPLx,overnight,35,34,313.3341725486928,311.6045961335109,313.9155516927753,409,35991.16060246432,312.45001220703125,311.32000732421875,0.0,312.971004818004,312.45191323616166,17.5,97.14285714285714,-0.3616594138789009,0.1160387783845751,0.16674430808714114,0.6469758374303192,0.741630767947421,-0.16585932046460083
AAPL,2026-08-07,2026-08-10,AAPLx,weekend,131,120,308.8716345730174,308.8716345730174,315.23018153497566,1890,167084.01510737382,313.29998779296875,306.8299865722656,0.27,314.2126230343286,306.96893628788274,65.5,91.6030534351145,-2.0651137800166697,-1.6998007303887674,0.2912975668428519,0.6654004139425629,2.0586373917916623,-2.3053455575699378
AAPL,2026-08-10,2026-08-11,AAPLx,overnight,35,32,309.1594607605877,308.34000649074176,310.97448847811523,633,75444.19803094139,308.19000244140625,307.75,0.0,308.5158433104749,308.22746974790107,17.5,91.42857142857143,-0.14276986207231168,0.20861730898698028,0.10572726775281982,0.4579888742770821,0.8544080988246883,-0.09347123294528581
AAPL,2026-08-11,2026-08-12,AAPLx,overnight,35,35,305.390632524324,304.58793957092524,306.8995385814001,965,109774.68496599045,304.8999938964844,305.1300048828125,0.0,305.4871209695249,303.659426801046,17.5,100.0,0.07543817347737125,-0.0315851106569176,0.19256381921735066,0.0854152778621664,0.7589266383072335,-0.5982884524487808
AAPL,2026-08-12,2026-08-13,AAPLx,overnight,35,35,304.82978284596163,301.8364960417658,305.65670568109505,561,94458.30757289179,302.2250061035156,304.25799560546875,0.0,302.586494804853,305.0561055864048,17.5,100.0,0.6726741536591474,0.7413708409410136,0.11960913029596121,0.18792841889168077,1.265655309886915,0.8161668891219165
AAPL,2026-08-13,2026-08-14,AAPLx,overnight,35,35,306.86349332607193,304.8436329274907,307.5406536993482,1154,106890.76705701763,305.32000732421875,306.02801513671875,0.0,305.33774482707804,307.7724776158866,17.5,100.0,0.23189040859290522,0.49969207045068575,0.005809479376983617,0.2730070934779949,0.88472268420281,0.797390047597113
AAPL,2026-08-14,2026-08-17,AAPLx,weekend,131,126,307.49792315856524,304.71351229146944,312.5359375,1019,99001.41718231997,305.95001220703125,306.2099914550781,0.0,307.3463779289303,306.4535372939609,65.5,96.18320610687023,0.08497441989672172,0.04930763481130196,0.45640322477062956,0.42060407544737277,2.567140902188836,-0.29049980708600875
AAPL,2026-08-17,2026-08-18,AAPLx,overnight,35,33,307.6091921749996,305.3827189903449,309.5982359439846,416,46106.76562157336,305.69000244140625,307.5299987792969,0.0,307.0430399138851,307.1318387890204,17.5,94.28571428571429,0.6019157719242996,0.18438856691664895,0.44261750848006987,0.025751437588872328,1.3804045518937658,0.028920660491182915
AAPL,2026-08-18,2026-08-19,AAPLx,overnight,35,33,311.5635536743095,309.4795889924665,312.33927481928805,282,71124.57390970476,310.20001220703125,310.1300048828125,0.0,310.577269298797,314.94603378007224,17.5,94.28571428571429,-0.022568446635662376,0.31756489383119035,0.12161736844611415,0.4622412436483536,0.9240305107459434,1.4066594413489453
AAPL,2026-08-19,2026-08-20,AAPLx,overnight,35,35,318.5285049534024,315.6126401106305,318.82297915967507,447,47664.41179729648,316.8800048828125,317.4549865722656,0.0,316.54395542314984,319.5415243974701,17.5,100.0,0.18145092167167753,0.6269427977544595,-0.1060494365325848,0.33816396860799625,1.0171769571457157,0.9469676874142685
AAPL,2026-08-20,2026-08-21,AAPLx,overnight,35,34,312.7230261122057,311.807602505468,314.57796910466584,504,53444.306958367786,311.3399963378906,312.04998779296875,0.0,313.1993557176681,309.78089590797885,17.5,97.14285714285714,0.22804376675960025,-0.15208511664110969,0.5972118589477882,0.21568285389053088,0.8884859050700022,-1.091464508876827
AAPL,2026-08-21,2026-08-24,AAPLx,weekend,131,127,312.22273870666874,308.202548578884,312.22273870666874,1895,268838.1524925944,309.4200134277344,311.4700012207031,0.0,310.53876347952075,312.7063905422069,65.5,96.94656488549619,0.6625259207570622,0.5422753695156768,0.3615635715973786,0.24167254728080234,1.304398729446521,0.6980214123345929
AAPL,2026-08-24,2026-08-25,AAPLx,overnight,35,34,312.02832008397,309.62862139422623,312.2847370524205,465,40465.886821427266,310.3500061035156,310.9349975585937,0.0,311.6713513386545,312.9736194740072,17.5,97.14285714285714,0.18849410136081435,0.11453370474452385,0.4257596936209307,0.35162414458356217,0.8578391901349569,0.417833762955544
AAPL,2026-08-25,2026-08-26,AAPLx,overnight,35,34,311.1911713431232,308.9459755239519,311.7326484418608,1010,76985.34987065088,309.8999938964844,310.2449951171875,0.0,310.9937024023881,311.8407346850707,17.5,97.14285714285714,0.11132663036397261,0.06349612201457244,0.35292304854612766,0.3049771119041811,0.9019935971597892,0.2723631623853917
AAPL,2026-08-26,2026-08-27,AAPLx,overnight,35,35,311.6982304374039,310.97229499024274,314.3714774411672,1398,205819.89303437714,313.4800109863281,310.5450134277344,0.0,315.7348716356889,312.2707093681296,17.5,100.0,-0.9362630648630965,-1.2784907721383076,0.719299658777639,0.3713526090599606,1.0930820866312585,-1.0971744266361605
AAPL,2026-08-27,2026-08-28,AAPLx,overnight,35,35,317.3238216723979,314.7166565134705,317.53496893666465,481,57991.93196416892,314.57501220703125,317.0880126953125,0.0,314.5688788099277,318.4266974004618,17.5,100.0,0.7988557230436788,0.8757836671232866,-0.0019497407185986582,0.07436704247536507,0.8955078687020501,1.2263827894001933
AAPL,2026-08-28,2026-08-31,AAPLx,weekend,131,130,321.0051756097127,319.2402790502439,323.2495795663673,2505,322402.0258692315,319.6400146484375,319.5599975585937,0.0,320.8555391056089,319.1238511598248,65.5,99.23664122137404,-0.02503350212013089,0.04663672147313669,0.3802791895465063,0.4522399743897898,1.2558880502332892,-0.5397095373859462
AAPL,2026-08-31,2026-09-01,AAPLx,overnight,35,35,316.9000528568652,316.02399235949537,318.8222806191159,1238,101803.64503399895,317.2300109863281,316.9800109863281,0.0,317.5136205997799,319.8858251322483,17.5,100.0,-0.07880717187591646,-0.19324139284345732,0.08940188621184841,-0.02522497529547918,0.8854670301225998,0.7471189827974456
AAPL,2026-09-01,2026-09-02,AAPLx,overnight,35,35,327.7636261885227,324.71393976991726,327.7636261885227,806,59415.2248997262,325.1400146484375,326.9700012207031,0.0,325.94637590065537,326.7497796929307,17.5,100.0,0.5628303161160586,0.5575304474074727,0.24800431072433682,0.2427210339959851,0.9391917146416295,0.24648342539639323
AAPL,2026-09-02,2026-09-03,AAPLx,overnight,35,35,325.28460439073893,324.5931030102206,326.6462623653088,378,28715.478963681675,324.989990234375,324.9476928710937,0.0,326.44803831539843,327.0041886099488,17.5,100.0,-0.013014974169145432,-0.3563917647241177,0.4486439966880029,0.10368177003148293,0.6325332658172922,0.1703641098351527
AAPL,2026-09-03,2026-09-04,AAPLx,overnight,35,34,328.5886671443735,327.19731468460026,330.0626067078868,238,23660.51748112641,328.2099914550781,328.30499267578125,0.0,329.63764021767616,326.26749815502654,17.5,97.14285714285714,0.028945255530454794,-0.3182200529678436,0.4349802869403119,0.08640577357055257,0.8757076830072874,-1.0223778026150598
AAPL,2026-09-04,2026-09-08,AAPLx,holiday,179,179,318.8300742476871,318.8300742476871,323.79110573453727,23558,2871054.891546054,319.989990234375,317.1199951171875,0.0,321.34103798340226,318.84375895192875,89.5,100.0,-0.8969015296651617,-0.7814015139407271,0.4222156286944223,0.5392530136321572,1.5560111443552627,-0.7771428906638733
AAPL,2026-09-08,2026-09-09,AAPLx,overnight,35,35,316.8617474192738,316.7485860307817,319.33454920474543,5500,529310.2351208336,316.3500061035156,315.4106140136719,0.0,317.0240674395164,317.3359047391368,17.5,100.0,-0.29694707498642003,-0.05120116638259731,0.21307454496466427,0.46007754372496823,0.8164087506652429,0.09836391985600379
AAPL,2026-09-09,2026-09-10,AAPLx,overnight,35,35,318.057768561858,316.19102849374974,320.10336698745994,18362,1699021.971943526,315.4100036621094,316.7900085449219,0.0,316.242639732792,320.57298774413124,17.5,100.0,0.4375273031260285,0.573967138207454,0.2639853083336474,0.40018939446959667,1.2373338080930107,1.369311872364265
AAPL,2026-09-10,2026-09-11,AAPLx,overnight,35,35,327.6401827317844,323.80871244110426,327.86395302392646,17992,1618658.9515874959,326.5950012207031,327.6300048828125,0.0,327.1604258418309,332.1281986780394,17.5,100.0,0.31690738016223463,0.14664270249651334,0.1731271510630572,0.0031065069804991907,1.2523568474272606,1.5184516352873878
AAPL,2026-09-11,2026-09-14,AAPLx,weekend,131,131,334.99744450823954,329.62513002609256,335.22065338873307,17733,2400712.9851500653,332.2300109863281,334.8299865722656,0.0,334.2022531070073,334.1539433398862,65.5,100.0,0.7825829997171629,0.2379371754198223,0.5936375569515873,0.050012825221612545,1.6975414957584034,-0.014455248781830576
AAPL,2026-09-14,2026-09-15,AAPLx,overnight,35,35,331.0770047758303,331.0770047758303,334.56036665115056,2048,273592.9873199306,333.04998779296875,330.260009765625,0.0,334.74774127015064,331.25852156430864,17.5,100.0,-0.8377054885460811,-1.0965679649972526,0.509759357276196,0.24737933326686168,1.052130418323327,-1.0423430170440229
AAPL,2026-09-15,2026-09-16,AAPLx,overnight,35,35,333.8769678030614,331.5735974762609,333.8769678030614,782,147458.33979254463,331.3349914550781,332.4200134277344,0.0,332.1762939822061,334.78398065287263,17.5,100.0,0.3274697815317751,0.5119792868019557,0.2539129729200562,0.4382872018756423,0.6946784497717573,0.7850309362552599
AAPL,2026-09-16,2026-09-17,AAPLx,overnight,35,35,334.8006265743085,333.45383086570536,335.8400782202425,947,90211.54433423324,332.5,334.7550048828125,0.0,333.3679915621676,333.06259482832104,17.5,100.0,0.6781969572368318,0.4297458209552518,0.2610500938849958,0.013628382199093458,0.7156155166494926,-0.09160949508544292
AAPL,2026-09-17,2026-09-18,AAPLx,overnight,35,35,338.64464689469463,336.42693139462733,338.64518079044564,809,118947.11262135036,337.0799865722656,337.989990234375,0.0,338.774490565384,336.90480615156866,17.5,100.0,0.26996668398000523,-0.03832746393409581,0.5027008605137384,0.1936911385646889,0.6593554762761578,-0.5518964579342978
AAPL,2026-09-18,2026-09-21,AAPLx,weekend,131,130,337.21129395738905,333.67087470829443,337.3938196217887,28847,2255464.0124974446,335.5899963378906,335.20001220703125,0.0,337.2262450951271,335.7246144553116,65.5,99.23664122137404,-0.11620850892907209,-0.004433562913785938,0.4875737581846895,0.6000243666803851,1.1157536350000496,-0.44528878213258016
AAPL,2026-09-21,2026-09-22,AAPLx,overnight,35,35,341.0924713828975,338.907853058506,341.2141044583676,7579,678175.0200598649,338.8900146484375,340.3299865722656,0.0,339.62123620152425,343.1412304290291,17.5,100.0,0.4249083365061468,0.43319881813874694,0.21576957758562276,0.2240427939693035,0.6804951195579001,1.0364470334287779
AAPL,2026-09-22,2026-09-23,AAPLx,overnight,35,35,343.5091502556746,339.8979979962329,343.5091502556746,2599,253014.90047597536,339.7300109863281,341.07501220703125,0.0,340.77005116044546,340.1860586426768,17.5,100.0,0.3959029750707721,0.8037968964413222,0.30613726797283913,0.7136664843585327,1.0624223386810794,-0.17137436690224384
AAPL,2026-09-23,2026-09-24,AAPLx,overnight,35,35,337.3774110189003,331.24834374999995,338.1190553046628,535,70169.18904053315,336.95001220703125,336.32000732421875,0.0,337.0941410252107,336.78171153749736,17.5,100.0,-0.1869728030831519,0.08403290333913738,0.042774540127021865,0.31440404128626476,2.0741874440429964,-0.09268315573897068
AAPL,2026-09-24,2026-09-25,AAPLx,overnight,35,35,336.9954628646374,335.3638056051962,337.7164392684153,7724,527027.3204336368,335.8699951171875,336.0400085449219,0.0,337.3560620408814,336.1795184169722,17.5,100.0,0.050618819842784823,-0.10688978702872998,0.4424530161366125,0.2843275489286867,0.7015168673236927,-0.34875425590147335
AAPL,2026-09-25,2026-09-28,AAPLx,weekend,131,129,341.95322174580883,339.7937796468008,342.4496301553632,4702,486280.7145774985,341.0400085449219,340.3699951171875,0.0,342.08208069186816,342.872291551508,65.5,98.47328244274809,-0.19646182586994243,-0.037669013763808046,0.305557154831293,0.4651487062119708,0.7816065707038744,0.23100036635699261
AAPL,2026-09-28,2026-09-29,AAPLx,overnight,35,34,337.80735026769685,337.51810052325465,340.3869144941098,905,94653.5803577373,338.364990234375,337.0599975585937,0.0,339.3672498212689,335.1603120811071,17.5,97.14285714285714,-0.385676034295801,-0.4596494076530955,0.29620664543328346,0.22172690752875202,0.8499733692526767,-1.2396416396624588
AAPL,2026-09-29,2026-09-30,AAPLx,overnight,35,35,331.7548019382095,329.9198073280611,331.92561012405343,6482,539250.9524635277,329.5899963378906,330.79998779296875,0.0,330.83539198650976,334.3316605700197,17.5,100.0,0.3671202004073226,0.2779055608830516,0.3778620900078522,0.2886379021991736,0.6079667699362634,1.056800048663642
AMZN,2025-07-08,2025-07-09,AMZNx,overnight,35,35,221.95584173571132,219.74742790728223,225.42471981131723,425,24723.406633736835,219.33999633789065,221.07000732421875,0.0,220.32586163391127,221.606913973624,17.5,100.0,0.7887348478218481,0.7398042561650664,0.4494690035929061,0.40070311762980815,2.583553290293983,0.5814353023347207
AMZN,2025-07-09,2025-07-10,AMZNx,overnight,35,35,223.31143223585784,217.6244401216861,224.060350180452,338,22916.908618047884,222.47000122070312,221.6699981689453,0.0,224.5045022475963,222.76969665254785,17.5,100.0,-0.3596004168508804,-0.5314236462049537,0.914505783130215,0.7404854425367535,2.9573470953755177,-0.7727264164774761
AMZN,2025-07-10,2025-07-11,AMZNx,overnight,35,35,221.7891195124529,221.43696362078555,224.0659288871972,283,10700.438153096939,222.27999877929688,223.4949951171875,0.0,224.0060902188376,222.8779898050545,17.5,100.0,0.5466062374316571,-0.9896921571279083,0.776539251853503,-0.763272396252157,1.1872296401759685,-0.5036025639664654
AMZN,2025-07-11,2025-07-14,AMZNx,weekend,131,121,224.1118693218281,221.4603908121616,228.55919711452609,604,22325.998388302665,224.9900054931641,225.08999633789065,0.0,224.76041596502992,224.6039898222785,65.5,92.36641221374046,0.04444234956455517,-0.28855020596808556,-0.1020443230937862,-0.43454930560052896,3.205451898793754,-0.06959683807301609
AMZN,2025-07-14,2025-07-15,AMZNx,overnight,35,31,225.2776053443324,223.34365410838447,225.2776053443324,149,2291.911812978619,225.6300048828125,226.1100006103516,0.0,224.9137155971829,225.6908066616967,17.5,88.57142857142857,0.21273576969003116,0.1617908210636676,-0.31746189342221065,-0.3681373065199556,0.8659082988807132,0.3455063033619421
AMZN,2025-07-15,2025-07-16,AMZNx,overnight,35,30,226.6242100465944,222.42176162449445,227.2576091568337,145,9143.731963856435,226.3000030517578,225.875,0.0,225.87511130443207,225.77690885682395,17.5,85.71428571428571,-0.1878051462777086,0.3316428878933575,-0.18775596181876963,0.3316923283207096,2.1741791347302586,-0.043476435735212426
AMZN,2025-07-16,2025-07-17,AMZNx,overnight,35,30,221.5439659282821,221.35526268348133,225.66696566034375,171,8069.946009313315,223.1699981689453,223.32000732421875,0.0,225.41513950866852,222.7329596992875,17.5,85.71428571428571,0.0672174380536017,-1.7173529643236596,1.0060229233965323,-0.7952898700017363,1.9478655824992863,-1.18988450164762
AMZN,2025-07-17,2025-07-18,AMZNx,overnight,35,33,223.7564163914368,222.26874355612452,227.1724989646707,218,9172.300799515993,223.9900054931641,225.19500732421875,0.0,222.3535231739376,224.75700876167545,17.5,94.28571428571429,0.5379712493874811,0.6309291606779732,-0.7306050623211657,-0.6388200830361956,2.2062280688188274,1.0809298424553138
AMZN,2025-07-18,2025-07-21,AMZNx,weekend,131,121,227.95717358968383,223.40969552868057,228.4730797716232,573,13021.818571607258,226.1199951171875,225.8350067138672,0.0,219.07032406205343,227.81503512389173,65.5,92.36641221374046,-0.1260341453539371,4.056619519635674,-3.117668144066854,0.9396979266838912,2.266412042217114,3.991736945329616
AMZN,2025-07-21,2025-07-22,AMZNx,overnight,35,35,228.9514823867024,226.28516031159785,228.98871095641388,366,9567.178199531667,229.30999755859372,229.63999938964844,0.0,227.42717895948596,228.138993816119,17.5,100.0,0.14391079088054148,0.6702380226454752,-0.8210800310294641,-0.29982451000524213,1.194753841168028,0.312985835681423
AMZN,2025-07-22,2025-07-23,AMZNx,overnight,35,32,227.5559387668365,227.5559387668365,229.1945691619836,173,4075.1896090667074,227.5200042724609,228.4600067138672,0.0,227.8738290093054,227.506731020688,17.5,91.42857142857143,0.41315155755736743,-0.1395027431851048,0.15551368240165342,-0.39572262998441854,0.7201000351944709,-0.16109703787108298
AMZN,2025-07-23,2025-07-24,AMZNx,overnight,35,32,229.28647288838573,226.84264909244877,229.28647288838573,224,4695.276927429781,228.2700042724609,229.0749969482422,0.0,227.03795007519236,230.8998809107049,17.5,91.42857142857143,0.3526493453868129,0.9903731127103077,-0.5397354773770346,0.09231733840919798,1.0773211323859,1.7010067410463847
AMZN,2025-07-24,2025-07-25,AMZNx,overnight,35,34,230.59876691424824,228.26075652662183,231.82406987337188,245,4386.302404231842,232.24899291992188,232.22000122070312,0.0,230.6267669666001,230.06615383527296,17.5,97.14285714285714,-0.012483024728870973,-0.012140851090325366,-0.6984856782053406,-0.6981458521800876,1.5610713821210265,-0.2430824221753558
AMZN,2025-07-25,2025-07-28,AMZNx,weekend,131,111,234.5564326984941,229.99712004437984,235.72588271118005,415,12197.52616440805,231.4499969482422,233.4499969482422,0.0,230.7202497840028,235.09940811614305,65.5,84.73282442748092,0.8641175313764515,1.6626988389977448,-0.3152936590457567,0.4739497814160165,2.4907975655063863,1.8980381376320299
AMZN,2025-07-28,2025-07-29,AMZNx,overnight,35,30,234.311116434538,233.5313423808502,234.83586502299,95,1219.256978089025,232.80999755859372,234.1499938964844,0.0,233.9029964928932,233.77242161297232,17.5,85.71428571428571,0.5755750835199525,0.17448256232885928,0.4694810986475728,0.06881167723833403,0.558607092666974,-0.055824372444435166
AMZN,2025-07-29,2025-07-30,AMZNx,overnight,35,31,233.01416633957265,232.54241827473265,234.1985863646477,99,1960.7724878507042,231.0,231.63999938964844,0.0,232.5689061510964,232.76806698761683,17.5,88.57142857142857,0.27705601283483094,0.19145301744980525,0.6791801519897778,0.5932338773722234,0.7122004244225266,0.085635195098277
AMZN,2025-07-30,2025-07-31,AMZNx,overnight,35,32,239.32291378181412,231.3532914704872,241.5977367500606,131,9511.05859261566,230.25999450683597,235.7749938964844,0.0,231.14870189443215,235.3713147501427,17.5,91.42857142857143,2.39511835369417,3.536343410275866,0.38595822496199084,1.5047905745625423,4.4280525314593255,1.8267949683918427
AMZN,2025-07-31,2025-08-01,AMZNx,overnight,35,33,216.62997666067935,215.57460271346156,231.2986439049967,426,17164.533710346637,234.1100006103516,217.1999969482422,0.0,234.66782116972436,217.90414735589144,17.5,94.28571428571429,-7.223101797455511,-7.6865436509929825,0.2382728452088534,-0.2624402834124684,7.294013763038354,-7.143575855553086
AMZN,2025-08-01,2025-08-04,AMZNx,weekend,131,103,219.616132541429,213.4794669619736,219.616132541429,466,10043.741705085773,214.80999755859372,217.33999633789065,0.0,215.7146727260208,218.37083627627604,65.5,78.62595419847328,1.1777844644343505,1.8086205106518038,0.4211513326703109,1.0472698269488045,2.87459289026073,1.2313318870194934
AMZN,2025-08-04,2025-08-05,AMZNx,overnight,35,30,215.9245079519559,215.18104837647536,217.3797907575242,142,1356.132195056307,211.72000122070312,213.17999267578125,0.0,214.97835431173849,217.05982557612893,17.5,85.71428571428571,0.6895859846308028,0.4401157703744385,1.5389916267942727,1.2874169108114675,1.0218104231939584,0.9682236479362505
AMZN,2025-08-05,2025-08-06,AMZNx,overnight,35,30,217.2861015135906,214.7383878913226,218.1410301616092,123,4872.033729036294,213.80999755859372,214.69500732421875,0.0,215.13269959892312,216.18752231955355,17.5,85.71428571428571,0.413923472115707,1.0009644831688203,0.6186343274088069,1.2068721213712053,1.5845523959175267,0.49031259431828733
AMZN,2025-08-06,2025-08-07,AMZNx,overnight,35,33,221.5495444408455,220.359435772092,225.5190639288248,181,6942.838986964719,222.3300018310547,220.9499969482422,0.0,220.84901497544985,223.60669054925805,17.5,94.28571428571429,-0.6207011520924399,0.3171983653508903,-0.6661210108432458,0.27134985330810046,2.3414600507822847,1.2486700808308937
AMZN,2025-08-07,2025-08-08,AMZNx,overnight,35,33,222.98231828974335,221.75596234156004,225.5128223337357,122,2863.2620087808855,223.1750030517578,223.13999938964844,0.0,223.04842955957724,224.11492914988645,17.5,94.28571428571429,-0.01568440086511247,-0.029639872365139208,-0.05671490554487457,-0.07066465014626822,1.6941415926346792,0.47814709676059497
AMZN,2025-08-08,2025-08-11,AMZNx,weekend,131,113,223.0210378908715,220.9130045137607,225.58425559613184,461,10187.82289283553,222.69000244140625,222.0,0.0,223.0287441425524,222.84824022524967,65.5,86.25954198473282,-0.30984886337130924,-0.003455272866526027,0.15211356479072347,0.459926977870051,2.1145206424822094,-0.08093302860879836
AMZN,2025-08-11,2025-08-12,AMZNx,overnight,35,29,220.9896942980994,220.8876732114905,228.74663539402093,100,1910.720088283869,221.3699951171875,222.25,0.0,222.18367712645968,217.8016189409864,17.5,82.85714285714286,0.3975267209752831,-0.5373854838493397,0.367566529891028,-0.5670666825199566,3.5578998448708488,-1.972268279176581
AMZN,2025-08-12,2025-08-13,AMZNx,overnight,35,30,221.3136753923368,219.41614255490092,222.96277290018853,123,2685.628934688567,221.44000244140625,222.07000732421875,0.0,222.44210281187608,222.55274107864057,17.5,85.71428571428571,0.284503646977341,-0.5072903938934781,0.45253809583702953,-0.3405826572418391,1.6163944475508174,0.04973800614447299
AMZN,2025-08-13,2025-08-14,AMZNx,overnight,35,31,225.1138879446735,221.67291754495847,226.03262955900516,204,4235.139740138925,224.55499267578125,227.3999938964844,0.0,223.54077550681384,228.0055981559519,17.5,88.57142857142857,1.266950775310005,0.703725051634585,-0.4516564770535969,-1.0053236645430896,1.966731913997788,1.9973191195276963
AMZN,2025-08-14,2025-08-15,AMZNx,overnight,35,30,231.2103475608565,230.20899705063735,232.41353224235144,146,1652.728515134214,230.88999938964844,232.5,0.0,230.70513304119171,231.06738172580043,17.5,85.71428571428571,0.6973020116105344,0.21898711702030838,-0.08006684955841337,-0.5546892211369947,0.9576233856877225,0.1570180428296153
AMZN,2025-08-15,2025-08-18,AMZNx,weekend,131,85,233.4849763611088,230.457841205683,234.46184249894625,263,3423.696461563461,231.05999755859372,230.13999938964844,0.0,231.9287773530688,231.0915043352869,65.5,64.8854961832061,-0.3981641905418942,0.6709814218832211,0.3759974914111952,1.4534531069486212,1.7374116117358396,-0.3610043683830111
AMZN,2025-08-18,2025-08-19,AMZNx,overnight,35,24,230.69330978294244,229.71315268048292,231.03126665522024,74,676.760315795952,231.4199981689453,230.1898956298828,0.0,229.9803537136233,230.39902618664888,17.5,68.57142857142857,-0.5315454795589813,0.3100073801116654,-0.6220916371587837,0.2186951567453077,0.5738086650052265,0.1820470602227786
AMZN,2025-08-19,2025-08-20,AMZNx,overnight,35,27,229.0065805158606,229.0065805158606,230.8330430125791,78,1231.462769520139,228.0200042724609,227.09500122070312,0.0,230.1849580102524,226.75223442552505,17.5,77.14285714285714,-0.40566750040601507,-0.5119263676383601,0.949457809501908,0.8417531363007491,0.7975589577400743,-1.491289272070706
AMZN,2025-08-20,2025-08-21,AMZNx,overnight,35,27,223.57076465377472,222.4192214875744,224.30486169316808,68,689.4630561079981,223.80999755859372,222.6499938964844,0.0,224.11606480411203,223.5272651497713,17.5,77.14285714285714,-0.5182984114932676,-0.24331149612765168,0.13675316065278054,0.4135507669128513,0.8477865325587475,-0.2627208606644782
AMZN,2025-08-21,2025-08-22,AMZNx,overnight,35,29,221.89367392590336,221.74962690624585,224.0572380039337,66,1155.9261292928031,221.9499969482422,222.75999450683597,0.0,222.84288398724183,222.8116763395572,17.5,82.85714285714286,0.36494596518632516,-0.42595484511537274,0.4022919807509018,-0.38890312546943084,1.0406380970658713,-0.014004327679772999
AMZN,2025-08-22,2025-08-25,AMZNx,weekend,131,95,228.81958635346288,226.5819041827104,229.21830467642692,319,4376.182492284684,228.83999633789065,227.3500061035156,0.0,228.07713522090768,228.9560201419674,65.5,72.51908396946565,-0.6511056887866018,0.3255263320613322,-0.33336004596704605,0.646395518141385,1.1635529779953746,0.3853454754280561
AMZN,2025-08-25,2025-08-26,AMZNx,overnight,35,27,226.6713707402236,225.76519673574515,228.59116784169527,98,2709.1236007257558,227.8950042724609,227.1750030517578,0.0,227.98887044185463,225.8809865626976,17.5,77.14285714285714,-0.31593549977176894,-0.5778789548268937,0.04118834008379757,-0.22169354232141059,1.2517301810951231,-0.9245556044344849
AMZN,2025-08-26,2025-08-27,AMZNx,overnight,35,28,226.3116919736571,226.3116919736571,228.0507164498337,95,1917.8212034699309,228.72000122070312,228.57000732421875,0.0,228.0589486901331,227.9312720031189,17.5,80.0,-0.06557970255501866,-0.7661425813419886,-0.2890226158805187,-0.9880191093306068,0.7684200763162563,-0.055984072428427734
AMZN,2025-08-27,2025-08-28,AMZNx,overnight,35,28,230.1976215927276,228.6339993032594,231.22577340178427,118,1507.5198036197082,229.0500030517578,229.1000061035156,0.0,229.46655707803387,234.8734514766355,17.5,80.0,0.021830626977337175,0.31859305512877967,0.1818616113189675,0.4790988476517377,1.1335908510646142,2.3562886319695497
AMZN,2025-08-28,2025-08-29,AMZNx,overnight,35,29,233.7699923545321,229.8792748370164,234.32575745262395,127,3501.672220777029,231.55999755859372,231.31500244140625,0.0,230.4107420884413,231.70490065840764,17.5,82.85714285714286,-0.1058020037012164,1.4579399535119553,-0.49631001998158286,1.0613189318525507,1.9342685932692616,0.5616745808967538
AMZN,2025-08-29,2025-09-02,AMZNx,holiday,179,128,225.37534638526952,224.2756287626605,232.3307657876132,428,9149.836484775322,229.0500030517578,223.6150054931641,0.0,231.48165228262275,225.73806206833245,89.5,71.50837988826815,-2.3728432596290316,-2.637922201236864,1.0616237496034797,0.7872194838728142,3.5916238734423622,-2.4812291417713683
AMZN,2025-09-02,2025-09-03,AMZNx,overnight,35,21,227.56270621942264,224.27399887116175,227.56270621942264,53,1224.281030609252,225.3300018310547,225.2100067138672,0.0,223.68773436133185,226.9295282501807,17.5,60.0,-0.053253058275604115,1.7323130698938538,-0.7288276999856236,1.0446691689613097,1.4663792346923499,1.4492497311507702
AMZN,2025-09-03,2025-09-04,AMZNx,overnight,35,23,230.04223677463665,225.00158562908464,230.04223677463665,70,5599.1121547848825,226.0,231.18499755859372,0.0,228.810196340056,231.79769055407672,17.5,65.71428571428571,2.294246707342351,0.5384552149719779,1.2434497079893747,-0.4943057707139653,2.2402736102764775,1.3056648094391443
AMZN,2025-09-04,2025-09-05,AMZNx,overnight,35,29,235.12985267376052,233.98670362475352,237.73531827960392,132,4445.466917488869,235.69000244140625,235.1100006103516,0.0,233.83828818275552,235.23269341398637,17.5,82.85714285714286,-0.2460867347136797,0.5523323408848979,-0.7856566844031021,0.008443734148855242,1.6020631073388136,0.5963117683024821
AMZN,2025-09-05,2025-09-08,AMZNx,weekend,131,82,235.51842812422893,231.55898624442435,235.51842812422893,236,4671.194242767908,232.32000732421875,234.96749877929688,0.0,232.97075206993964,234.3988440380514,65.5,62.595419847328245,1.1395882281388658,1.0935604712837277,0.2801070614691925,0.2344704471019421,1.7099063802366032,0.6129919551802976
AMZN,2025-09-08,2025-09-09,AMZNx,overnight,35,25,235.93478228026456,233.81318681318683,237.5082290231993,76,1042.334954610371,235.8600006103516,236.35499572753903,0.0,235.6517518649067,,17.5,71.42857142857143,0.20986819126027623,0.12010537291491374,-0.08829337102772561,-0.17778911166272948,1.5803395267713238,
AMZN,2025-09-09,2025-09-10,AMZNx,overnight,35,26,238.7743307091831,236.17536047644012,240.1432885676477,67,3615.370498165923,238.22999572753903,237.51499938964844,0.0,236.40134627037048,235.42605036147253,17.5,74.28571428571429,-0.30012859451515883,1.003794807538294,-0.7675983251328122,0.530211280454207,1.6800770762889883,-0.412559371714627
AMZN,2025-09-10,2025-09-11,AMZNx,overnight,35,23,230.78753948216288,230.70489989713363,234.29932775835556,72,3922.820166701928,230.3600006103516,231.3699951171875,0.0,231.619814971694,231.9365467713567,17.5,65.71428571428571,0.4384417885743508,-0.35932827665579037,0.5468893722887946,-0.2517420786258828,1.5580197311910515,0.1367464177023825
AMZN,2025-09-11,2025-09-12,AMZNx,overnight,35,32,232.13568149798755,230.36007097696205,233.36327690291515,140,6203.966140676468,229.9550018310547,230.30499267578125,0.0,233.24140387853504,230.28527996871009,17.5,91.42857142857143,0.15219970948217032,-0.4740677950658023,1.42915006036477,0.7948975838242056,1.303700729565005,-1.2674095853772216
AMZN,2025-09-12,2025-09-15,AMZNx,weekend,131,115,232.1808788864735,226.4067935810812,233.41084615319875,541,29303.58930423257,228.1100006103516,230.7400054931641,0.0,229.0588635737969,232.60157540849897,65.5,87.78625954198473,1.152954660372374,1.362975116512244,0.4159672793417446,0.6244575535264474,3.093569968168497,1.5466381782518024
AMZN,2025-09-15,2025-09-16,AMZNx,overnight,35,24,234.69280049208595,232.8498084312911,235.8929135017622,61,1769.886954727147,231.44000244140625,233.25,0.0,232.2845133231374,234.3260699003492,17.5,68.57142857142857,0.7820590820517337,1.036783354385018,0.3648940860795813,0.6185639837453127,1.3068961022439707,0.8789034395813466
AMZN,2025-09-16,2025-09-17,AMZNx,overnight,35,24,235.43053638726056,234.14475503538807,236.464430609909,60,1130.789072612633,234.0200042724609,233.7700042724609,0.0,236.3273510707869,234.6784768593509,17.5,68.57142857142857,-0.10682847424826614,-0.3794798526124521,0.9859613521071564,0.7103272808534955,0.9907014889871446,-0.6977077363094275
AMZN,2025-09-17,2025-09-18,AMZNx,overnight,35,27,234.9078639426419,231.3907481848609,234.9078639426419,96,2045.6471938695452,231.63999938964844,232.46499633789065,0.0,232.26687395169424,232.1137848807007,17.5,77.14285714285714,0.3561547877810378,1.1370497850231365,0.27062448786805415,1.0508539535993178,1.5199897944800922,-0.06591085004458153
AMZN,2025-09-18,2025-09-19,AMZNx,overnight,35,19,232.20383075177384,230.80116532500531,232.2172118026551,57,1007.624875755808,231.2100067138672,232.3800048828125,0.0,231.36626958513048,232.36706135340756,17.5,54.285714285714285,0.5060326694221517,0.36200660024696685,0.06758482190465376,-0.0758129474726088,0.6135352374221137,0.4325573343390232
AMZN,2025-09-19,2025-09-22,AMZNx,weekend,131,99,230.5682494397484,228.61709236135457,237.4878875777512,400,24185.536554335667,231.6000061035156,230.32000732421875,0.0,237.4729404018505,229.55879540752855,65.5,75.57251908396947,-0.5526764877220036,-2.907569574208335,2.535809215700091,0.1077813944232009,3.8801977248382524,-3.332651282680743
AMZN,2025-09-22,2025-09-23,AMZNx,overnight,35,29,230.2518771481503,229.1707043120842,236.07550000172407,181,18014.834472737086,227.6199951171875,227.75,0.0,230.12070605214288,226.1953348282276,17.5,82.85714285714286,0.05711487813080396,0.05700099667593772,1.0986341220453388,1.0985190551702662,3.012948670889859,-1.7057879281084043
AMZN,2025-09-23,2025-09-24,AMZNx,overnight,35,30,222.74671548373288,221.76450571850992,224.2802224893213,100,3452.625827236571,220.7400054931641,224.0,0.0,221.87486917693005,223.8781681983625,17.5,85.71428571428571,1.4768480681843998,0.3929450460239403,0.5141178107840094,-0.5595020161906716,1.1344091168514758,0.9028958659734299
AMZN,2025-09-24,2025-09-25,AMZNx,overnight,35,31,219.74684135637284,219.74684135637284,223.43100848249043,126,5233.95327188313,220.2100067138672,220.0,0.0,222.0904533279008,219.41082925673663,17.5,88.57142857142857,-0.09536656258317677,-1.0552511089109151,0.853933316698452,-0.11507211073962242,1.6765506631982952,-1.2065462657270931
AMZN,2025-09-25,2025-09-26,AMZNx,overnight,35,30,219.7325702014737,217.1133733020684,219.9616064023736,97,3667.27689976192,218.1300048828125,219.0,0.0,218.92334158760283,220.5353976709091,17.5,85.71428571428571,0.39884247820691776,0.36964017084812895,0.36369902674167065,0.33450694131218484,1.3118644222539277,0.7363564212093054
AMZN,2025-09-26,2025-09-29,AMZNx,weekend,131,92,222.1157794612276,220.5344312672802,223.61367048452607,260,7111.356302224626,219.8000030517578,220.0,0.0,221.30062488767143,221.5257183619181,65.5,70.22900763358778,0.09099042104885324,0.36834716303666415,0.6827214809274951,0.9617179369216355,1.3962623430506138,0.10171389003574838
AMZN,2025-09-29,2025-09-30,AMZNx,overnight,35,30,220.36422959492424,219.96310969925855,224.37262688524717,192,25366.869472296985,222.1699981689453,222.0,0.0,221.3680995917395,219.5063643054501,17.5,85.71428571428571,-0.07651715818804972,-0.45348448971043176,-0.36093918342476883,-0.7368335157998951,2.0046621417643573,-0.8410133572646417
AMZN,2025-09-30,2025-10-01,AMZNx,overnight,35,33,220.5061367206993,217.4022331825808,223.66969773220572,189,13015.204762107145,219.55999755859372,217.0,0.0,218.33895889336864,219.44161927979343,17.5,94.28571428571429,-1.1659672012478195,0.9925749569910991,-0.5561298409557658,1.6157312076955144,2.8828887623989274,0.505022279126699
AMZN,2025-10-01,2025-10-02,AMZNx,overnight,35,28,222.70692658247597,222.1104682223814,224.7969399646252,90,2884.3995071433046,220.6000061035156,220.9499969482422,0.0,223.7227350430838,221.5598667107338,17.5,80.0,0.15865405033685942,-0.4540479359025351,1.4155615834855695,0.7951706985745544,1.2095205434234924,-0.9667628691976571
AMZN,2025-10-02,2025-10-03,AMZNx,overnight,35,28,224.54201197479048,223.1076804458662,225.7642618567797,70,2539.132948998961,222.41000366210935,223.42999267578125,0.0,224.212779159766,225.22626362470152,17.5,80.0,0.4586075252359212,0.1468394514613669,0.8105640339790998,0.4977036814492797,1.1907171486003953,0.45201904580707275
AMZN,2025-10-03,2025-10-06,AMZNx,weekend,131,99,222.09229437666124,220.4639589174592,229.6012569505548,380,23656.37620898651,219.4900054931641,220.9199981689453,0.0,222.8953722382872,219.7869093904144,65.5,75.57251908396947,0.6515069661455541,-0.36029364520292484,1.5514905735555917,0.530642865033637,4.14457677253115,-1.394583842929531
AMZN,2025-10-06,2025-10-07,AMZNx,overnight,35,28,223.5219133167477,219.0287473629436,224.8183235345665,128,10413.759070473216,220.8800048828125,220.8800048828125,0.0,222.4212442116817,222.36843298670897,17.5,80.0,0.0,0.49485790306005306,0.6977722269097653,1.1960831109800507,2.643295111408017,-0.023743786327568017
AMZN,2025-10-07,2025-10-08,AMZNx,overnight,35,23,223.09782583693368,221.86778254789968,225.579443545234,97,11171.551110924305,221.8000030517578,222.94500732421875,0.0,222.2563541409057,222.05577657686905,17.5,65.71428571428571,0.5162327577577841,0.3786041120311445,0.20574891022042685,0.06854538459912796,1.672915713453338,-0.0902460425988516
AMZN,2025-10-08,2025-10-09,AMZNx,overnight,35,31,224.1648696051432,222.7932997477616,229.16104395770984,224,35863.19876863942,225.1999969482422,224.00999450683597,0.0,228.1189934325676,223.1139321464825,17.5,88.57142857142857,-0.528420274215069,-1.7333601941362464,1.296179628721883,0.06913758408333415,2.8581399068811963,-2.1940572377479817
AMZN,2025-10-09,2025-10-10,AMZNx,overnight,35,30,228.15735340057404,226.24591662487492,230.22298727645136,114,7004.554961647047,227.6199951171875,226.5500030517578,0.0,226.5959134211484,228.1972974908504,17.5,85.71428571428571,-0.4700782393386893,0.689085674958112,-0.4499084957417132,0.7094903231799954,1.757853008313326,0.7067135702159222
AMZN,2025-10-10,2025-10-13,AMZNx,weekend,131,120,220.51290441560204,213.90208501978583,223.75580373956487,778,34026.578001775255,216.17999267578125,217.6999969482422,0.0,219.63407620073448,220.1083254242048,65.5,91.6030534351145,0.7031197723929017,0.40013290745664065,1.5977813127848295,1.2921026673365699,4.606649214694469,0.2159269780327211
AMZN,2025-10-13,2025-10-14,AMZNx,overnight,35,31,216.83348698958235,216.3719643296189,220.70893048553432,232,11597.721111860843,220.0,215.3999938964844,0.0,220.9224797132596,216.4216272638548,17.5,88.57142857142857,-2.0909118652343572,-1.850872183303598,0.41930896057253975,0.6655028475937907,2.0044030054228834,-2.037299443337126
AMZN,2025-10-14,2025-10-15,AMZNx,overnight,35,33,220.1345198275552,217.08978206861656,224.06044943717848,222,18908.58813617423,216.44000244140625,216.6999969482422,0.0,217.8441848334504,218.82296465173607,17.5,94.28571428571429,0.12012313061506852,1.0513638433157446,0.6487628794147327,1.5849205942228606,3.210960599867696,0.4493027064431221
AMZN,2025-10-15,2025-10-16,AMZNx,overnight,35,31,218.0644669173043,213.35373370474184,218.60167045373973,255,26463.433017652715,215.6300048828125,215.6699981689453,0.0,214.4584537656268,218.39313027819253,17.5,88.57142857142857,0.018547180460593005,1.681450690499875,-0.5433154434246634,1.110246565905415,2.4597351346381746,1.8347033858902018
AMZN,2025-10-16,2025-10-17,AMZNx,overnight,35,35,216.6006419760504,213.86391516034644,218.11164346791048,368,26100.010526316844,214.47000122070312,214.55999755859372,0.0,216.1316592862729,214.87066215820383,17.5,100.0,0.04196220328174238,0.2169893533072509,0.7747741204420677,0.9510833522914375,1.9861828043217455,-0.5834393407394556
AMZN,2025-10-17,2025-10-20,AMZNx,weekend,131,98,216.2750752272996,213.1526384341218,217.2574327662566,358,13772.052173234377,213.0500030517578,213.8000030517578,0.0,213.84584419073892,216.57902805537836,65.5,74.80916030534351,0.3520300348542005,1.1359729929537155,0.3735466451919134,1.1576576895289348,1.9257534705128476,1.2781094133405668
AMZN,2025-10-20,2025-10-21,AMZNx,overnight,35,31,217.8855190689476,216.03853507270196,218.7075896752779,169,8481.571233958819,216.47000122070312,218.40499877929688,0.0,217.0642824691362,219.01662177369855,17.5,88.57142857142857,0.8938871657421465,0.37833796996433744,0.27453284292597857,-0.23785156624287485,1.2354530184523371,0.8994290918589609
AMZN,2025-10-21,2025-10-22,AMZNx,overnight,35,34,220.9325645743984,217.1541461434803,224.29175147872857,310,30868.450351414413,222.02999877929688,219.42999267578125,0.0,224.28008860216627,220.60957135054448,17.5,97.14285714285714,-1.1710156815791795,-1.492564074069802,1.0134170315904134,0.6847614039878769,3.2868842073741744,-1.6365774039498682
AMZN,2025-10-22,2025-10-23,AMZNx,overnight,35,30,219.184730532695,217.6544537449786,219.21217265560023,111,2710.702047804198,217.97000122070312,218.94500732421875,0.0,217.9928043175279,219.36187135587596,17.5,85.71428571428571,0.44731206040062865,0.5467731923072705,0.010461575765963183,0.10949014613577113,0.7156843720950379,0.6280331328523348
AMZN,2025-10-23,2025-10-24,AMZNx,overnight,35,29,221.68481951053707,220.46417838470427,225.07666143631363,151,17430.807886832437,221.08999633789065,221.97000122070312,0.0,221.36067517892832,222.71335276475577,17.5,82.85714285714286,0.39803016752850695,0.14643266304945612,0.12242925755174827,-0.12847759093468358,2.0921689343838423,0.6110740242069035
AMZN,2025-10-24,2025-10-27,AMZNx,weekend,131,101,228.9885200032139,223.0233999113105,229.8799069129541,366,24073.39363257756,224.25999450683597,227.80999755859372,0.0,224.3724019848728,228.55143373775925,65.5,77.09923664122137,1.5829854359733053,2.0573466154952147,0.05012373173558515,0.5173269203503805,3.074344218754743,1.8625426816833768
AMZN,2025-10-27,2025-10-28,AMZNx,overnight,35,33,229.41887917413888,227.7981440457098,231.08275745556944,143,9336.881252953399,226.97999572753903,228.22000122070312,0.0,227.63465121807675,230.03902999831308,17.5,94.28571428571429,0.5463060694796074,0.783812107038484,0.2884199060976034,0.5253167763663136,1.4418964753288632,1.0562446303190143
AMZN,2025-10-28,2025-10-29,AMZNx,overnight,35,27,233.61190764336823,229.53101116495992,233.61190764336823,142,12328.9751945437,229.2400054931641,231.6719970703125,0.0,230.7496925354647,232.2427560044989,17.5,77.14285714285714,1.0608931769638064,1.240398232584261,0.6585617719964798,0.8373522037999903,1.7779281578101935,0.647048952754159
AMZN,2025-10-29,2025-10-30,AMZNx,overnight,35,32,228.87093217235667,227.0547927261908,230.0087244745866,186,8577.381139000778,230.33999633789065,226.87249755859372,0.0,230.7986745997016,227.36584757970417,17.5,91.42857142857143,-1.5053828403341574,-0.8352484825523421,0.1991309668764929,0.8808624382718788,1.3009774922293715,-1.487368602073369
AMZN,2025-10-30,2025-10-31,AMZNx,overnight,35,35,254.04323120376188,236.89195553412085,258.5778824596949,681,55346.33464514713,222.7700042724609,250.1999969482422,0.0,225.036491429466,248.0846025607626,17.5,100.0,12.313144566012934,12.889793824121876,1.0174112822806336,1.5360648690634138,9.15435345901836,10.241943866477609
AMZN,2025-10-31,2025-11-03,AMZNx,weekend,133,115,245.1712240036612,242.38818184742811,247.152036091308,621,28220.745323194747,244.22000122070312,255.63999938964844,0.0,246.4756263358438,255.5730583550169,66.5,86.46616541353383,4.676110929434074,-0.5292216320023635,0.9236037604889891,-4.0951241632694035,1.9653822259694476,3.691006755685078
AMZN,2025-11-03,2025-11-04,AMZNx,overnight,35,31,249.038510670444,247.4275864214703,256.40736491576104,255,11623.552957130105,254.05999755859372,250.3800048828125,0.0,256.5129840335291,252.01168923787856,17.5,88.57142857142857,-1.4484738688279708,-2.9138772024530746,0.9655146416230442,-0.5357832838913668,3.6292551789251615,-1.754801930440364
AMZN,2025-11-04,2025-11-05,AMZNx,overnight,35,32,249.34766200292955,244.60753826702484,250.8709242500396,333,5882.588549785483,249.42999267578125,248.80499267578125,0.0,250.34301734511837,248.46806234201824,17.5,91.42857142857143,-0.25057130992759413,-0.3975966067456316,0.36604445982721945,0.21811030450480384,2.5605858377828694,-0.7489543838625767
AMZN,2025-11-05,2025-11-06,AMZNx,overnight,35,32,252.08041229901843,248.79174085315464,252.89128575543123,133,1761.0413500988473,250.2400054931641,249.22000122070312,0.0,250.06507538010027,250.50671684859137,17.5,91.42857142857143,-0.4076103940498177,0.8059249840685734,-0.06990493495198091,1.1477453913428803,1.647781750398325,0.17661061538474243
AMZN,2025-11-06,2025-11-07,AMZNx,overnight,35,30,240.93442185308743,238.24532878703388,245.586269605648,204,12686.986977731485,243.0800018310547,242.8999938964844,0.0,244.6514906949672,239.26112829610636,17.5,85.71428571428571,-0.07405295919629129,-1.5193321860908826,0.64649039496254,-0.809210412839545,3.0812527808997014,-2.2032820578974377
AMZN,2025-11-07,2025-11-10,AMZNx,weekend,131,120,248.7816950961156,243.00102305202643,249.7686721255336,887,45110.5205559226,244.41000366210935,248.30999755859372,0.0,243.51522312863403,249.956183981428,65.5,91.6030534351145,1.5956768700335244,2.1626869564124185,-0.3660981629509452,0.18996316787871503,2.7850290457658744,2.644993101475057
AMZN,2025-11-10,2025-11-11,AMZNx,overnight,35,31,247.76230662906136,246.9047285054885,251.7169147338731,188,3323.470855534959,248.41000366210935,248.44500732421875,0.0,250.57958878841131,247.52071184240697,17.5,88.57142857142857,0.014091083931155879,-1.1243063223832062,0.8733887904341708,-0.27478946045652597,1.9490052934638902,-1.2207207142427179
AMZN,2025-11-11,2025-11-12,AMZNx,overnight,35,31,251.5285328841852,246.8446020757778,251.5285328841852,149,4307.870010768843,249.13999938964844,250.18499755859372,0.0,248.77402674014115,249.66852948041804,17.5,88.57142857142857,0.4194421495967493,1.1072322059253015,-0.1468943768177966,0.5370167430910122,1.8975220721940245,0.35956436127926317
AMZN,2025-11-12,2025-11-13,AMZNx,overnight,35,30,243.83539068680216,243.83539068680216,246.9583976014283,142,3087.762163263131,244.25,243.1000061035156,0.0,246.3545282582901,242.68335708769604,17.5,85.71428571428571,-0.4708265696967917,-1.0225659699856449,0.8616287649089394,0.3025029061387352,1.280784920445588,-1.4901983724630474
AMZN,2025-11-13,2025-11-14,AMZNx,overnight,35,34,234.29720137855995,233.82561796862907,244.91933216158583,354,54958.438893366285,237.5800018310547,235.1199951171875,0.0,238.316069177604,234.77407741930315,17.5,97.14285714285714,-1.0354435116203597,-1.6863603922776194,0.3098187309017453,-0.3499463064455477,4.744439163396175,-1.4862580481978305
AMZN,2025-11-14,2025-11-17,AMZNx,weekend,131,101,236.62150542913767,234.6499825304857,238.45807585835485,610,37831.40996355466,234.6999969482422,232.94500732421875,0.0,236.9091402801049,234.9368606083381,65.5,77.09923664122137,-0.7477586906021405,-0.12141146205973952,0.9412626163560978,1.5782686854506789,1.6228824254757468,-0.8325046764489197
AMZN,2025-11-17,2025-11-18,AMZNx,overnight,35,33,228.60882133181116,228.60882133181116,234.67870874077937,347,14369.48380275755,232.88999938964844,228.1199951171875,0.0,234.3558339338223,228.33844771020907,17.5,94.28571428571429,-2.0481790909708586,-2.4522592442200564,0.6294106865968985,0.21428468572977089,2.655141378012771,-2.5676280904158966
AMZN,2025-11-18,2025-11-19,AMZNx,overnight,35,34,223.10721373976023,221.184078314556,223.6027647525564,344,14141.840804993659,222.55499267578125,223.7350006103516,0.0,224.24451381072103,221.95203799639296,17.5,97.14285714285714,0.5302095991570832,-0.5071696299873696,0.7591477120448609,-0.2805939476964947,1.0935174251379243,-1.0223107693341782
AMZN,2025-11-19,2025-11-20,AMZNx,overnight,35,33,226.50644567057049,223.61786519686424,227.43641555674205,418,9537.319441140748,222.69000244140625,227.13999938964844,0.0,222.69794871688364,226.19435151781047,17.5,94.28571428571429,1.9982921996747782,1.7101625657668595,0.00356831262753321,-0.2789265302370225,1.707623117015311,1.5700202094684812
AMZN,2025-11-20,2025-11-21,AMZNx,overnight,35,35,218.487872863102,218.05668604745307,220.2868486263275,367,3374.345577569767,217.1499938964844,216.3800048828125,0.0,219.34017766441872,218.16487983951816,17.5,100.0,-0.3545885495345513,-0.38857668959341174,1.0086041121319944,0.9741509995025099,1.0227444153622978,-0.535833351379289
AMZN,2025-11-21,2025-11-24,AMZNx,weekend,131,113,225.03463030130828,220.1086036228208,225.5314557349384,839,35285.74398111209,220.6450042724609,222.5800018310547,0.0,220.64903446661933,225.41261247574087,65.5,86.25954198473282,0.8769732018062637,1.9875889533305102,0.0018265512839121811,1.1028072828019653,2.463716557581841,2.1588936569048034
AMZN,2025-11-24,2025-11-25,AMZNx,overnight,35,30,227.03321885050607,226.0108075605539,227.9858456409501,146,8820.357696090541,226.1000061035156,226.3800048828125,0.0,226.464,225.94624656918117,17.5,85.71428571428571,0.12383846604970827,0.25135070055553044,0.1609880082523052,0.2885475543795035,0.8738688657032645,-0.2286250489344166
AMZN,2025-11-25,2025-11-26,AMZNx,overnight,35,33,232.42734036207275,230.79400720757488,233.2005468271272,173,12356.92782934527,229.6000061035156,230.7400054931641,0.0,231.1096688144314,231.499096787751,17.5,94.28571428571429,0.4965154004109795,0.570149900867789,0.6575185848362475,0.7312710534535638,1.0427218837566699,0.1685035400367907
AMZN,2025-11-26,2025-11-28,AMZNx,holiday,83,66,230.74845394468755,229.05413472905784,231.1304542216183,297,11104.963218795856,229.1199951171875,231.21499633789065,0.0,229.93460512278705,234.6052730171633,41.5,79.51807228915662,0.9143685690249814,0.3539479503165355,0.35553859242312136,-0.2017786045855341,0.9064754473943282,2.031302722738104
AMZN,2025-11-28,2025-12-01,AMZNx,weekend,137,106,233.94431033533945,230.91943949897845,235.8674581338533,463,23015.445151093234,232.1000061035156,233.21499633789065,0.0,234.35903087484544,235.02409252833132,68.5,77.37226277372262,0.48039216072996993,-0.17695948731221156,0.9732980232332933,0.31272174126921737,2.1427466849956334,0.283778974082316
AMZN,2025-12-01,2025-12-02,AMZNx,overnight,35,31,238.2166283742096,232.90162497956757,239.92731280897056,230,51419.79054267402,233.9499969482422,235.5,0.0,233.3360092467172,236.51922616713145,17.5,88.57142857142857,0.6625360427342519,2.091669924092976,-0.2624439878325058,1.1535576960550298,3.0165903007415062,1.3642201778845342
AMZN,2025-12-02,2025-12-03,AMZNx,overnight,35,29,235.28003239852637,235.28003239852637,238.9464229876108,207,22757.880489944822,234.3699951171875,233.3500061035156,0.0,235.61325708177236,233.45866595323267,17.5,82.85714285714286,-0.43520460593170496,-0.14142866465716164,0.5304697659626711,0.8270950265819144,1.5583092843485025,-0.914460907346959
AMZN,2025-12-03,2025-12-04,AMZNx,overnight,35,29,233.62498489812188,233.1123234384219,234.7670563616946,170,3911.112119834372,232.3699951171875,232.6450042724609,0.0,234.38195524183496,231.93080024439044,17.5,82.85714285714286,0.11834968414692337,-0.32296442912255197,0.8658433390390075,0.4212343302731236,0.7098436062346725,-1.0457950975429897
AMZN,2025-12-04,2025-12-05,AMZNx,overnight,35,31,230.04409835331865,228.4517128215316,230.8614734092779,137,4197.462069555773,229.1000061035156,230.3800048828125,0.0,228.9524728695199,230.6418638245461,17.5,88.57142857142857,0.5587074400681402,0.47679130525086766,-0.06439687039074826,-0.1458054181675661,1.0548227272993982,0.7378784486809176
AMZN,2025-12-05,2025-12-08,AMZNx,weekend,131,104,231.4619025749244,229.88585305230563,235.87565008335815,763,117334.19252756173,229.5500030517578,229.5200042724609,0.0,229.7720245800465,231.01036930077925,65.5,79.38931297709924,-0.01306851618300131,0.7354585476480491,0.0967203334075295,0.846069303901853,2.6055526912696303,0.5389449490189602
AMZN,2025-12-08,2025-12-09,AMZNx,overnight,35,24,227.7814509510924,226.8029256220321,229.07171624096685,86,6762.999439632157,226.9900054931641,226.88999938964844,0.0,227.55314253844517,227.2807302734012,17.5,68.57142857142857,-0.044057492002069765,0.10033190932912106,0.24808891653955722,0.3929003322500124,1.0003356935155638,-0.11971369061535286
AMZN,2025-12-09,2025-12-10,AMZNx,overnight,35,29,228.86388212916924,226.64057357572327,229.0967679859762,193,9761.271618608245,227.8999938964844,228.58999633789065,0.0,228.2429781047526,230.5796553492913,17.5,82.85714285714286,0.3027654497084642,0.2720364190707647,0.1504976820771553,0.11981530061084822,1.083739937426631,1.0237674183633638
AMZN,2025-12-10,2025-12-11,AMZNx,overnight,35,35,230.81585110771752,228.91184129593512,232.1214676907696,448,121775.54481786721,231.69000244140625,230.7100067138672,0.0,230.9019523864551,230.7319168007496,17.5,100.0,-0.42297713203525156,-0.03728910814642106,-0.3401312299396442,0.04587767793773345,1.402123357474161,-0.07363973493862419
AMZN,2025-12-11,2025-12-12,AMZNx,overnight,35,32,232.4160081826916,230.7094092427469,233.145315449376,162,7176.406214410969,230.2700042724609,230.0200042724609,0.0,231.27142934357587,230.06185225352303,17.5,91.42857142857143,-0.10856820053044558,0.49490714973501326,0.4348916717481277,1.0416502329043453,1.0558330562348672,-0.5230118970968589
AMZN,2025-12-12,2025-12-15,AMZNx,weekend,131,90,229.1824982970801,224.96130653321072,229.48087765443103,413,36698.145142421476,226.19000244140625,227.0,0.0,225.88048033458563,227.52613420915995,65.5,68.70229007633588,0.3581049338392317,1.4618429877620853,-0.13684163909977176,0.9614529943084094,2.0090437732913413,0.7285507238769418
AMZN,2025-12-15,2025-12-16,AMZNx,overnight,35,34,222.8385679866982,221.82456750866663,224.7503592081598,184,9813.37066759822,222.5500030517578,223.13999938964844,0.0,223.98393376261188,223.1303729105479,17.5,97.14285714285714,0.2651073151202832,-0.5113606840781659,0.64431844133499,-0.1350862255869556,1.3189664843497928,-0.3810812845927769
AMZN,2025-12-16,2025-12-17,AMZNx,overnight,35,28,225.97590639373345,221.91770309847965,226.8631159098385,206,13981.23895602793,222.52999877929688,224.55999755859372,0.0,222.79757465767256,224.3982186462201,17.5,80.0,0.9122360088224202,1.4265558056205885,0.12024260991483349,0.6305258507897316,2.2284895446868624,0.718429718549185
AMZN,2025-12-17,2025-12-18,AMZNx,overnight,35,28,225.0168251557457,221.9405502633076,225.0168251557457,173,9034.472526697491,221.24099731445312,225.7050018310547,0.0,222.03018259016469,226.13087378767776,17.5,80.0,2.0177112609272907,1.3451516053985868,0.35670842442907524,-0.30490094137307633,1.3860805917568664,1.846907095997108
AMZN,2025-12-18,2025-12-19,AMZNx,overnight,35,28,227.6639866332808,226.2466181577284,229.1701326732679,142,5850.10989914658,226.75999450683597,226.7519989013672,0.0,227.01491537682895,226.9848544052731,17.5,80.0,-0.0035260211952992115,0.285915687687055,0.11241880233212598,0.4021961157265608,1.292180426538514,-0.013241848671463607
AMZN,2025-12-19,2025-12-22,AMZNx,weekend,131,102,230.409334812204,226.93255930656932,234.6727953680981,536,56696.64586585246,227.3699951171875,228.5200042724609,0.0,228.00857704744965,228.91501751282337,65.5,77.86259541984732,0.5057875621102381,1.0529243223401874,0.28085584904595784,0.8267681185103015,3.4108089580359824,0.397546652459968
AMZN,2025-12-22,2025-12-23,AMZNx,overnight,35,35,230.1933788746745,227.8171773015108,233.98011835802188,298,44204.491442486564,228.44000244140625,229.05499267578125,0.0,229.08195654229772,231.0577318937989,17.5,100.0,0.2692130221513045,0.48516362840280713,0.2810165006263077,0.49699252812385186,2.7052135091440332,0.8624753260025431
AMZN,2025-12-23,2025-12-24,AMZNx,overnight,35,32,232.57123902873585,231.6856607161753,234.599507914884,193,27124.795854021144,232.1199951171875,232.0,0.0,232.4245726210068,232.23247891386868,17.5,91.42857142857143,-0.051695295412579334,0.06310279764101256,0.13121553947368358,0.24622371928268993,1.2576726542771421,-0.08264776179727207
AMZN,2025-12-24,2025-12-26,AMZNx,holiday,89,79,232.36883336207677,231.53267991088936,235.50784693082323,512,28708.139580462725,232.79200744628903,231.5,0.0,233.4311662824948,232.6599470101412,44.5,88.76404494382022,-0.5550050710341203,-0.4550947233551428,0.27456219103794144,0.37530598793813486,1.7168924151285347,-0.3303840205383213
AMZN,2025-12-26,2025-12-29,AMZNx,weekend,131,119,232.73398883578363,232.4756494894656,235.9650228058813,772,51895.888798790824,232.5,231.0,0.0,234.83893610580773,233.6987807456541,65.5,90.83969465648855,-0.6451612903225823,-0.896336572175449,1.0059940240033205,0.7506445176552523,1.5009629284093329,-0.4855052484311839
AMZN,2025-12-29,2025-12-30,AMZNx,overnight,35,24,233.74408139057897,232.5716528961021,233.9185251306909,68,5634.815455453688,232.0800018310547,230.5,0.0,234.82514560400716,232.24717396834907,17.5,68.57142857142857,-0.6808005078373203,-0.46036986824707915,1.1828437397854108,1.4074105815960802,0.5791214096029673,-1.097826056501372
AMZN,2025-12-30,2025-12-31,AMZNx,overnight,35,27,233.4714677389265,232.41881939607356,234.4347139230171,85,5864.910994392233,232.48989868164065,232.2700042724609,0.0,234.45475511870563,232.4648547934584,17.5,77.14285714285714,-0.09458234978236835,-0.419393234008536,0.8451362610620627,0.5172701788286993,0.8673542582230409,-0.848735323896399
AMZN,2025-12-31,2026-01-02,AMZNx,holiday,83,67,232.12344928475275,228.32192377293063,233.81902028487127,374,67068.27503067395,230.83999633789065,231.0,0.0,232.2789077210082,234.3162007661597,41.5,80.72289156626506,0.06931366515667836,-0.06692748720954489,0.6233371191928905,0.48634168171115544,2.4076078289387404,0.8770891275235781
AMZN,2026-01-02,2026-01-05,AMZNx,weekend,131,115,227.96629597792943,225.98142065649455,231.37257899724509,730,95100.25613312259,226.5,228.8650054931641,0.0,227.0301551825854,230.1948681920244,65.5,87.78625954198473,1.0441525356132741,0.41234204971192234,0.23406409827169128,-0.3926810537496106,2.3856644166094565,1.393961523258369
AMZN,2026-01-05,2026-01-06,AMZNx,overnight,35,30,233.6064508561919,233.1872528345583,234.4970796055676,162,9687.999814584524,233.0500030517578,232.1999969482422,0.0,233.09793059541656,235.36515447265936,17.5,85.71428571428571,-0.36473121320957924,0.2181573467754161,0.02056534779280028,0.6057079786539576,0.561705991681527,0.9726486509131549
AMZN,2026-01-06,2026-01-07,AMZNx,overnight,35,34,240.42732870060408,240.1485126815088,241.93368810614777,198,7367.089092099705,241.05499267578125,239.6100006103516,0.0,241.92734693644135,242.3602769370408,17.5,97.14285714285714,-0.5994449853080508,-0.6200283906851456,0.3618901442267175,0.341107670034857,0.7433630984034156,0.17895041882685092
AMZN,2026-01-07,2026-01-08,AMZNx,overnight,35,33,243.237971007072,240.91878491076972,243.57940122879984,248,47410.29323458372,241.5749969482422,244.0,0.0,242.57875252676743,243.19885961619545,17.5,94.28571428571429,1.0038303145575078,0.27175441931246436,0.4155047464371009,-0.3123069643147569,1.104362334807374,0.25563124674721216
AMZN,2026-01-08,2026-01-09,AMZNx,overnight,35,34,245.8283113263346,245.16989867270124,247.7143581580212,203,33480.75743279497,246.25900268554688,244.5679931640625,0.0,245.82858482129825,244.99596001468927,17.5,97.14285714285714,-0.6866792698107638,-0.00011125433758696346,-0.17478259050623945,0.5153242441772177,1.0378351906556116,-0.33870137893615704
AMZN,2026-01-09,2026-01-12,AMZNx,weekend,131,106,245.3974173495679,244.0744165241763,250.63399437986135,626,94075.27734570974,247.3500061035156,246.8000030517578,0.0,247.42641813189277,248.9308963065695,65.5,80.91603053435115,-0.22235821232509112,-0.8200420947949483,0.03089226864430028,-0.5683086243300384,2.687531921247177,0.6080507433425142
AMZN,2026-01-12,2026-01-13,AMZNx,overnight,35,30,248.38197485726488,245.10328995654493,248.38197485726488,276,13746.434118488847,246.4199981689453,245.2350006103516,0.0,247.0906129605101,247.35714012616063,17.5,85.71428571428571,-0.48088530452032874,0.522626853882624,0.27214300647182554,1.2832484103333375,1.3376747824564994,0.10786616393765325
AMZN,2026-01-13,2026-01-14,AMZNx,overnight,35,29,243.9622193501618,241.90691877044085,245.07918068577115,245,35203.64784923917,242.6100006103516,241.1999969482422,0.0,242.9423565343544,241.68143965665064,17.5,82.85714285714286,-0.581181179078416,0.41979621435968006,0.13699184830249234,1.1452000152853747,1.3113564223190544,-0.5190189539984291
AMZN,2026-01-14,2026-01-15,AMZNx,overnight,35,34,239.24101574758373,236.2436246244568,239.24101574758373,227,17494.87161522615,236.6750030517578,239.27999877929688,0.0,237.91606989795585,237.72886830577897,17.5,97.14285714285714,1.1006636501318168,0.5568963249082515,0.5243759713511542,-0.016291805379475832,1.2687712220347702,-0.07868387883893657
AMZN,2026-01-15,2026-01-16,AMZNx,overnight,35,30,239.72945260508484,237.3557979013065,239.80657826919503,102,4902.497388229272,238.1699981689453,239.0850067138672,0.0,237.47773542537385,238.50695608509287,17.5,85.71428571428571,0.3841829583727918,0.948180331801507,-0.2906590875818016,0.26954676082591167,1.0325344438847806,0.43339669627364685
AMZN,2026-01-16,2026-01-20,AMZNx,holiday,179,138,234.1034819558369,232.88403968123995,239.00980930468364,606,117693.97732492886,239.05999755859372,233.6649932861328,0.0,238.68505594661775,234.07421946182512,89.5,77.09497206703911,-2.256757436441703,-1.9195060087069393,-0.1568399631076134,0.1876569799940775,2.6303947800924155,-1.9317658855960596
AMZN,2026-01-20,2026-01-21,AMZNx,overnight,35,31,232.20668235616665,231.59652777906297,233.38188265702811,271,48395.85305694729,231.1100006103516,231.2899932861328,0.0,231.53159767491923,230.4335032408185,17.5,88.57142857142857,0.07788182047763215,0.2915734560754224,0.18242268333443779,0.3963375401631719,0.7708901748597619,-0.47427411425825516
AMZN,2026-01-21,2026-01-22,AMZNx,overnight,35,29,234.81695779148123,230.92164046547745,235.16855741092408,184,64607.71502658925,231.3500061035156,234.0449981689453,0.0,231.3790445851732,233.34577023381163,17.5,82.85714285714286,1.164898203730269,1.485836028267662,0.012551753140921384,0.32983384758287215,1.83911604684861,0.850001629216024
AMZN,2026-01-22,2026-01-23,AMZNx,overnight,35,27,235.3123732352984,234.51620433208532,237.30199750540075,135,60421.00640460146,234.2899932861328,236.22000122070312,0.0,234.2317779436011,236.2192911795356,17.5,77.14285714285714,0.8237688291762524,0.46133590462584806,-0.02484755823977114,-0.38422994696233337,1.187889417385679,0.8485241641350116
AMZN,2026-01-23,2026-01-26,AMZNx,weekend,131,108,239.9819130096444,236.1445929976105,240.6674472600924,564,97225.42133655534,239.19000244140625,239.97999572753903,0.0,238.8418002109416,238.9209379074171,65.5,82.44274809160305,0.3302785559886834,0.4773506135424599,-0.14557557879114613,0.0007989341359593283,1.9152902063388266,0.03313393903647821
AMZN,2026-01-26,2026-01-27,AMZNx,overnight,35,31,240.8974163235944,238.69580480879236,241.92849504483408,146,48787.099041745,238.4199981689453,239.6750030517578,0.0,239.6156346557764,239.2462098099738,17.5,88.57142857142857,0.5263840669620379,0.534932401076138,0.5014833050975165,0.5100295217572715,1.354313804815832,-0.1541739320697122
AMZN,2026-01-27,2026-01-28,AMZNx,overnight,35,35,246.1858948068267,243.867337975479,246.49101484150893,188,23811.645102626666,244.67999267578125,246.3000030517578,0.0,244.0072968132841,246.80743145275747,17.5,100.0,0.6620935198911715,0.8928413297450088,-0.27492883874183915,-0.04632896610526904,1.0758623470494166,1.147561845913181
AMZN,2026-01-28,2026-01-29,AMZNx,overnight,35,32,242.5922236580913,240.88894045501675,243.61456051802497,553,180061.0687305188,243.0200042724609,242.9550018310547,0.0,243.41586166302693,240.8836762998592,17.5,91.42857142857143,-0.02674777395417216,-0.33836661231050336,0.16289086643344053,-0.14931907975932468,1.1314841012874055,-1.0402713060142177
AMZN,2026-01-29,2026-01-30,AMZNx,overnight,35,33,240.0227250276426,238.1377101320496,242.37075405872372,287,40706.39478342905,241.67999267578125,239.8800048828125,0.0,241.10577841562107,241.14423511289303,17.5,94.28571428571429,-0.7447814662024932,-0.44920258448202244,-0.2375927993884419,0.05949647403908909,1.777561363266189,0.01595013505053533
AMZN,2026-01-30,2026-02-02,AMZNx,weekend,131,118,237.8300877746109,234.57708965605892,240.2074854824511,1366,175344.07339992598,239.25999450683597,238.30999755859372,0.0,239.0891264256952,241.40678925585323,65.5,90.07633587786259,-0.39705632786641853,-0.5265980389432823,-0.07141523240981051,-0.2013804661572527,2.400232620605691,0.9693719094658659
AMZN,2026-02-02,2026-02-03,AMZNx,overnight,35,32,243.9869571400572,243.6377894105252,245.08874282131995,157,17743.966400244066,242.9409942626953,245.07000732421875,0.0,243.2045883629504,243.45592178285867,17.5,91.42857142857143,0.8763498593495234,0.32169161872028784,0.10850128487169819,-0.4419350192978566,0.5955370939398685,0.10334238412195162
AMZN,2026-02-03,2026-02-04,AMZNx,overnight,35,30,239.7962305975137,238.02828730907197,240.3954853143767,202,29429.75478072672,238.63299560546875,238.6999969482422,0.0,238.33314020377287,237.2431102440313,17.5,85.71428571428571,0.028077149433358706,0.6138845787412972,-0.12565546559689666,0.45925163941631375,0.9945028097568143,-0.4573555984743072
AMZN,2026-02-04,2026-02-05,AMZNx,overnight,35,34,227.94513938255236,227.94513938255236,234.57152853882647,872,176512.2867275882,232.92999267578125,224.9900054931641,0.0,233.1380403371593,225.5222381222069,17.5,97.14285714285714,-3.4087440142021364,-2.227393241830933,0.08931767823805448,1.313451183269576,2.907010508854624,-3.2666493224094206
AMZN,2026-02-05,2026-02-06,AMZNx,overnight,35,35,204.9079719452621,200.3170810632727,214.1668864527254,1054,77092.54076048739,222.5,202.6300048828125,0.0,222.2453671023416,207.00976313414048,17.5,100.0,-8.93033488412921,-7.801015329645011,-0.11444175175658877,1.1242002702250398,6.913941295439541,-6.8553077919438765
AMZN,2026-02-06,2026-02-09,AMZNx,weekend,131,122,208.99043889254145,208.99043889254145,212.6154596064248,1259,79891.41126839051,210.31500244140625,209.0,0.0,209.7355918748112,206.5947934348555,65.5,93.12977099236642,-0.6252537508695366,-0.3552820842704363,-0.2754965455954439,-0.004574692563896754,1.7345390215421475,-1.4975037912642097
AMZN,2026-02-09,2026-02-10,AMZNx,overnight,35,32,209.7187743424352,208.86329290497608,210.89700498187045,214,17893.581110599982,208.66000366210935,208.7449951171875,0.0,210.515262344946,208.3735439925475,17.5,91.42857142857143,0.0407320298986491,-0.3783516661161057,0.8891299962981547,0.46649225036559105,0.97370488064632,-1.0173696332236082
AMZN,2026-02-10,2026-02-11,AMZNx,overnight,35,31,209.2669082430328,206.86988478585693,209.2669082430328,238,25953.6622306539,206.9900054931641,208.07000732421875,0.0,207.83525168159423,206.87020705666407,17.5,88.57142857142857,0.5217652072048162,0.6888420274496321,0.4083512082703189,0.575239523565263,1.1587106840887706,-0.46433154006454425
AMZN,2026-02-11,2026-02-12,AMZNx,overnight,35,31,206.80110015234692,204.843257416268,207.0843512393645,164,12623.361969988166,204.00999450683597,203.6199951171875,0.0,205.41273187846872,206.0392971111864,17.5,88.57142857142857,-0.19116680562206723,0.6758920253782552,0.6875826721252976,1.5622753714970905,1.094053009781204,0.3050274571531286
AMZN,2026-02-12,2026-02-13,AMZNx,overnight,35,32,199.8763329550771,198.7772690403396,200.60302126699696,216,19866.400716489446,199.4499969482422,198.9900054931641,0.0,199.18977026817888,199.7343906825764,17.5,91.42857142857143,-0.23062996345769582,0.3446776839864052,-0.13047214040862176,0.4454130546488466,0.9184914530075527,0.2734178636103035
AMZN,2026-02-13,2026-02-17,AMZNx,holiday,179,159,201.13992811122387,197.5997822547478,201.25956775646085,831,58402.86423723065,198.7700042724609,198.125,0.0,200.03290062491763,200.13936986353852,89.5,88.8268156424581,-0.3244977907113089,0.5534227033891836,0.6353555995932014,1.5217302769584107,1.8521202098263467,0.05322586348959213
AMZN,2026-02-17,2026-02-18,AMZNx,overnight,35,30,202.75756782865176,201.0329758050148,205.0626113983491,231,28341.97138995401,201.2100067138672,202.1100006103516,0.0,202.05822779512823,204.40909765918255,17.5,85.71428571428571,0.4472908237433071,0.3461081694889456,0.4215600879469594,0.3204033528002581,2.004464977548137,1.163461587141068
AMZN,2026-02-18,2026-02-19,AMZNx,overnight,35,30,204.16296265098885,203.624539580495,206.02893063001997,176,16470.529730579692,204.65499877929688,203.6300048828125,0.0,205.23270568689688,204.17673131281293,17.5,85.71428571428571,-0.5008399025668298,-0.5212341923416575,0.2822833114489498,0.2617285053266416,1.1807963099528473,-0.5145253874374922
AMZN,2026-02-19,2026-02-20,AMZNx,overnight,35,31,205.61928526113888,204.60113311313904,206.213178579957,177,10688.489014864825,204.8999938964844,204.75999450683597,0.0,205.14185198916897,205.97921979884345,17.5,88.57142857142857,-0.06832571684660671,0.23273323670447432,0.11803714001414889,0.41965753924368965,0.7878966466556836,0.4081896509926741
AMZN,2026-02-20,2026-02-23,AMZNx,weekend,131,107,208.93873447411485,205.51227818181815,211.97511428571428,558,50531.06932287774,210.17999267578125,208.0399932861328,0.0,210.2689330674611,206.8336095266461,65.5,81.6793893129771,-1.0181746427927352,-0.6326177500122987,0.04231629783004731,0.4320040458499319,3.144744518952014,-1.6337760841316662
AMZN,2026-02-23,2026-02-24,AMZNx,overnight,35,25,205.8427658359221,204.60795643731504,206.293545928266,129,9439.774546767181,205.2899932861328,205.47000122070312,0.0,204.8819273766346,205.13763657240776,17.5,71.42857142857143,0.08768470965820896,0.4689717983378916,-0.19877535332638585,0.18142045700315634,0.8238142447150487,0.12480807802197624
AMZN,2026-02-24,2026-02-25,AMZNx,overnight,35,32,210.11777192115483,208.57208487354265,210.43564310764248,162,14648.76441871162,208.55499267578125,210.4600067138672,0.0,209.26471559453515,210.53294467768663,17.5,91.42857142857143,0.9134348756864696,0.407644606591262,0.34030492852177296,-0.16261274436698558,0.893484013083401,0.6060405738006702
AMZN,2026-02-25,2026-02-26,AMZNx,overnight,35,31,211.15906488785583,208.35097431401692,211.15906488785583,239,50686.946922713905,210.66000366210935,210.72999572753903,0.0,209.9956322976212,209.7827634012989,17.5,88.57142857142857,0.033225132541980784,0.5540270421366289,-0.31537612880410126,0.2036108617738286,1.3477693507718769,-0.1013682494217849
AMZN,2026-02-26,2026-02-27,AMZNx,overnight,35,33,207.43889410693765,206.34015022563068,211.71583972602744,393,54361.118108647024,207.91000366210935,206.7899932861328,0.0,207.9493548759013,206.23232568663155,17.5,94.28571428571429,-0.5386996086040874,-0.24547360066025092,0.018927042036853692,0.31379701236653457,2.605256172644288,-0.825695848056085
AMZN,2026-02-27,2026-03-02,AMZNx,weekend,131,121,204.71636860748887,203.918942253857,210.09927690362755,989,116696.5188745111,210.00999450683597,204.5500030517578,0.0,209.49987232481567,206.60705154978223,65.5,92.36641221374046,-2.599872195558972,-2.283296721971406,-0.24290376427951177,0.08133246308921205,3.0307800645987593,-1.380822213842836
AMZN,2026-03-02,2026-03-03,AMZNx,overnight,35,31,203.44851983473367,203.1373244993088,209.035117394976,307,34446.778339083095,208.1999969482422,203.22999572753903,0.0,208.87984919374392,204.55879373458052,17.5,88.57142857142857,-2.3871283830703804,-2.6002170051226403,0.32653806698696997,0.10752551876622718,2.9033526508257523,-2.0686799017915147
AMZN,2026-03-03,2026-03-04,AMZNx,overnight,35,34,209.77214228162225,206.29456085506044,214.7933333333333,305,27763.328915357775,208.75999450683597,210.47000122070312,0.0,208.84930563288813,212.28843810536372,17.5,97.14285714285714,0.8191256748721454,0.4418672333803553,0.04278172466096741,-0.33157168956781113,4.119726881332553,1.646705246183977
AMZN,2026-03-04,2026-03-05,AMZNx,overnight,35,33,215.87738718157857,214.6002850755007,217.2811993033727,255,29076.632336445233,216.82000732421875,215.8500061035156,0.0,217.0210218198088,218.00406067151084,17.5,94.28571428571429,-0.4473762512389734,-0.5269695205747271,0.09271030753608134,0.01268523386088738,1.2492593972691202,0.45296941441841376
AMZN,2026-03-05,2026-03-06,AMZNx,overnight,35,34,214.18225142506375,214.18225142506375,219.33469752753768,339,47711.855586004654,218.8699951171875,214.9900054931641,0.0,219.19115427972463,215.5376279483409,17.5,97.14285714285714,-1.7727371090523358,-2.28517563636198,0.14673512573761816,-0.37571703216967567,2.405636353242202,-1.6668219770954784
AMZN,2026-03-06,2026-03-09,AMZNx,weekend,129,113,210.45879344692253,206.8866951692758,213.71809946720307,812,72370.3551650511,213.1100006103516,210.4600067138672,0.0,213.0223826488898,209.7719310286557,64.5,87.59689922480621,-1.2434864102551568,-1.2034365450660833,-0.04111396049498728,-0.0005764833725940832,3.3020027181244194,-1.5258732813967169
AMZN,2026-03-09,2026-03-10,AMZNx,overnight,35,31,213.72463752337725,212.16890409659996,215.445982754779,325,26456.49395474786,213.4199981689453,214.125,0.0,212.74359714874365,213.48556048901105,17.5,88.57142857142857,0.3303354123808999,0.4611374385794953,-0.31693422641031477,-0.1869760544647936,1.5445612410228682,0.3487594222394641
AMZN,2026-03-10,2026-03-11,AMZNx,overnight,35,33,215.45062486795447,213.63178772709605,220.9134754661831,448,488705.7287880087,214.33999633789065,215.88499450683597,0.0,213.7882347062937,215.14503328445215,17.5,94.28571428571429,0.720816550966874,0.777587299855198,-0.25742355184477095,-0.20120418275191287,3.4085225876539615,0.6346460458979131
AMZN,2026-03-11,2026-03-12,AMZNx,overnight,35,35,211.26045446590368,211.01575908564772,213.28865351446308,393,54711.166825363805,212.63999938964844,210.3300018310547,0.0,212.2328947175841,210.40779088313036,17.5,100.0,-1.0863419701017007,-0.4581948773654698,-0.19145253632095738,0.4423775147381903,1.0771207035266128,-0.8599533248049851
AMZN,2026-03-12,2026-03-13,AMZNx,overnight,35,32,210.17431864831013,208.8754550721202,210.57029925308635,396,19729.12121985386,209.5200042724609,209.3999938964844,0.0,209.39673195783556,209.30612004922853,17.5,91.42857142857143,-0.05727871970661047,0.37134614432814406,-0.058835582336591585,0.3697826047733832,0.8114137586826331,-0.04327283800459325
AMZN,2026-03-13,2026-03-16,AMZNx,weekend,131,112,208.5461200729841,205.89739647184905,209.23049036476056,791,54217.07830994192,207.7100067138672,208.3500061035156,0.0,208.1571058084062,208.34032427312545,65.5,85.49618320610686,0.30812159691953056,0.18688493148824037,0.2152515912027697,0.09412717241346069,1.618813035048361,0.0880193179126465
AMZN,2026-03-16,2026-03-17,AMZNx,overnight,35,32,212.85991859932307,209.86827304619476,212.85991859932307,528,41640.994140532806,211.75999450683597,212.88499450683597,0.0,211.3198761429037,213.92252722222668,17.5,91.42857142857143,0.5312618195991048,0.7287731208861503,-0.2078382958770164,-0.011779086436314312,1.4254872876710678,1.2316167919590004
AMZN,2026-03-17,2026-03-18,AMZNx,overnight,35,35,213.1287197533252,213.1287197533252,216.78492928529536,503,46980.888448422425,215.1999969482422,213.9600067138672,0.0,215.09741846639773,213.8551444614665,17.5,100.0,-0.576203648679996,-0.9152591077610128,-0.04766658145870517,-0.3885244599256654,1.7154935928868964,-0.5775401740236608
AMZN,2026-03-18,2026-03-19,AMZNx,overnight,35,32,207.08996861257745,207.08996861257745,210.45749429113064,471,37045.07638281339,209.8600006103516,207.05999755859372,0.0,209.2187166758162,207.57212358698672,17.5,91.42857142857143,-1.3342242655172032,-1.0174749645067593,-0.3055770192844198,0.014474574682266095,1.6261172383743805,-0.787019973638825
AMZN,2026-03-19,2026-03-20,AMZNx,overnight,35,27,207.9074244521857,206.92159665808435,209.33925911777968,295,35016.92889009829,208.80999755859372,207.5,0.0,208.6121455699656,206.23408312258329,17.5,77.14285714285714,-0.6273634279537421,-0.33781404043110586,-0.09475216270360409,0.19634913358346218,1.168395420653101,-1.1399443886093152
AMZN,2026-03-20,2026-03-23,AMZNx,weekend,131,117,209.0999209722531,201.7236604536671,212.52295000000004,2183,409289.3685944779,205.3600006103516,209.77999877929688,0.0,204.95223775688484,210.8035243109652,65.5,89.31297709923665,2.152316982766167,2.0237316073066003,-0.19856001765428122,-0.3241862003056206,5.353506634792282,2.8549512891980156
AMZN,2026-03-23,2026-03-24,AMZNx,overnight,35,34,208.53570763614755,207.9792687519188,210.8739454306832,475,64911.08517239176,210.1100006103516,207.88499450683597,0.0,210.2695567851669,207.5023278236065,17.5,97.14285714285714,-1.0589720132559988,-0.8245840127921289,0.07593935288745524,0.3130159205840144,1.3918102011490463,-1.3160388046034255
AMZN,2026-03-24,2026-03-25,AMZNx,overnight,35,32,211.26691266910527,207.86936158656832,211.26691266910527,336,80948.6606762847,207.27999877929688,211.6199951171875,0.0,206.9657404294071,212.1412374082757,17.5,91.42857142857143,2.0937844285263907,2.078204939027195,-0.15161055178526395,-0.1668473944944182,1.6344645774658995,2.5006539575731734
AMZN,2026-03-25,2026-03-26,AMZNx,overnight,35,31,210.17812212485848,209.1787003571345,211.8101063264968,307,15588.670370405884,211.7050018310547,210.57000732421875,0.0,212.18277361161967,209.2079214405128,17.5,88.57142857142857,-0.5361207798678658,-0.944775795244579,0.22567807866260559,-0.1861068460509152,1.2579703214857352,-1.4020234161666978
AMZN,2026-03-26,2026-03-27,AMZNx,overnight,35,31,206.01981920466127,206.01981920466127,208.69390397753523,285,18540.35345083671,207.52999877929688,206.3249969482422,0.0,207.8224214074104,203.7902905229432,17.5,88.57142857142857,-0.5806398294909587,-0.867376190952629,0.1409061966142433,-0.14791118288854932,1.2979745265272236,-1.94018087998441
AMZN,2026-03-27,2026-03-30,AMZNx,weekend,131,119,201.402145138844,197.34144949157556,201.52240102436448,951,52914.500580766355,199.32000732421875,201.3500061035156,0.0,199.5202853129236,201.0874969392944,65.5,90.83969465648855,1.0184621235713731,0.9431922287846284,0.10048062479701692,0.025894727463571243,2.1186383010566745,0.7854898683173017
AMZN,2026-03-30,2026-03-31,AMZNx,overnight,35,34,204.8509863566265,199.93588438393613,204.8509863566265,551,53494.276732902494,200.8999938964844,204.875,0.0,200.06818831487985,205.93230807825293,17.5,97.14285714285714,1.9785994147733854,2.390583971410387,-0.41403962512470693,-0.01172111940134224,2.458339075966931,2.9310605612841156
AMZN,2026-03-31,2026-04-01,AMZNx,overnight,35,35,209.8369657673209,207.38403228595456,210.7462261445191,376,27950.7016538897,208.2899932861328,210.43499755859372,0.0,208.65417311057837,209.08546614183413,17.5,100.0,1.0298162857561133,0.5668674817808084,0.1748426886476917,-0.2841883708560977,1.621240469434282,0.20670232702568736
AMZN,2026-04-01,2026-04-02,AMZNx,overnight,35,35,205.91517052438775,205.17131642793865,210.97854600706776,564,64207.927122767374,210.57000732421875,206.5500030517578,0.0,210.9545316093352,206.3584180375727,17.5,100.0,-1.9091058235426894,-2.388837559687884,0.18261113726627531,-0.30735052916508465,2.8304295552779024,-2.178722370503039
AMZN,2026-04-02,2026-04-06,AMZNx,holiday,179,155,209.7061304558764,208.43364542127804,211.07240873113304,1192,66755.18274745786,209.7700042724609,209.7400054931641,0.0,208.9146046638053,211.32715880048272,89.5,86.59217877094972,-0.014300795483535023,0.37887527937305876,-0.40777975460426497,-0.016150966148797963,1.265996813768533,1.1548039643086705
AMZN,2026-04-06,2026-04-07,AMZNx,overnight,35,35,211.41753797655545,211.21547972053028,213.94911355048131,455,50336.7861616666,212.7899932861328,211.0,0.0,212.45887329531124,211.44677401646427,17.5,100.0,-0.8412018152215706,-0.49013500947469035,-0.1556088168001013,0.1978852969457101,1.2942393396393248,-0.47637420981715417
AMZN,2026-04-07,2026-04-08,AMZNx,overnight,35,35,222.75164302722612,213.94376892390375,222.80637670506744,811,140820.42579712064,213.77999877929688,223.94000244140625,0.0,213.22349703822368,222.40844551523676,17.5,100.0,4.752551089963464,4.4686191350169935,-0.2603151577560414,-0.5306597308317285,4.142493995380625,4.307662431484527
AMZN,2026-04-08,2026-04-09,AMZNx,overnight,35,32,224.371130090601,219.6508488835273,224.9651209779421,496,75464.42171458244,221.25,224.48899841308597,0.0,220.26072768688277,224.8537499414225,17.5,91.42857142857143,1.4639540850106103,1.866153102681789,-0.44712872909252743,-0.05250516654186077,2.4194179632935464,2.0852660856859773
AMZN,2026-04-09,2026-04-10,AMZNx,overnight,35,35,234.65939678875264,232.33318798031416,234.65939678875264,375,30973.797928642627,233.6499938964844,235.3800048828125,0.0,232.6934146473343,236.86435241019583,17.5,100.0,0.7404284320651655,0.8448808679858644,-0.40940692237890763,-0.30614669008042217,1.0012382770883343,1.7924605942041483
AMZN,2026-04-10,2026-04-13,AMZNx,weekend,131,129,237.60130964454484,234.3518208603115,238.75833626066677,1587,147066.81146503508,238.3600006103516,237.2700042724609,0.0,238.14569521006595,236.59047158374187,65.5,98.47328244274809,-0.4572899543126341,-0.22859349401253004,-0.08990828987115451,0.13963221904083056,1.8802991946803793,-0.6530555276055838
AMZN,2026-04-13,2026-04-14,AMZNx,overnight,35,32,242.8685487540349,239.0353785579239,242.8685487540349,335,53767.48715003426,239.8600006103516,241.77999877929688,0.0,239.64782405434352,244.6163035358076,17.5,91.42857142857143,0.8004661736261243,1.3439407231842893,-0.08845849890276591,0.4502233353602003,1.6035995254075397,2.0732420588710943
AMZN,2026-04-14,2026-04-15,AMZNx,overnight,35,32,249.42617041246623,247.78442333817915,249.99350000000004,213,21439.27334497479,249.02999877929688,249.1999969482422,0.0,248.70376217411413,248.19933610289425,17.5,91.42857142857143,0.06826413274649834,0.2904693648527745,-0.13100293409705754,0.09075981821582424,0.8915316919683391,-0.20282205094539485
AMZN,2026-04-15,2026-04-16,AMZNx,overnight,35,34,247.3854579544422,247.31880833189211,248.71857121111697,262,28335.23420860107,248.41000366210935,248.97999572753903,0.0,248.92078564060063,246.67960491395127,17.5,97.14285714285714,0.2294561640138193,-0.6167936848693656,0.2056205349870055,-0.6404280666956752,0.5659751026078075,-0.9003590121578808
AMZN,2026-04-16,2026-04-17,AMZNx,overnight,35,34,253.60541680906204,248.43705407705505,253.60541680906204,294,26456.86411076809,249.7100067138672,254.9499969482422,0.0,249.3279992617915,253.46190015200372,17.5,97.14285714285714,2.098430216446756,1.7155784989792977,-0.15298043402538486,-0.5273897451558374,2.08035099724051,1.6580171109750408
AMZN,2026-04-17,2026-04-20,AMZNx,weekend,131,104,248.81805529411764,246.84657866820564,251.54058452818464,1067,143222.0425315702,250.47000122070312,249.3800048828125,0.0,250.465619652696,248.7594098502758,65.5,79.38931297709924,-0.43518039389083274,-0.6578006038764683,-0.0017493384380395938,-0.2253386709808347,1.9015883814571088,-0.6812151722803694
AMZN,2026-04-20,2026-04-21,AMZNx,overnight,35,29,254.63144409276276,253.29554419806573,256.59345482312386,271,58591.46609136084,248.2899932861328,254.72000122070312,0.0,247.77876460304668,252.8859785147652,17.5,82.85714285714286,2.589716907020212,2.76564438469713,-0.20589983362598874,-0.03476646023711227,1.3020010421025408,2.061199199172914
AMZN,2026-04-21,2026-04-22,AMZNx,overnight,35,32,252.103598479,250.4583703432854,252.95191738068664,289,10139.194700525186,249.9499969482422,252.44500732421875,0.0,249.93013758461225,251.36557878118967,17.5,91.42857142857143,0.9982038033363949,0.8696273748306727,-0.007945334615888644,-0.1352408783352521,0.995593412982565,0.5743369769047879
AMZN,2026-04-22,2026-04-23,AMZNx,overnight,35,31,255.41332570913332,252.1016932666178,255.41332570913332,234,19716.688322125527,255.33999633789065,255.3000030517578,0.0,254.86043440533564,,17.5,88.57142857142857,-0.015662758168100144,0.21693885325422269,-0.1878130882090323,0.04438803604422947,1.3136097578738681,
AMZN,2026-04-23,2026-04-24,AMZNx,overnight,35,26,259.8883750421997,254.2945392857143,259.8883750421997,204,23291.73712581414,255.1199951171875,259.8800048828125,0.0,251.20176000000004,259.09437359910936,17.5,74.28571428571429,1.865792512044595,3.458023161222945,-1.5358400721933396,0.0032207785246818332,2.1997467079701627,3.1419419987779307
AMZN,2026-04-24,2026-04-27,AMZNx,weekend,131,123,265.0104440121962,262.5810188923753,267.03321749777945,1103,89234.17979105512,263.8800048828125,263.42498779296875,0.0,264.84168917084133,262.04394068086964,65.5,93.89312977099236,-0.1724333338730344,0.06371913798133289,0.36443999933071236,0.6018625007865763,1.6955523381638526,-1.0563852310151
AMZN,2026-04-27,2026-04-28,AMZNx,overnight,35,33,257.9725762917835,257.432865401751,263.0550873422491,296,42399.670524544854,261.0799865722656,258.4200134277344,0.0,261.0464258194004,259.061053199582,17.5,94.28571428571429,-1.018834564630633,-1.177510673807669,-0.012854586560184789,-0.17314337617120312,2.1839565557117524,-0.7605438816434718
AMZN,2026-04-28,2026-04-29,AMZNx,overnight,35,29,258.57270352606514,258.5356441799125,261.1433285153091,172,22391.565179451267,259.7699890136719,258.2149963378906,0.0,259.7669822757416,260.9192810144164,17.5,82.85714285714286,-0.5986036653754523,-0.45975001873361787,-0.0011574616227583157,0.13853075663601278,1.0086362921709835,0.44358937713324664
AMZN,2026-04-29,2026-04-30,AMZNx,overnight,35,35,273.4850027557224,254.63559548799216,273.4850027557224,4436,1048536.937510258,263.2699890136719,273.0400085449219,0.0,263.0177830162857,262.9767381008717,17.5,100.0,3.711026679437679,3.979662370885606,-0.09579747328248844,0.1629776578062625,7.402502871449146,-0.015605376542704441
AMZN,2026-04-30,2026-05-01,AMZNx,overnight,35,35,264.18565999345213,262.5095288231589,265.43007622477165,345,56342.52205880371,265.0299987792969,265.42999267578125,0.0,265.7748740065949,265.6686587727653,17.5,100.0,0.15092400797143135,-0.5979549493092207,0.28105317538726915,-0.4687988232923823,1.1125491004862376,-0.03996436240507606
AMZN,2026-05-01,2026-05-04,AMZNx,weekend,131,112,268.19991498130526,261.93619047619046,270.63666157471164,874,94044.93127963552,268.3399963378906,268.9949951171875,0.0,268.2457924495595,271.3660080199276,65.5,85.49618320610686,0.24409286287390142,-0.01710277273513361,-0.0351061674058184,-0.2955743230597552,3.321599463863323,1.163192735242946
AMZN,2026-05-04,2026-05-05,AMZNx,overnight,35,34,274.9340672022278,271.17911995927096,275.4468596491228,187,25966.54855603252,272.04998779296875,276.20001220703125,0.0,271.3282979315166,276.8010310399415,17.5,97.14285714285714,1.5254639221747412,1.3289322559423278,-0.2652784024388066,-0.4583435730822871,1.5737714948307335,2.017015235840325
AMZN,2026-05-05,2026-05-06,AMZNx,overnight,35,33,272.9846592061107,271.0729737445116,276.4333007109506,442,53440.70421783378,273.5,272.8900146484375,0.0,274.46826403152085,274.0713460065928,17.5,94.28571428571429,-0.22302937899908448,-0.5405378398282812,0.35402706819775975,0.03468230883973966,1.977447951521416,-0.14461344969283196
AMZN,2026-05-06,2026-05-07,AMZNx,overnight,35,31,274.90365316772824,274.7403905236822,276.4693022700099,274,22064.659072780283,274.9100036621094,275.0,0.0,275.3841852925688,274.38455378898044,17.5,88.57142857142857,0.03273665442937723,-0.17449517819262406,0.17248613151314984,-0.03503521173519042,0.6292892512208326,-0.36299524699515695
AMZN,2026-05-07,2026-05-08,AMZNx,overnight,35,32,271.7246740373929,270.19043568800566,272.1845451873661,179,23696.028205387433,271.25,271.6300048828125,0.0,271.4242731912278,271.79734449719047,17.5,91.42857142857143,0.14009396601382118,0.11067574857368534,0.06424818109782571,0.03485224492090211,0.7380385224527553,0.13744949984624277
AMZN,2026-05-08,2026-05-11,AMZNx,weekend,131,106,270.29098026692486,270.29098026692486,274.5607655905546,914,76276.4807889553,272.67999267578125,269.8349914550781,0.0,273.3281353908435,271.84775668957184,65.5,80.91603053435115,-1.0433479892622222,-1.111175444699708,0.2376935354523324,0.16898802093376908,1.5796995221272647,-0.541612263645963
AMZN,2026-05-11,2026-05-12,AMZNx,overnight,35,32,267.56315608186634,265.7766102098566,269.80339381544167,279,29377.0251985756,268.989990234375,266.2699890136719,0.0,269.1282673219275,265.5560349639743,17.5,91.42857142857143,-1.0111904975843689,-0.5815484399448123,0.051406034637957454,0.48566008996533405,1.515100821853932,-1.3273345061446729
AMZN,2026-05-12,2026-05-13,AMZNx,overnight,35,31,264.6522428323644,264.6522428323644,267.4256869151508,251,15606.291850304347,265.8900146484375,264.45001220703125,0.0,265.5137083597371,264.869392873872,17.5,88.57142857142857,-0.5415782323793694,-0.3244523729846627,-0.14152704801567717,0.07647215579433819,1.0479578986765548,-0.24266750287413874
AMZN,2026-05-13,2026-05-14,AMZNx,overnight,35,30,269.11479954086474,269.11479954086474,271.21973180337034,201,18577.64466815436,270.0799865722656,269.2796936035156,0.0,270.65130572690407,269.78816758450614,17.5,85.71428571428571,-0.2963170203416299,-0.5677069179151562,0.21153701978786632,-0.06123523851511159,0.7821688982162289,-0.3189115013059851
AMZN,2026-05-14,2026-05-15,AMZNx,overnight,35,31,261.97902322842066,261.97902322842066,268.090733846781,300,34785.40563780295,267.25,262.5899963378906,0.0,267.2167449525478,262.22552267752314,17.5,88.57142857142857,-1.7436870578519614,-1.9601023599989054,-0.012443422807184579,-0.23267189077674777,2.332900757871559,-1.8678553531183084
AMZN,2026-05-15,2026-05-18,AMZNx,weekend,131,99,263.22644036575093,261.0139024753744,264.90429554140127,627,56379.54144890177,264.2099914550781,263.864990234375,0.0,263.7392569441915,266.1678040159884,65.5,75.57251908396947,-0.1305784156015899,-0.1944407459027131,-0.1781668090196642,-0.2419987085277575,1.4904926630848525,0.9208136475150619
AMZN,2026-05-18,2026-05-19,AMZNx,overnight,35,31,262.21132612482734,262.0770483828132,265.1729697833812,210,27459.60247781844,264.9200134277344,262.0199890136719,0.0,264.74171513918014,260.7495811606081,17.5,88.57142857142857,-1.0946792492344426,-0.955795354359823,-0.06730268742148882,0.0730238604603084,1.1813019948415437,-1.5079353763623127
AMZN,2026-05-19,2026-05-20,AMZNx,overnight,35,22,260.6100333970346,258.957800403792,261.6598972075545,752,208576.09247396397,259.4200134277344,260.1319885253906,0.0,258.33779712714465,261.3999321498234,17.5,62.857142857142854,0.27444879377225284,0.8795601321829105,-0.4171676218385434,0.18377012160399886,1.0434506315504244,1.1853221080040832
AMZN,2026-05-20,2026-05-21,AMZNx,overnight,35,34,263.6834166901815,263.0039478469661,266.4636573804394,352,47804.038502572585,265.010009765625,263.54998779296875,0.0,264.9523257469163,262.89347231622406,17.5,97.14285714285714,-0.5509308776477928,-0.478919765341812,-0.02176673204145052,0.050627548242410114,1.3154591639386037,-0.7770656192159109
AMZN,2026-05-21,2026-05-22,AMZNx,overnight,35,29,269.2546010987824,268.0044370144153,269.42571655793387,125,6902.132803005967,268.3900146484375,268.6499938964844,0.0,268.4826277057404,269.2599316872908,17.5,82.85714285714286,0.09686621478350865,0.28753197167308286,0.03450689379194127,0.22505386787055048,0.530319407899249,0.28951742173886075
AMZN,2026-05-22,2026-05-26,AMZNx,holiday,179,151,266.45285681738983,263.40436056724974,272.77881818181817,1460,553920.8261671253,266.29998779296875,267.57501220703125,0.0,266.7293072458571,267.3900272873027,89.5,84.35754189944134,0.47879251690154945,-0.10364456434195368,0.16121647486597723,-0.41937973967957065,3.558960677180978,0.24771182749578902
AMZN,2026-05-26,2026-05-27,AMZNx,overnight,35,31,265.5663667195801,263.9828851203544,266.14203549228364,191,125395.93375783374,265.3099975585937,266.1499938964844,0.0,264.871029256838,267.14623818921285,17.5,88.57142857142857,0.3166093798275149,0.2625192587853098,-0.16545486630549222,-0.2192850611641428,0.8179130139231772,0.8589874622220828
AMZN,2026-05-27,2026-05-28,AMZNx,overnight,35,35,272.53002102632115,270.90388523075006,273.5855357980657,494,90108.30113573934,271.8673095703125,272.239990234375,0.0,270.57188949049294,269.73296850409207,17.5,100.0,0.13708182298619587,0.7237010243434927,-0.47648982949328733,0.10653497000805423,0.9898900361031915,-0.3100547466259762
AMZN,2026-05-28,2026-05-29,AMZNx,overnight,35,35,271.3177795047132,271.05673758429043,274.12942940943583,286,47347.878826741486,273.9599914550781,271.31500244140625,0.0,273.4748968230285,273.5344837525779,17.5,100.0,-0.9654654315119471,-0.7887807412580106,-0.17706769133448708,0.0010235568552952046,1.1335972876121092,0.021788811419853893
AMZN,2026-05-29,2026-06-01,AMZNx,weekend,131,114,267.3123293775448,267.3123293775448,273.3230880071412,768,139671.54804783608,270.6499938964844,266.2900085449219,0.0,271.55261336696464,264.867940802394,65.5,87.02290076335878,-1.610931258040249,-1.5614962923187536,0.33350064320543105,0.3839125764459439,2.248590120625149,-2.461649137413102
AMZN,2026-06-01,2026-06-02,AMZNx,overnight,35,33,257.3949085481972,257.3949085481972,262.1591555212398,413,42444.01152608764,261.239990234375,257.1600036621094,0.0,262.0359878009071,255.70182448460028,17.5,94.28571428571429,-1.5617771875604536,-1.7711610117600252,0.30469973828202157,0.09134580912375512,1.850948412272313,-2.417287552547731
AMZN,2026-06-02,2026-06-03,AMZNx,overnight,35,33,255.32561201403917,255.32561201403917,257.4018789724178,612,27414.854458180136,256.5,254.6999969482422,0.0,257.14348069066415,255.69667665363545,17.5,94.28571428571429,-0.7017555757340421,-0.7069472155165513,0.25086966497627206,0.24562821880367292,0.8131839739855318,-0.5626446500384574
AMZN,2026-06-03,2026-06-04,AMZNx,overnight,35,34,253.62333323889828,249.49751867754904,253.62333323889828,627,24292.95530882411,249.97000122070312,253.32000732421875,0.0,249.81644735622623,253.04073987521116,17.5,97.14285714285714,1.3401632544530084,1.5238731968850727,-0.0614289169608484,0.11974021234386623,1.653649536563706,1.290664627212168
AMZN,2026-06-04,2026-06-05,AMZNx,overnight,35,34,253.84696035557116,251.98415537795265,254.3659108809587,661,28171.240913543275,253.91000366210935,254.0,0.0,253.3569657732945,254.96510973488697,17.5,97.14285714285714,0.03544418754386491,0.19340087247299298,-0.21780862543360202,-0.06025182851528976,0.9452005025608168,0.634734457244579
AMZN,2026-06-05,2026-06-08,AMZNx,weekend,131,127,247.71472611820488,242.59105781050795,249.78933580191287,1946,158737.87765772868,245.97000122070312,246.6100006103516,0.0,246.55974060037576,248.09851488659592,65.5,96.94656488549619,0.2601940832102523,0.4684404335503878,0.2397606930706564,0.44796460205147604,2.967247868232481,0.6240979498409738
AMZN,2026-06-08,2026-06-09,AMZNx,overnight,35,28,247.24513841445483,243.884849104084,247.24513841445483,289,108266.01643798256,245.2100067138672,247.6999969482422,0.0,245.17497647340204,248.69586457944163,17.5,80.0,1.015452129276495,0.8443610236370747,-0.014285811959546812,-0.18363283786491102,1.3778179836570148,1.4360715586411166
AMZN,2026-06-09,2026-06-10,AMZNx,overnight,35,31,243.2405125439959,242.2266373234387,244.51581606092225,235,22913.23187741849,244.0399932861328,243.60499572753903,0.0,242.91929944288043,241.76015285016564,17.5,88.57142857142857,-0.17824847179197523,0.13223037521190584,-0.4592254852008537,-0.14962057015891483,0.9450565647026066,-0.477173528564101
AMZN,2026-06-10,2026-06-11,AMZNx,overnight,35,35,239.0147890264562,236.80014556024832,240.19463205526188,419,54869.335972630244,237.94500732421875,237.92999267578125,0.0,238.00245870293747,237.3291684378844,17.5,100.0,-0.006310133844089627,0.4253444813283602,0.0241448136965694,0.4559308973514753,1.4334815913995769,-0.2828921468804868
AMZN,2026-06-11,2026-06-12,AMZNx,overnight,35,35,242.91898502138503,240.6866906315884,244.8874604772481,348,21323.317679530457,241.2899932861328,243.2100067138672,0.0,241.20538315943537,238.5149063135396,17.5,100.0,0.7957285760531008,0.7104326775397851,-0.03506574207455815,-0.11965860139321327,1.7453270202172133,-1.1154298509653882
AMZN,2026-06-12,2026-06-15,AMZNx,weekend,131,109,244.7431199968624,237.41692541583893,244.7431199968624,1113,86740.22660439089,238.52999877929688,245.16400146484372,0.0,238.0481339684752,246.2886168164864,65.5,83.20610687022901,2.7812026661204303,2.812450539634903,-0.20201434338978919,-0.1716734371549622,3.0857928802639156,3.46168764721444
AMZN,2026-06-15,2026-06-16,AMZNx,overnight,35,35,247.79441125808043,245.65077512191024,249.01028936913312,574,46526.22130955703,246.1000061035156,248.0,0.0,245.50409879483345,246.9957573960154,17.5,100.0,0.7720413853566477,0.9329019248517589,-0.24214030634013284,-0.08289868625789287,1.3675976579172744,0.6075901007373874
AMZN,2026-06-16,2026-06-17,AMZNx,overnight,35,28,245.68398952807345,245.6717021220709,247.3185191789876,221,10866.720914387723,246.07000732421875,245.00999450683597,0.0,246.86373849937232,243.63905476898248,17.5,80.0,-0.43077692763512365,-0.47789480077968793,0.32256315338250463,0.27508878672239945,0.6703324162659952,-1.3062605913658931
AMZN,2026-06-17,2026-06-18,AMZNx,overnight,35,31,239.643783961232,237.7622966703119,240.89255845810848,321,26317.820704844256,237.44000244140625,240.22000122070312,0.0,237.2313366975584,237.9410906787928,17.5,88.57142857142857,1.1708215762771035,1.016917620267499,-0.08788146129645735,-0.23987064213762954,1.316550955148732,0.299182220660521
AMZN,2026-06-18,2026-06-22,AMZNx,holiday,179,118,240.75776743793517,240.75776743793517,244.41427705171472,1017,79258.58029662896,244.3524932861328,240.4900054931641,0.0,244.1298983038469,240.23217194522303,89.5,65.92178770949721,-1.5807032459643544,-1.3812854915929762,-0.09109585062644365,0.1113401549565296,1.518750424001225,-1.5965788646553625
AMZN,2026-06-22,2026-06-23,AMZNx,overnight,35,28,232.2783455620387,230.26153610088087,233.98282419370744,496,46725.72261140311,232.7899932861328,232.5500030517578,0.0,233.29085857043543,234.027921770217,17.5,80.0,-0.10309302001655363,-0.4340131519088297,0.215157566367985,-0.1168168076345455,1.61611364009846,0.31594174083724447
AMZN,2026-06-23,2026-06-24,AMZNx,overnight,35,31,232.98045024913017,232.94729558929717,234.95896067249345,295,12310.414518318063,234.1000061035156,233.84500122070312,0.0,234.1842335645656,236.09036963677943,17.5,88.57142857142857,-0.10892989156937594,-0.5140326046345622,0.03597926478171587,-0.3697111193567859,0.863570911225775,0.8139472257376879
AMZN,2026-06-24,2026-06-25,AMZNx,overnight,35,29,232.5090246193532,232.5090246193532,235.23070627870723,354,12083.346410867207,234.3500061035156,231.92999267578125,0.0,235.09750499184815,228.8154930179394,17.5,82.85714285714286,-1.0326491848544617,-1.1010241782807184,0.3189668738486695,0.24965807004588836,1.1705703311128524,-2.6720878956697502
AMZN,2026-06-25,2026-06-26,AMZNx,overnight,35,31,227.89320000107176,225.8312411130202,228.13577714904133,562,16020.954773462297,227.1300048828125,227.38999938964844,0.0,226.7382243090336,227.54701449608064,17.5,88.57142857142857,0.11446946737401209,0.5093872881636319,-0.17249177359065504,0.22129408187430144,1.0204682154085987,0.356706589509459
AMZN,2026-06-26,2026-06-29,AMZNx,weekend,131,101,234.49769849840777,227.7422444444444,235.7218954492248,1097,35218.061143366795,230.5500030517578,234.2449951171875,0.0,231.010480888477,239.56907898193649,65.5,77.09923664122137,1.6026857586291854,1.5095495219605626,0.1997301369004223,0.10787994897984987,3.5038080107825387,3.7048527237996787
AMZN,2026-06-29,2026-06-30,AMZNx,overnight,35,22,237.2369852538428,237.2369852538428,240.99977319121743,240,20113.0395905215,240.1199951171875,237.42999267578125,0.0,240.0514094378832,239.1642350393916,17.5,62.857142857142854,-1.120274236259844,-1.1724256027618396,-0.028563085415200806,-0.08129024465836077,1.5860882456200764,-0.3695768337995009
AMZN,2026-06-30,2026-07-01,AMZNx,overnight,35,33,239.14570616949115,238.1633875399764,240.1102885102134,428,28409.43038890206,238.25,239.97999572753903,0.0,238.4051712551669,237.41765989124988,17.5,94.28571428571429,0.7261262235211063,0.31062032355484437,0.06512959293467624,-0.3476496261776263,0.8174644265631192,-0.414215580441446
AMZN,2026-07-01,2026-07-02,AMZNx,overnight,35,34,241.2506066471829,241.2506066471829,243.58585702693347,490,30942.467052773256,241.6699981689453,241.6024932861328,0.0,241.91837221777507,242.7923686031806,17.5,97.14285714285714,-0.027932669890329276,-0.276029292223845,0.10277405168686027,-0.14564694021313995,0.9679769979462627,0.3612773917884837
AMZN,2026-07-02,2026-07-06,AMZNx,holiday,179,130,243.61201917202283,241.8650848881977,245.9827462003313,797,108811.53336158567,242.27999877929688,243.7949981689453,0.0,242.84035716564844,242.93830174920384,89.5,72.62569832402235,0.6253093104183538,0.31776514224446384,0.23128545037760517,-0.0750544507872486,1.7024620622844155,0.04033291035254738
AMZN,2026-07-06,2026-07-07,AMZNx,overnight,35,28,246.42453741997912,243.8450211162727,248.0146349326604,381,52218.94815027536,244.22999572753903,247.32000732421875,0.0,244.2575883975183,246.8860465255553,17.5,80.0,1.265205605672981,0.8871572984394671,0.011297821914579842,-0.36206933435261046,1.7099442085387162,1.0761009085864304
AMZN,2026-07-07,2026-07-08,AMZNx,overnight,35,26,243.87652037880548,242.00226590826784,246.23712963078103,301,55985.15796620451,245.9499969482422,244.13999938964844,0.0,246.45470035891677,242.6440983615909,17.5,74.28571428571429,-0.7359209518407295,-1.0461070437514985,0.20520569910020825,-0.10792127938955565,1.749927301969323,-1.5461673044889879
AMZN,2026-07-08,2026-07-09,AMZNx,overnight,35,31,239.5731291864955,239.5731291864955,243.8151707169067,270,24518.520964474243,243.55999755859372,239.7449951171875,0.0,243.4009678214377,240.8102730113104,17.5,88.57142857142857,-1.5663501722972595,-1.5726472532970215,-0.06529386547468041,-0.07168697332263774,1.7706666623321432,-1.064373257557416
AMZN,2026-07-09,2026-07-10,AMZNx,overnight,35,27,248.92645956774237,245.79527185341175,248.92645956774237,175,23995.762969041694,247.0200042724609,249.63999938964844,0.0,246.15508420622265,248.50942453814883,17.5,77.14285714285714,1.0606408678941248,1.125865577977625,-0.35014170969095426,-0.28582752109062026,1.2739007104245692,0.9564459493161426
AMZN,2026-07-10,2026-07-13,AMZNx,weekend,131,80,244.44318765987305,243.7357786547464,246.85123470841748,546,33504.06811840371,245.30999755859372,244.25999450683597,0.0,245.6482844112417,247.11047793941216,65.5,61.06870229007634,-0.4280310880957705,-0.49057812646929877,0.13790177979482454,0.07499924554037474,1.2782103927729604,0.59523864849087
AMZN,2026-07-13,2026-07-14,AMZNx,overnight,35,26,246.0289563259072,245.596222528731,247.60540920979,212,31506.633658444436,247.3699951171875,245.52999877929688,0.0,247.0420610357257,245.40229607327896,17.5,74.28571428571429,-0.7438235736791587,-0.4100940162056088,-0.1325682531975736,0.20321653121451178,0.8180853355038709,-0.6637594244364831
AMZN,2026-07-14,2026-07-15,AMZNx,overnight,35,30,249.2893512045708,246.54903187410403,249.2893512045708,213,20912.984503212,247.5,249.97000122070312,0.0,248.03508255145712,251.460086800234,17.5,85.71428571428571,0.997980291193179,0.5056819544281499,0.21619497028571022,-0.272292680245001,1.111470326870334,1.38085476197356
AMZN,2026-07-15,2026-07-16,AMZNx,overnight,35,29,255.7350325737878,254.1846148153393,258.0456286450597,239,74498.43884674634,254.8800048828125,255.38499450683597,0.0,254.03444792765112,255.0860458571914,17.5,82.85714285714286,0.19812837976664888,0.6694307248523268,-0.33174707272551895,0.13706289503334634,1.5189801446186424,0.41395879106906897
AMZN,2026-07-16,2026-07-17,AMZNx,overnight,35,33,244.56227136854088,244.15996398747689,250.7855284894552,352,83245.04257737656,249.8999938964844,244.6999969482422,0.0,249.990133298636,246.49701770238607,17.5,94.28571428571429,-2.080831162563457,-2.1712304635683632,0.036070189817194453,-0.056283441527971156,2.713616267701502,-1.3973013855219207
AMZN,2026-07-17,2026-07-20,AMZNx,weekend,131,66,248.6804265659479,245.5027462686567,248.9212402955411,294,36292.27705734166,247.25999450683597,248.75,0.0,246.88253992253533,249.53753547047728,65.5,50.38167938931298,0.6026067808243107,0.7282356394975098,-0.15265493516388728,-0.027969219719437,1.3924463489070282,1.0754083900688105
AMZN,2026-07-20,2026-07-21,AMZNx,overnight,35,24,249.12433972614335,248.7343092163429,250.85840249730424,74,8358.71983829288,250.09500122070312,249.1219940185547,0.0,249.19973155620093,247.89189246556435,17.5,68.57142857142857,-0.38905503804523844,-0.030253575951622036,-0.3579718347557659,0.0009415899217879442,0.8539607132017624,-0.5248156097397816
AMZN,2026-07-21,2026-07-22,AMZNx,overnight,35,22,248.17275101244095,246.56917699260572,248.51835809688063,109,18906.8840976898,247.50999450683597,248.1300048828125,0.0,248.7181638111052,245.84307257821345,17.5,62.857142857142854,0.25049912720167544,-0.21928949229396144,0.48812950227585805,0.017227311807221923,0.7905209921406309,-1.155963516631342
AMZN,2026-07-22,2026-07-23,AMZNx,overnight,35,30,237.17889208446127,237.17889208446127,246.00611350081977,513,72988.35677000588,244.7700042724609,236.32000732421875,0.0,245.0073892802715,236.95559273622663,17.5,85.71428571428571,-3.452219144808366,-3.195208609343192,0.09698288338726435,0.36344140725426133,3.7217567460493317,-3.286348451651866
AMZN,2026-07-23,2026-07-24,AMZNx,overnight,35,24,234.40584987901573,233.5778241077856,235.56972526680352,127,75410.50625716476,233.55999755859372,234.3699951171875,0.0,235.0548508109498,233.37899491640528,17.5,68.57142857142857,0.34680491824827797,-0.2761061640272455,0.640029657467811,0.015298358397064504,0.8527783691052448,-0.7129637566562597
AMZN,2026-07-24,2026-07-27,AMZNx,weekend,131,77,234.84155916604263,230.52148138706184,235.74476838747907,290,133549.81143278602,232.07000732421875,235.6999969482422,0.0,232.5153708432716,234.48401313934525,65.5,58.778625954198475,1.5641787001592578,1.000444965997116,0.1919091244008353,-0.36420780369720296,2.2658569470352052,0.8466718948230811
AMZN,2026-07-27,2026-07-28,AMZNx,overnight,35,25,232.8422512596456,230.59156852483252,233.8851019756779,236,14375.245354598585,231.3600006103516,232.8500061035156,0.0,231.44387956788924,230.93110247305705,17.5,71.42857142857143,0.6440203532301236,0.6041947163896166,0.03625473604613738,-0.003330403120782588,1.4282974316516261,-0.221555694533615
AMZN,2026-07-28,2026-07-29,AMZNx,overnight,35,27,229.4440563433428,229.4440563433428,232.435436152842,164,13628.273976607225,230.8999938964844,229.31500244140625,0.0,230.84997516262752,229.16522880876,17.5,77.14285714285714,-0.6864406656453714,-0.6090183974654106,-0.021662509822029108,0.05627800212046896,1.3037512747869462,-0.7298014013996212
AMZN,2026-07-29,2026-07-30,AMZNx,overnight,35,31,234.3512600769383,224.90174238858668,234.5487115125273,435,99667.52522337568,226.7100067138672,233.25,0.0,227.9720115374515,233.70569542255237,17.5,88.57142857142857,2.8847395758701655,2.7982595303980284,0.5566603970759365,0.4721372248395639,4.289415022526821,2.5150823763113284
AMZN,2026-07-30,2026-07-31,AMZNx,overnight,35,32,263.9189436001448,250.17749900479777,265.4451399185028,1751,514275.5597454993,236.02999877929688,264.9849853515625,0.0,237.58914676889185,266.545734335785,17.5,91.42857142857143,12.267502742030857,11.082070536186794,0.6605719601993743,-0.4023027002844515,6.102723456121928,12.18767269494001
AMZN,2026-07-31,2026-08-03,AMZNx,weekend,131,97,277.0476052704179,268.9453485968389,277.0476052704179,529,153397.50405018433,271.6099853515625,278.2900085449219,0.0,272.2013763583709,282.8094374264162,65.5,74.04580152671755,2.4594173828745625,1.7803836912516635,0.2177353700906659,-0.44644192617625533,3.0126033842379663,3.8971371893722795
AMZN,2026-08-03,2026-08-04,AMZNx,overnight,35,27,276.1137597435621,276.1137597435621,283.21199897427425,260,121557.66202109426,284.0199890136719,276.0599975585937,0.0,284.81695382633,277.6926028580333,17.5,77.14285714285714,-2.8026166336817315,-3.0557148954253432,0.2806016630821695,0.01947481904074344,2.5707662078501725,-2.501378823340994
AMZN,2026-08-04,2026-08-05,AMZNx,overnight,35,35,280.3850602426386,276.9043752028081,281.8822806048243,321,27802.33180783467,277.42999267578125,281.5899963378906,0.0,277.50176607525015,278.7930559623164,17.5,100.0,1.4994787052353686,1.0390183126281816,0.02587081475100561,-0.4279044394056464,1.797698356470634,0.46532672758416993
AMZN,2026-08-05,2026-08-06,AMZNx,overnight,35,33,272.8622150078697,271.5422031576962,274.9793565515693,1565,175566.63421552733,272.6000061035156,272.7650146484375,0.0,272.7049491342936,273.9846683731159,17.5,94.28571428571429,0.060531379760586645,0.057668874024963124,0.03849707572571859,0.035635200341754825,1.2657897571365817,0.4692687987089217
AMZN,2026-08-06,2026-08-07,AMZNx,overnight,35,32,273.12872701663366,270.9588210833959,274.2361060677587,381,66507.23356774678,272.20001220703125,272.8900146484375,0.0,272.8413807592374,275.7654621422013,17.5,91.42857142857143,0.25349096637123925,0.10531623047671523,0.23562399832601777,0.08747566982385546,1.2095140402733628,1.0717147724538911
AMZN,2026-08-07,2026-08-10,AMZNx,weekend,131,112,273.9594180182305,272.5637912631552,275.7756338459285,1924,195650.64532385016,274.44000244140625,274.20001220703125,0.0,274.4577468303948,275.24613772167066,65.5,85.49618320610686,-0.08744724975953133,-0.1815684993115685,0.006465671487654312,-0.08774404744339437,1.178381973588083,0.2872540128237233
AMZN,2026-08-10,2026-08-11,AMZNx,overnight,35,29,278.42743629451485,276.2329142970917,278.8200945417439,91,27273.03975516698,278.0799865722656,278.3999938964844,0.0,277.9334947240866,275.14958032518695,17.5,82.85714285714286,0.11507743802900983,0.1777193392680454,-0.052679752320461404,0.00985718341670605,0.9365937622732634,-1.0016476789396433
AMZN,2026-08-11,2026-08-12,AMZNx,overnight,35,25,272.2949281332589,271.5673567631127,273.3592435595386,72,12580.000433304842,272.2799987792969,273.2049865722656,0.0,273.10149248083934,271.47666202235183,17.5,71.42857142857143,0.3397193319802039,-0.29533502005193446,0.30170916160769945,-0.3331046224392398,0.6598314384261394,-0.594954807360315
AMZN,2026-08-12,2026-08-13,AMZNx,overnight,35,27,266.8758255189818,266.8758255189818,268.6263972350784,162,9458.57909181088,267.3099975585937,267.2349853515625,0.0,267.6192036214237,267.5027638995019,17.5,77.14285714285714,-0.02806187861146281,-0.2777745738655968,0.11567321299392752,-0.13439850778078632,0.655949902053643,-0.04350947926986537
AMZN,2026-08-13,2026-08-14,AMZNx,overnight,35,26,264.7335671318466,264.7287894547225,266.4403945241181,139,12456.986997821263,265.1600036621094,264.875,0.0,265.0113210947624,265.1093886582753,17.5,74.28571428571429,-0.10748365446267005,-0.1048083386658405,-0.05607277315338166,-0.053396080473200325,0.6465504084089524,0.0370050468439409
AMZN,2026-08-14,2026-08-17,AMZNx,weekend,131,66,265.1021147014868,262.44232153776863,266.53051350276246,195,22601.447488419184,262.6600036621094,265.44000244140625,0.0,262.7410849437985,263.1326568550794,65.5,50.38167938931298,1.0584020180221643,0.8986146031151998,0.030869291311463876,-0.12729345117981072,1.5577487430530557,0.14903337685641116
AMZN,2026-08-17,2026-08-18,AMZNx,overnight,35,19,260.02508990956136,259.311990430622,261.40336661613264,59,4486.878122962634,261.3349914550781,260.6300048828125,0.0,260.9218345224211,259.0145533923143,17.5,54.285714285714285,-0.2697635583893132,-0.34368323927397304,-0.15809476195921546,-0.23209721134108685,0.8065096342199984,-0.7309779703173369
AMZN,2026-08-18,2026-08-19,AMZNx,overnight,35,13,262.0049885931408,259.3903570729675,262.0049885931408,96,17303.811878509758,259.4800109863281,260.8450012207031,0.0,259.671834583773,260.39013972784284,17.5,37.142857142857146,0.5260483183989528,0.8985009918798692,0.07392615589758567,0.44470370028528716,1.0079910254481073,0.276620352461876
AMZN,2026-08-19,2026-08-20,AMZNx,overnight,35,31,262.52061576206137,262.52061576206137,267.13287881854177,298,32644.15146663676,265.8900146484375,262.9049987792969,0.0,265.81336219512553,262.7821806710703,17.5,88.57142857142857,-1.1226506091578714,-1.2387437583544325,-0.028828631798494264,-0.1462060512429364,1.7569146114836176,-1.1403420426359667
AMZN,2026-08-20,2026-08-21,AMZNx,overnight,35,27,260.5461620449814,259.77439315253963,262.1800777891468,386,13552.023549414103,260.19000244140625,260.75,0.0,260.1086808157981,258.53142986654984,17.5,77.14285714285714,0.21522639353519502,0.16819170656325877,-0.03125470803839736,-0.0781737123753179,0.9260668872757449,-0.6063815111058246
AMZN,2026-08-21,2026-08-24,AMZNx,weekend,131,119,258.6387525091893,257.3009326660023,259.81905973147457,1447,94870.32900971714,258.6499938964844,259.5199890136719,0.0,259.5159642330194,261.3519852426203,65.5,90.83969465648855,0.3363599991174526,-0.33801840531184624,0.33480392691662697,-0.33956401887645926,0.9786700107849988,0.7074790235071182
AMZN,2026-08-24,2026-08-25,AMZNx,overnight,35,33,262.38838454257166,261.7253472565992,263.6227155785233,421,35711.27591727754,262.0303955078125,262.6000061035156,0.0,262.9660629404522,262.0821504581388,17.5,94.28571428571429,0.2173834049287393,-0.21967792779837847,0.35708354781758267,-0.08058703580553495,0.7249463385232913,-0.3361317701720212
AMZN,2026-08-25,2026-08-26,AMZNx,overnight,35,27,261.07639011119915,259.7277617749076,262.1902223484297,149,18820.117752071368,260.9700012207031,261.2749938964844,0.0,261.30214826246066,260.1764542872988,17.5,77.14285714285714,0.11686886398996066,-0.08639735752755673,0.12727403157599682,-0.07601331544339063,0.9480929403519855,-0.4308016534296466
AMZN,2026-08-26,2026-08-27,AMZNx,overnight,35,32,259.41204433265307,258.97262976046943,262.81997642888007,582,71353.13655346155,260.2799987792969,259.2300109863281,0.0,260.5088560839359,257.390042211218,17.5,91.42857142857143,-0.4034070223963293,-0.4210266659531281,0.08792734966664995,0.07022078409530952,1.4856190293040417,-1.197200709258428
AMZN,2026-08-27,2026-08-28,AMZNx,overnight,35,31,258.01604285157066,255.50050815309984,258.01604285157066,182,26533.579127636393,256.2200012207031,258.32000732421875,0.0,256.73391838669505,259.01221875377723,17.5,88.57142857142857,0.819610527480541,0.4993981601388864,0.20057652156095784,-0.11766973677210801,0.9845517398984871,0.8874169729496284
AMZN,2026-08-28,2026-08-31,AMZNx,weekend,131,118,263.83765563934094,263.83765563934094,267.4222477103822,741,94926.69632991758,266.3800048828125,263.82501220703125,0.0,266.05340511911004,262.14795877652847,65.5,90.07633587786259,-0.9591533256804508,-0.8328213197561274,-0.12260671135814194,0.004792355434357631,1.3586355072610523,-1.4679181951582687
AMZN,2026-08-31,2026-09-01,AMZNx,overnight,35,32,254.7482408216495,254.7482408216495,260.90777160852946,367,54534.685172495265,259.92999267578125,254.8300018310547,0.0,260.2028678678932,254.19622130534825,17.5,91.42857142857143,-1.9620632433472007,-2.096297819827664,0.10498026384062609,-0.03208453039976744,2.4178894295848297,-2.3084474862877236
AMZN,2026-09-01,2026-09-02,AMZNx,overnight,35,34,253.80474931230756,253.09013712706195,255.66571881379264,248,18323.973412106465,254.9199981689453,254.2550048828125,0.0,254.0751300259711,255.2044882723049,17.5,97.14285714285714,-0.26086352224594656,-0.10641762286450751,-0.33142481917572963,-0.17708818385402392,1.017653914122163,0.4444977539589834
AMZN,2026-09-02,2026-09-03,AMZNx,overnight,35,31,256.5246386289809,254.51578523593253,256.6560042918414,210,33716.180456643466,254.97000122070312,256.32000732421875,0.0,254.5333784393032,257.830474609777,17.5,88.57142857142857,0.5294764470535007,0.7823179034071259,-0.17124476578010972,0.07983430825331261,0.8408983568248596,1.2953492350159745
AMZN,2026-09-03,2026-09-04,AMZNx,overnight,35,27,258.78262311484275,257.95155691725296,260.83909654146083,155,22799.47146387924,258.8999938964844,259.2149963378906,0.0,259.0611327182676,259.0331833849568,17.5,77.14285714285714,0.12166954377457184,-0.10750729007570348,0.062239793581309044,-0.16680100656070174,1.1194115898025547,-0.01078870188572223
AMZN,2026-09-04,2026-09-08,AMZNx,holiday,179,167,256.96511014885965,255.6836682776236,260.59577715309933,18822,1865303.463987432,258.510009765625,256.760009765625,0.0,258.6383036409233,256.58499941257924,89.5,93.29608938547486,-0.676956378434479,-0.6469240899393713,0.04962820411271718,0.07988018984026457,1.921166458759549,-0.7938902318176178
AMZN,2026-09-08,2026-09-09,AMZNx,overnight,35,35,252.83792462836948,252.83792462836948,257.966828444218,6449,507179.9205218383,256.9599914550781,253.1199951171875,0.0,256.274499564116,252.5661631918987,17.5,100.0,-1.4943946394713081,-1.3409742060141117,-0.2667698917175443,-0.11143745822507212,2.028534217478306,-1.4470173109398798
AMZN,2026-09-09,2026-09-10,AMZNx,overnight,35,35,251.07590127369107,251.07590127369107,252.9217222223816,2098,172170.51441029948,252.47999572753903,250.19000244140625,0.0,251.87108923113232,251.56376713405427,17.5,100.0,-0.9069998910345323,-0.31571227959058534,-0.24117019435623277,0.35409042073626384,0.735164521695153,-0.12201563030365126
AMZN,2026-09-10,2026-09-11,AMZNx,overnight,35,35,254.6187759816922,251.42744450664213,254.6187759816922,5929,376070.2010410151,251.88999938964844,254.0449981689453,0.0,251.7511054084664,255.6055087880285,17.5,100.0,0.8555316941992963,1.139089565693463,-0.055140728698477304,0.22585676430650903,1.2692852529731624,1.5310373208921257
AMZN,2026-09-11,2026-09-14,AMZNx,weekend,131,131,253.40210399131527,251.21122903114,258.7266361156049,19107,1490305.915990276,256.7900085449219,253.375,0.0,257.7226257599083,253.0425513682312,65.5,100.0,-1.3298837303961752,-1.6764231529357354,0.36318282797334067,0.010697184534880222,2.9916684510680414,-1.8159346226888973
AMZN,2026-09-14,2026-09-15,AMZNx,overnight,35,35,252.57538218857525,251.07486020139623,254.08953045966612,7641,500576.3146698885,253.55999755859372,252.375,0.0,253.74637762551137,252.2588848444954,17.5,100.0,-0.46734404874723134,-0.4614826220945445,0.07350531184422415,0.0793985888361659,1.2007057400536647,-0.5862124200295971
AMZN,2026-09-15,2026-09-16,AMZNx,overnight,35,35,248.24311392910727,247.3677351792513,249.3057817309724,681,59719.39046124665,248.44000244140625,248.1999969482422,0.0,247.60671011601244,247.74072998449992,17.5,100.0,-0.0966050115945638,0.2570220382140054,-0.3354098845616993,0.017371870022242497,0.7834677995967043,0.054126105235474675
AMZN,2026-09-16,2026-09-17,AMZNx,overnight,35,34,250.88685473249495,245.0796179840122,251.19827682210823,676,87847.70109311402,245.83999633789065,251.1300048828125,0.0,245.4898386526956,249.88918054543788,17.5,97.14285714285714,2.151809560577389,2.198468217429861,-0.14243316401363337,-0.09682242089351645,2.49660044700053,1.7920667987265215
AMZN,2026-09-17,2026-09-18,AMZNx,overnight,35,35,251.81495651806964,249.97035072099175,252.68783278667053,670,80706.6074479021,251.17999267578125,252.8600006103516,0.0,251.152186570534,252.9994375526612,17.5,100.0,0.6688462391743366,0.2638917688058795,-0.011070191121120843,-0.41328960284719995,1.0871217557765211,0.7355106110567
AMZN,2026-09-18,2026-09-21,AMZNx,weekend,131,127,255.5181572187615,251.52696944598756,255.86228672891755,5909,504193.41722397314,253.50999450683597,256.5199890136719,0.0,254.2775704399024,254.3720480565709,65.5,96.94656488549619,1.1873277472516985,0.48788683040854597,0.3027793576973803,-0.39054726252033545,1.723599378817675,0.037155308863878744
AMZN,2026-09-21,2026-09-22,AMZNx,overnight,35,35,255.56492124450617,255.56492124450617,260.55084323402417,4941,599483.6765502314,258.42999267578125,255.3800048828125,0.0,258.6827317364702,256.8215913143088,17.5,100.0,-1.1801988466544455,-1.2052642520956058,0.0977978825414505,0.07240831629653499,1.9509414536386327,-0.719468365618392
AMZN,2026-09-22,2026-09-23,AMZNx,overnight,35,35,254.4496379064972,253.588667346004,256.52562084476847,2760,338607.3970054453,254.8800048828125,253.3300018310547,0.0,255.59184484822643,251.81787096240527,17.5,100.0,-0.6081305014375205,-0.4468870837438077,0.2792843501949971,0.4419674208936408,1.1581564466195848,-1.4765627158652928
AMZN,2026-09-23,2026-09-24,AMZNx,overnight,35,33,246.06873700887505,246.06873700887505,249.75578091405615,712,92016.91003652725,249.3500061035156,245.97000122070312,0.0,249.05334695704985,246.5424367427725,17.5,94.28571428571429,-1.3555262883808705,-1.1983817863284951,-0.11897298544383261,0.040141394349690884,1.498379660089899,-1.0081816787269937
AMZN,2026-09-24,2026-09-25,AMZNx,overnight,35,35,249.1880126942319,248.83133096275876,251.3465702172268,1029,99378.6326968925,249.3500061035156,248.55999755859372,0.0,249.03251938377437,248.80772434950316,17.5,100.0,-0.3168271608519291,0.06243895810968958,-0.127325731690342,0.25266138630779533,1.0108209624311693,-0.09026734132050462
AMZN,2026-09-25,2026-09-28,AMZNx,weekend,131,124,247.54938765894195,247.54938765894195,250.8601114459432,2175,192432.90186728904,249.7400054931641,246.32000732421875,0.0,250.1059487886448,246.0942620252908,65.5,94.65648854961832,-1.3694234378636483,-1.0221912521814147,0.14652970586674918,0.49909885440406754,1.3373993037553156,-1.60399494005804
AMZN,2026-09-28,2026-09-29,AMZNx,overnight,35,34,246.8271998384336,243.9681787878788,247.8611488329094,1649,372557.11105596524,246.25999450683597,246.94500732421875,0.0,245.8049224806835,245.89461864341,17.5,97.14285714285714,0.27816650396448317,0.4158897012448648,-0.18479332262789638,-0.04770595974450398,1.5956876279407783,0.036490791893539765
AMZN,2026-09-29,2026-09-30,AMZNx,overnight,35,33,247.51592164580217,246.3398524389606,247.7764636665404,656,61650.872234671886,246.69500732421875,246.63499450683597,0.0,247.2074126850776,247.2637525223692,17.5,94.28571428571429,-0.024326725552215045,0.12479761726140737,0.2077080385276764,0.35717848585423706,0.5831826289397268,0.022790512905612736
GOOGL,2025-07-08,2025-07-09,GOOGLx,overnight,35,35,176.3199645875326,174.7347341579408,176.90374961261236,489,19776.925651399586,174.35000610351562,175.18499755859375,0.0,173.24020066783444,176.1671020193296,17.5,100.0,0.47891679142377797,1.7777420643856345,-0.6365387994436089,0.6478677082832007,1.2413189999825658,1.6895047109227956
GOOGL,2025-07-09,2025-07-10,GOOGLx,overnight,35,35,176.51388779627865,176.4992404964567,177.9096527284539,481,22123.441923830604,176.6199951171875,175.6300048828125,0.0,176.7942116075037,175.91159839442625,17.5,100.0,-0.560519908132795,-0.15855938306814643,0.0986391660811714,0.5032641854425313,0.7991038533820216,-0.4992319629994024
GOOGL,2025-07-10,2025-07-11,GOOGLx,overnight,35,35,177.70198167739747,176.62546036619648,178.72125476584276,558,22798.439371762637,177.6300048828125,176.78500366210938,0.0,177.8922936986274,177.28823144764215,17.5,100.0,-0.4757086063588156,-0.10698159952468034,0.1476601973793512,0.5186967199099835,1.1865754774544213,-0.33956628385972687
GOOGL,2025-07-11,2025-07-14,GOOGLx,weekend,131,131,179.90301814044932,177.91624490886562,182.03590844222535,1733,80557.5974106415,180.15499877929688,180.9900054931641,0.0,180.67429929821083,181.78784269629492,65.5,100.0,0.4634935025534137,-0.42689035505181216,0.288252073177353,-0.6005786616520292,2.315507240763748,0.6163263963991472
GOOGL,2025-07-14,2025-07-15,GOOGLx,overnight,35,35,182.3565694148336,179.55560061950217,182.3565694148336,621,29604.266147123762,181.6000061035156,182.77999877929688,0.0,181.7413514003898,182.20466076763432,17.5,100.0,0.6497756806839838,0.3385129524476893,0.07783331064075139,-0.2316606670812904,1.5599451009422838,0.25492787616827606
GOOGL,2025-07-15,2025-07-16,GOOGLx,overnight,35,35,182.79182363773128,181.2918121932012,183.18572913124947,458,26326.879862449623,181.9600067138672,183.32000732421875,0.0,183.07847540759636,182.89712697962275,17.5,100.0,0.747417322582411,-0.15657316854255088,0.6146783097716435,-0.28812113538340123,1.04467869515803,-0.09905502412004275
GOOGL,2025-07-16,2025-07-17,GOOGLx,overnight,35,35,181.61654066693688,181.61654066693688,185.35261652172272,917,63886.95949663094,182.9149932861328,182.22000122070312,0.0,183.0844069021637,181.1760438664304,17.5,100.0,-0.37995358004497826,-0.8017429010277244,0.09261876950998893,-0.3311714135241006,2.0571231238444065,-1.0423405619426007
GOOGL,2025-07-17,2025-07-18,GOOGLx,overnight,35,35,185.23659569940196,182.73081351923125,188.0785216630792,889,58858.291332541194,183.63999938964844,185.5399932861328,0.0,183.227384030916,185.4145011490424,17.5,100.0,1.0346296573727098,1.0965673494235606,-0.2246870834806236,-0.16352139576881752,2.9265497377568117,1.1936627975637881
GOOGL,2025-07-18,2025-07-21,GOOGLx,weekend,131,131,188.0565449274368,183.98246603437437,189.54602933105485,2135,106334.7044085142,185.0399932861328,186.25,0.0,184.9131546249652,188.3284296332092,65.5,100.0,0.6539163195905084,1.6999278979621169,-0.06854662006580137,0.9699570080197617,3.0239638681878622,1.846961626483945
GOOGL,2025-07-21,2025-07-22,GOOGLx,overnight,35,35,192.78834498378689,189.58282168618717,193.9105039937558,1118,41299.13641793039,190.1699981689453,191.4949951171875,0.0,189.48762583622891,189.73630543796867,17.5,100.0,0.6967434195719324,1.7419180450393812,-0.3588222849485345,0.6753961720032953,2.2827396855249704,0.13123791099407534
GOOGL,2025-07-22,2025-07-23,GOOGLx,overnight,35,35,190.98083421498328,190.2732661116528,194.80530480576527,864,71136.8926415765,191.3500061035156,191.47999572753903,0.0,190.90536051184037,190.09333712280187,17.5,100.0,0.0679329082190483,0.039534617016800944,-0.2323729174247724,-0.2606859847991805,2.3818578335923934,-0.4253538962244785
GOOGL,2025-07-23,2025-07-24,GOOGLx,overnight,35,35,198.5040001623322,189.45526839938665,198.51419695671925,1917,119511.18664637192,190.3500061035156,197.02999877929688,0.0,190.39816528503204,195.7938177347372,17.5,100.0,3.509320967475338,4.257307240941888,0.025300330954669548,0.7481101315370831,4.781565925227094,2.8338783840840653
GOOGL,2025-07-24,2025-07-25,GOOGLx,overnight,35,35,192.73315839447423,190.00361637428276,193.35479777297567,1036,46936.06717006938,192.17999267578125,191.97999572753903,0.0,192.633199451017,192.5418952942718,17.5,100.0,-0.10406751788133439,0.05189081827126074,0.2358241193193944,0.39231309703959827,1.76374611317478,-0.0473979340038011
GOOGL,2025-07-25,2025-07-28,GOOGLx,weekend,131,131,194.3921001625511,192.93515937755367,196.57858058044505,1599,66240.04216808383,193.17999267578125,193.66000366210935,0.0,193.51432562309623,193.5430349090425,65.5,100.0,0.2484786233187819,0.4535966712689188,0.1730681022833025,0.37803185304028375,1.8884174427542089,0.014835741929597468
GOOGL,2025-07-28,2025-07-29,GOOGLx,overnight,35,34,191.8966065671676,190.85075835353825,192.2164688504927,411,11155.912345321802,192.55999755859372,192.42999267578125,0.0,191.74743057023724,192.45138170858232,17.5,97.14285714285714,-0.06751396160197265,0.07779817256832189,-0.42198119996819106,-0.277184497695393,0.7155908149049983,0.36712415715380864
GOOGL,2025-07-29,2025-07-30,GOOGLx,overnight,35,35,195.38233590366963,194.36148351819747,197.26661576089364,923,39279.578395925,195.7350006103516,195.5200042724609,0.0,194.84103728010544,195.6954259285787,17.5,100.0,-0.10984051764899583,0.27781551110612757,-0.4567212442631807,-0.07041139821142295,1.494705735987134,0.4385054916562492
GOOGL,2025-07-30,2025-07-31,GOOGLx,overnight,35,35,195.35767169066025,195.35767169066025,197.3930259427606,955,46956.00095359143,196.6199951171875,195.7100067138672,0.0,196.22780388507448,193.82829932235887,17.5,100.0,-0.46281579997901057,-0.44342961455341445,-0.19946660657745863,-0.18002913040724433,1.0418604165815637,-1.2228157861466582
GOOGL,2025-07-31,2025-08-01,GOOGLx,overnight,35,35,188.62940934028552,186.79392741660624,190.98197793064853,1090,49104.9043994512,191.94000244140625,189.0200042724609,0.0,191.3320070717816,189.35939137761616,17.5,100.0,-1.5213077689924082,-1.4125173162910176,-0.31676323949733076,-0.20664211371637098,2.2420699494698715,-1.0309909587815969
GOOGL,2025-08-01,2025-08-04,GOOGLx,weekend,131,129,191.09912363501368,187.2741835941712,191.09912363501368,2266,74878.66840333209,189.08050537109372,190.30999755859372,0.0,190.1275746987961,192.6954783311954,65.5,98.47328244274809,0.6502479909745063,0.510998437631538,0.5537690549575203,0.41465298016043484,2.042427828243132,1.3506213585627425
GOOGL,2025-08-04,2025-08-05,GOOGLx,overnight,35,35,194.49190439197352,194.22795831181676,196.3952188949422,596,14190.909170755484,195.0399932861328,194.7100067138672,0.0,194.05362899255263,196.01803178753087,17.5,100.0,-0.16918918356478851,0.22585272004251866,-0.5057241219923236,-0.11201392551650757,1.1158334783327506,1.0122989223013246
GOOGL,2025-08-05,2025-08-06,GOOGLx,overnight,35,35,194.1699471907896,193.0317455305318,195.01082867691983,404,13855.833524194722,194.6699981689453,194.4850006103516,0.0,194.45335620657653,194.7080888394412,17.5,100.0,-0.09503136607273976,-0.14574652827583634,-0.11128677475035209,-0.16199368515477097,1.0252630420704678,0.13099935009301955
GOOGL,2025-08-06,2025-08-07,GOOGLx,overnight,35,34,197.10202725534583,194.4953899502602,199.1592505999486,485,20654.760220429038,196.08999633789065,196.9250030517578,0.0,195.8263990356114,196.59135435854472,17.5,97.14285714285714,0.4258283081551628,0.6514076886551257,-0.13442669549804664,0.08989422411815884,2.3979286351625717,0.3906293159147589
GOOGL,2025-08-07,2025-08-08,GOOGLx,overnight,35,34,197.4659633258296,194.48810641431464,198.72076156845236,225,2063.359140454839,196.55999755859372,197.22000122070312,0.0,196.53839423455244,198.37068648741683,17.5,97.14285714285714,0.3357772030459394,0.4719531239123498,-0.010990702233215632,0.12471458452696371,2.176305395827627,0.9322820917513353
GOOGL,2025-08-08,2025-08-11,GOOGLx,weekend,131,127,199.69424569345625,199.6478061885037,203.9722667600275,1162,10125.69826530353,201.44000244140625,201.0200042724609,0.0,200.87822306828105,200.3204980061557,65.5,96.94656488549619,-0.20849789706863797,-0.5894005615642794,-0.27888173466866784,-0.6595157451134703,2.1660446233207065,-0.27764336701433523
GOOGL,2025-08-11,2025-08-12,GOOGLx,overnight,35,34,202.6098180049325,199.15697428358277,202.6098180049325,285,2522.4745922005804,201.0,201.3000030517578,0.0,199.48538043249928,202.77948688361383,17.5,97.14285714285714,0.149255249630742,1.566248897868694,-0.7535420733834397,0.6506780592735018,1.733729754516733,1.651302187645376
GOOGL,2025-08-12,2025-08-13,GOOGLx,overnight,35,34,205.47987320010984,202.1180553771524,205.7984707549414,390,4369.628366200338,203.33999633789065,203.9900054931641,0.0,203.6146158983884,203.56333125730492,17.5,97.14285714285714,0.3196661586406746,0.9160724015275346,0.13505437466487802,0.7303630897719016,1.820923603743041,-0.025187111866797895
GOOGL,2025-08-13,2025-08-14,GOOGLx,overnight,35,34,200.01167055789531,199.659985794386,203.84504291879705,525,10641.426296578435,201.91000366210935,201.5,0.0,202.21867417637984,202.45038890230208,17.5,97.14285714285714,-0.20306257970035269,-1.0913945645591228,0.15287529526621935,-0.7386250333025757,2.096092067601818,0.11458621557380866
GOOGL,2025-08-14,2025-08-15,GOOGLx,overnight,35,35,205.684819513475,201.761237351731,205.684819513475,308,26074.86135852476,202.8500061035156,203.84249877929688,0.0,202.8501155216373,204.4960553062055,17.5,100.0,0.4892741660923683,1.397437701501003,5.394040838435643e-05,0.9037961883369583,1.9446659889897466,0.8114068756311044
GOOGL,2025-08-15,2025-08-18,GOOGLx,weekend,131,112,204.99834090730653,202.47167769134867,207.7298977102053,659,7679.996390699111,203.8999938964844,204.16000366210935,0.0,204.35144809301715,203.7819543473778,65.5,85.49618320610686,0.12751828023935818,0.31655895777891185,0.22140961748235988,0.41062756179444104,2.5970150881410525,-0.27868348913296925
GOOGL,2025-08-18,2025-08-19,GOOGLx,overnight,35,31,204.0263213371825,201.73516672677772,204.54005715293584,269,2750.080588837319,203.42999267578125,203.02999877929688,0.0,203.20095720279,202.4266785130636,17.5,88.57142857142857,-0.19662483944630216,0.4061812236291873,-0.11258687570041559,0.4907267713520014,1.390382485943542,-0.3810408673191823
GOOGL,2025-08-19,2025-08-20,GOOGLx,overnight,35,35,200.63282363475605,200.18258452402105,203.41034723067372,301,3170.107885852703,201.63999938964844,200.72999572753903,0.0,201.4535139785329,199.4200979481733,17.5,100.0,-0.4513011628962116,-0.40738447673059897,-0.09248433429875913,-0.04840935328612739,1.612409348359356,-1.009372331214975
GOOGL,2025-08-20,2025-08-21,GOOGLx,overnight,35,35,198.727189046362,197.6720414304088,201.2543293829543,267,2861.244327757242,199.2899932861328,199.82000732421875,0.0,200.4842616327416,200.48273849155004,17.5,100.0,0.26595115456948815,-0.8764142242737694,0.599261572001808,-0.5469013300973269,1.812238051786741,-0.0007597310527795997
GOOGL,2025-08-21,2025-08-22,GOOGLx,overnight,35,31,202.31073494596785,199.2317543289355,202.31073494596785,207,2599.90646287217,199.7400054931641,203.10499572753903,0.0,199.69756266595363,202.66065579285973,17.5,88.57142857142857,1.6846851616263203,1.308564934458123,-0.0212490367694107,-0.3910592049821693,1.5454266451666587,1.483790331413637
GOOGL,2025-08-22,2025-08-25,GOOGLx,weekend,131,105,205.93734020158297,204.34876945199747,209.63724770260265,1384,16222.700067350344,206.1199951171875,206.42999267578125,0.0,206.0666871264005,207.0393516003672,65.5,80.1526717557252,0.15039664561291577,-0.06276944935703632,-0.025862600451109774,-0.23865353469834094,2.587966771117478,0.4720144180170527
GOOGL,2025-08-25,2025-08-26,GOOGLx,overnight,35,28,207.988780600054,206.42809290071747,209.44760404910755,227,2634.897219125314,208.50999450683597,207.7899932861328,0.0,208.8025761684844,207.02814761868083,17.5,80.0,-0.34530777404991886,-0.3897440268044061,0.14032020975323078,0.09566741438191695,1.4627423554420593,-0.8498116174446846
GOOGL,2025-08-26,2025-08-27,GOOGLx,overnight,35,33,206.104484028683,203.1115194629988,209.0816023865441,394,8130.759981962505,207.1903076171875,205.6699981689453,0.0,206.57270087014797,206.80211357697695,17.5,94.28571428571429,-0.7337744056305828,-0.22665959223686638,-0.2980866982352448,0.21125388418625768,2.9393128165893456,0.11105664294586148
GOOGL,2025-08-27,2025-08-28,GOOGLx,overnight,35,32,209.1880741412708,205.87991653168672,209.9939188064964,405,6739.469119507369,207.42999267578125,207.2899932861328,0.0,207.34198863359975,210.1374535989941,17.5,91.42857142857143,-0.06749235626077876,0.8903577706748544,-0.04242590044297723,0.9156644877295061,1.9982533236438726,1.34823871605394
GOOGL,2025-08-28,2025-08-29,GOOGLx,overnight,35,34,210.2883630396572,209.4297444524688,213.91234887954388,484,9527.130192177468,211.63999938964844,210.5500030517578,0.0,211.11123706107225,211.17683519463475,17.5,97.14285714285714,-0.5150237861623941,-0.38978219865055674,-0.24984045081322126,-0.12426502413124263,2.14038575981379,0.031072781570373742
GOOGL,2025-08-29,2025-09-02,GOOGLx,holiday,179,139,210.07056264166545,209.4498661692848,217.23840905348,1479,48594.418461376124,213.0399932861328,208.3500061035156,0.0,212.95588107732567,208.9878294746587,89.5,77.6536312849162,-2.201458566663639,-1.3548902341009028,-0.03948188671512032,0.8258010500345359,3.7185714303107797,-1.8633209764355563
GOOGL,2025-09-02,2025-09-03,GOOGLx,overnight,35,32,225.27302225815075,217.3543461580793,228.4465630024486,413,18873.00424761823,211.32000732421875,226.1000061035156,0.0,210.9722618213427,227.45864864512828,17.5,91.42857142857143,6.994131301831996,6.778502687200816,-0.16455872176008857,-0.36576020479460736,5.103287346415453,7.814480767024579
GOOGL,2025-09-03,2025-09-04,GOOGLx,overnight,35,24,229.8413487286405,229.21293262430763,232.9839039058715,176,6583.849150518843,230.6300048828125,229.7350006103516,0.0,230.8310904673664,228.70147877371235,17.5,68.57142857142857,-0.3880693116733336,-0.42877315041139896,0.08718968924104065,0.04629164820613152,1.6451825987256585,-0.9225844271420258
GOOGL,2025-09-04,2025-09-05,GOOGLx,overnight,35,28,233.03661429697925,230.67433342605065,234.6045720978728,284,6611.562484349702,232.3000030517578,232.2400054931641,0.0,232.26060253592988,235.39215378026904,17.5,80.0,-0.02582761851293025,0.3341125238531806,-0.01696104834710832,0.34301101660911826,1.7038040658659215,1.3482920521807884
GOOGL,2025-09-05,2025-09-08,GOOGLx,weekend,131,67,237.6492500644461,232.6558777660664,237.6492500644461,630,29417.633900374196,235.07000732421875,235.63999938964844,0.21,235.10546406096867,237.0053828779808,65.5,51.14503816793893,0.2424775801548984,1.0819765561968175,0.015083479663569044,0.8526781021906293,2.146248075193924,0.8081134245860877
GOOGL,2025-09-08,2025-09-09,GOOGLx,overnight,35,32,234.20448084008152,233.16967677492977,237.3788833223581,252,14786.983229892063,234.0800018310547,234.1450042724609,0.0,234.16922271905617,235.37853845964048,17.5,91.42857142857143,0.027769327109439246,0.01505668448480435,0.03811555335935246,0.02540159582111734,1.8052118121222538,0.5164281311362595
GOOGL,2025-09-09,2025-09-10,GOOGLx,overnight,35,30,240.61164957475395,239.9321779146249,243.58480136161316,274,42667.67474630719,239.63999938964844,238.94000244140625,0.0,240.9200739849965,239.3851573632422,17.5,85.71428571428571,-0.29210355117051945,-0.1280193904729332,0.5341656645836856,0.69960957406352,1.5223566420873968,-0.6371061557327473
GOOGL,2025-09-10,2025-09-11,GOOGLx,overnight,35,24,239.25009759690428,238.64016932264283,241.30645830203449,219,5175.036381120133,239.1199951171875,239.9600067138672,0.0,238.7376038505271,239.15996356001463,17.5,68.57142857142857,0.3512929131116893,0.21466821234330524,-0.1599160565694202,-0.29584476458588416,1.1172842304628228,0.17691377590938195
GOOGL,2025-09-11,2025-09-12,GOOGLx,overnight,35,30,240.89006673687567,238.34839943812148,243.89104778046035,274,13169.92026133218,240.3500061035156,240.33999633789065,0.0,241.8994854460113,239.2827140687424,17.5,85.71428571428571,-0.004164662105576866,-0.41728848958669795,0.644676223485674,0.22887176806463128,2.3254397157291606,-1.0817597947528235
GOOGL,2025-09-12,2025-09-15,GOOGLx,weekend,131,123,246.35769981295277,238.3938686131112,247.15329522230343,1422,49763.037351200765,240.75,244.7700042724609,0.0,239.5604147858579,249.4144077907873,65.5,93.89312977099236,1.6697837061104392,2.837399089148751,-0.4941163921670211,0.6486479195892514,3.6743506282906457,4.113364477907533
GOOGL,2025-09-15,2025-09-16,GOOGLx,overnight,35,34,253.0865488354185,252.67124482456185,256.9878535448202,338,11607.602234963479,251.6199951171875,252.0,0.0,250.8324520313737,251.9822462128112,17.5,97.14285714285714,0.15102332492913373,0.8986464015281692,-0.3129890712568417,0.4311701727851336,1.7083893829135555,0.45839131744151995
GOOGL,2025-09-16,2025-09-17,GOOGLx,overnight,35,33,254.00291664594525,250.28661943611655,254.00291664594525,285,6337.1344506534715,251.1999969482422,251.22000122070312,0.0,252.09606510079624,252.10252529519076,17.5,94.28571428571429,0.007963484356676709,0.7563987737716493,0.3567150332166147,1.1077602944509435,1.484816574773884,0.002562592316524004
GOOGL,2025-09-17,2025-09-18,GOOGLx,overnight,35,34,252.2906246877507,249.31414085730623,254.1325119539077,536,14856.494970212638,249.5200042724609,251.67999267578125,0.0,250.2084052315011,252.1838214052868,17.5,97.14285714285714,0.865657408759013,0.832194048126822,0.2758900878698789,0.24262238943881798,1.9326505428182816,0.7895083188584229
GOOGL,2025-09-18,2025-09-19,GOOGLx,overnight,35,33,252.9393026874958,250.39305325092377,253.00738542291825,311,7213.517347804211,252.07000732421875,253.25999450683597,0.0,250.8696160599801,252.93564806720877,17.5,94.28571428571429,0.4720859872418881,0.8250049009605354,-0.4762134444240562,-0.12662553356073136,1.0440913348241265,0.8235481202054862
GOOGL,2025-09-19,2025-09-22,GOOGLx,weekend,131,123,253.8070715821337,248.0408789852692,256.990318539517,1061,42464.537726897346,254.65499877929688,254.25999450683597,0.0,254.50747214384256,253.70384071419195,65.5,93.89312977099236,-0.15511349643807515,-0.2751984276960773,-0.05793196134435963,-0.17813377428123056,3.6080502499667766,-0.3157594639093375
GOOGL,2025-09-22,2025-09-23,GOOGLx,overnight,35,33,253.29934056444736,251.91365841520147,255.78151757737064,704,20771.5088103381,252.5399932861328,253.3500061035156,0.0,250.6465264364304,252.6779783348191,17.5,94.28571428571429,0.320746352624246,1.058388546505462,-0.7497691059004108,-0.01999823873993778,1.5353908106856995,0.8104847600606702
GOOGL,2025-09-23,2025-09-24,GOOGLx,overnight,35,29,252.6158123761865,249.7965203796416,252.8432384693278,460,11112.874852472089,251.67999267578125,251.75,0.0,251.2967849599452,250.0660165482823,17.5,82.85714285714286,0.027816006935821314,0.5248882974971503,-0.15225990423867186,0.3439175277801354,1.2196799559320404,-0.48976687539359354
GOOGL,2025-09-24,2025-09-25,GOOGLx,overnight,35,33,244.48954180783556,243.51906656441847,248.32041033381375,562,9425.798576863404,247.08999633789065,243.0,0.0,249.1066167236501,242.80321874208528,17.5,94.28571428571429,-1.655265853943222,-1.8534533432070788,0.8161481304980622,0.6129801678335767,1.9716500383862856,-2.5304016667520246
GOOGL,2025-09-25,2025-09-26,GOOGLx,overnight,35,34,247.72971758940247,244.86410226970983,248.5688371394346,824,13701.741483424408,245.7899932861328,247.0,0.0,245.16250167204603,248.4026562497585,17.5,97.14285714285714,0.4922929113955421,1.0471486870331503,-0.25529583434110714,0.29543222243015865,1.5129759059758552,1.321635468562321
GOOGL,2025-09-26,2025-09-29,GOOGLx,weekend,131,115,248.31803145380272,245.4515502159926,250.3812234434224,1126,29021.88865726899,246.5489959716797,248.0,0.0,246.85080434888297,249.77476320843064,65.5,87.78625954198473,0.5885256285882434,0.5943780935978138,0.12241314389207503,0.1282384894365718,2.0084098972248388,1.1845044893656231
GOOGL,2025-09-29,2025-09-30,GOOGLx,overnight,35,29,245.34768022023957,243.1691135355252,245.9190844910301,311,7891.436361313723,244.0399932861328,243.0,0.0,245.07346346509328,242.65171971091445,17.5,82.85714285714286,-0.4261569065499238,0.11189165537106582,0.42348394008875356,0.9661235474236918,1.130888259418339,-0.9881705346379777
GOOGL,2025-09-30,2025-10-01,GOOGLx,overnight,35,33,242.31823222248997,241.57186927006487,244.38476994672,454,9742.078909853062,243.08999633789065,239.0,0.0,243.8671688803111,241.65421745747997,17.5,94.28571428571429,-1.682502941094144,-0.6351558780679278,0.31970568683550304,1.3883816830501994,1.1644156602979683,-0.9074413062617914
GOOGL,2025-10-01,2025-10-02,GOOGLx,overnight,35,30,247.2208178165545,244.52493859791036,247.5497224434321,407,8339.668738762466,244.8500061035156,245.3350067138672,0.0,245.3727307517069,245.97298248465253,17.5,85.71428571428571,0.19808070176094983,0.7531754075466912,0.21348770069882228,0.7686677608494508,1.2370042347687127,0.24462854169113868
GOOGL,2025-10-02,2025-10-03,GOOGLx,overnight,35,33,246.2890681141076,246.0260979283312,249.21435216327225,407,8505.324378904086,245.6999969482422,244.4900054931641,0.0,245.2421692166625,243.9841265893297,17.5,94.28571428571429,-0.4924670208005688,0.426883721013005,-0.186336075403426,0.7358430121978232,1.295900825883023,-0.5129797340119646
GOOGL,2025-10-03,2025-10-06,GOOGLx,weekend,131,121,245.66382975825343,245.39093850196207,250.1797140660374,1695,54887.7504048834,245.4499969482422,245.07000732421875,0.0,244.8503999871392,246.84399979573968,65.5,92.36641221374046,-0.15481345640577793,0.33221500604325715,-0.24428477024157624,0.2423072657965264,1.9514883448057851,0.8142113750703173
GOOGL,2025-10-06,2025-10-07,GOOGLx,overnight,35,32,249.60857349374268,248.11842696772123,252.83499017690863,353,15067.341612865805,250.42999267578125,247.8800048828125,0.0,249.8144925059952,247.96272715947535,17.5,91.42857142857143,-1.0182437677383471,-0.0824287695188719,-0.2457773380934114,0.6973408814266335,1.900932255144827,-0.7412561729081446
GOOGL,2025-10-07,2025-10-08,GOOGLx,overnight,35,33,246.71373218495083,245.40696174415552,247.85924330568196,392,9014.425430220945,245.82000732421875,244.9499969482422,0.0,246.827936567306,245.7356925937453,17.5,94.28571428571429,-0.3539217110302473,-0.046268823514650226,0.41002734238708705,0.7200388890314269,0.9992713915276008,-0.4425122977369522
GOOGL,2025-10-08,2025-10-09,GOOGLx,overnight,35,34,246.4261465836501,243.69222129619016,247.31920714715,663,15741.974208238413,244.6100006103516,243.6699981689453,0.0,246.4581171905191,244.16925115536452,17.5,97.14285714285714,-0.38428618578993934,-0.012972024307178476,0.7555359860823563,1.1310987956727692,1.4883469942815752,-0.9287038549374294
GOOGL,2025-10-09,2025-10-10,GOOGLx,overnight,35,32,242.80196976132456,240.2403485293929,244.54550535954596,415,18232.765194713844,241.27999877929688,242.4539031982422,0.0,240.53283241613929,243.23698033536783,17.5,91.42857142857143,0.4865320063347278,0.9433794639974513,-0.3096677581804208,0.14355989261916058,1.792020722791432,1.124232352010135
GOOGL,2025-10-10,2025-10-13,GOOGLx,weekend,131,127,239.5720985944596,231.12608947908805,242.88857635340185,3026,223354.93352489127,236.57000732421875,240.2100067138672,0.0,235.80236124649144,241.93527266849603,65.5,96.94656488549619,1.5386563287626887,1.5986851565186422,-0.3244900257686756,-0.2655626749835882,5.089207757040359,2.6008693846766295
GOOGL,2025-10-13,2025-10-14,GOOGLx,overnight,35,34,240.1664735684155,239.1680468729841,246.0554061569434,641,81868.71331826384,244.1300048828125,241.22999572753903,0.0,244.841678893083,241.24339418438493,17.5,97.14285714285714,-1.1878954234509354,-1.90948099433228,0.29151435548127047,-0.4408747576834293,2.8797154862484575,-1.469637328483353
GOOGL,2025-10-14,2025-10-15,GOOGLx,overnight,35,35,246.017537328344,244.929471583332,248.1421544243557,705,11783.992422645648,245.42999267578125,247.26499938964844,0.0,244.54419453566112,246.8442054356083,17.5,100.0,0.7476701171935662,0.6024852871606479,-0.3609168262048157,-0.5045041006142004,1.3116767125881168,0.9405297493626508
GOOGL,2025-10-15,2025-10-16,GOOGLx,overnight,35,34,253.48764896227715,250.36287779727095,254.7031244910526,553,13666.257152691385,251.0800018310547,251.77999877929688,0.0,249.58693645356772,255.572947454681,17.5,97.14285714285714,0.27879438550952873,1.5628672574516278,-0.5946572274169504,0.6782310712762918,1.7335823633151115,2.3983671125459294
GOOGL,2025-10-16,2025-10-17,GOOGLx,overnight,35,34,250.57305372209663,245.4781368911411,251.94810949856685,845,24712.389406268692,251.38999938964844,250.88999938964844,0.0,251.80579752544665,249.4498434689126,17.5,97.14285714285714,-0.19889414901704816,-0.489561326809973,0.16539963276491765,-0.12632853773481,2.635661443974091,-0.9356234366668881
GOOGL,2025-10-17,2025-10-20,GOOGLx,weekend,131,120,254.56066547493,251.8146691558,255.9946156231044,1428,30021.95662720188,253.32000732421875,254.69000244140625,0.0,252.46913897725452,255.1733180645149,65.5,91.6030534351145,0.5408159946221902,0.8284285779039058,-0.33588675286718717,-0.05078211364264451,1.6599296940553732,1.0710929257393254
GOOGL,2025-10-20,2025-10-21,GOOGLx,overnight,35,29,256.0007476627717,255.97661887228705,258.6632632968806,319,5985.471297648462,256.5799865722656,254.66000366210935,0.0,257.4582272526559,254.15323159032584,17.5,82.85714285714286,-0.7482980008713613,-0.5661033269113269,0.3422872890917805,0.5264839320591852,1.0495663379060272,-1.283701708660756
GOOGL,2025-10-21,2025-10-22,GOOGLx,overnight,35,33,256.0238942215253,249.29550606735123,256.6523989258693,718,26180.833375456117,250.42999267578125,254.2250061035156,0.0,252.10843796851552,254.94553569915328,17.5,94.28571428571429,1.515398929331746,1.5530841746355106,0.6702253491287058,0.7075968432771917,2.9510731960529224,1.1253481848918057
GOOGL,2025-10-22,2025-10-23,GOOGLx,overnight,35,34,253.27658239382265,250.85435502053625,254.34166330374032,487,10583.52598274303,251.6699981689453,252.8999938964844,0.0,250.8974969163308,253.87844161838413,17.5,97.14285714285714,0.4887335544514926,0.9482300567889901,-0.3069500767810762,0.14890806897069897,1.3901725098288908,1.18811257134519
GOOGL,2025-10-23,2025-10-24,GOOGLx,overnight,35,34,256.7525002883399,253.6181774734102,257.3534833209732,1096,24531.516340820916,253.07000732421875,256.17999267578125,0.0,254.11596758804487,257.7613306738083,17.5,97.14285714285714,1.2289031736495648,1.0375312993196717,0.41330866303965763,0.22347865911729325,1.472806833001794,1.4345273618039833
GOOGL,2025-10-24,2025-10-27,GOOGLx,weekend,131,131,265.63604535501537,260.4765392047189,266.95533373093986,4843,119291.75176910289,259.9100036621094,264.8450012207031,0.0,261.0764652960712,265.5399130376174,65.5,100.0,1.898733211134651,1.74645388038841,0.4487944355840545,0.2986819198649071,2.487285244959825,1.7096323624898435
GOOGL,2025-10-27,2025-10-28,GOOGLx,overnight,35,35,270.05321675159746,268.0143236253834,272.21235931494226,2085,75465.9658135949,269.2699890136719,269.5150146484375,0.0,268.48711081149946,269.5523460852817,17.5,100.0,0.09099626574173847,0.583307681089229,-0.2907409789854709,0.1996928089004646,1.5663475118690595,0.39675471592011124
GOOGL,2025-10-28,2025-10-29,GOOGLx,overnight,35,35,269.627554362209,266.57075860058245,271.2198938528517,1915,43545.62689863966,267.489990234375,267.7550048828125,0.0,266.752778747685,269.10869275455553,17.5,100.0,0.09907460395257583,1.0776928465450863,-0.275603392128454,0.6993518123838971,1.7440529774067626,0.8831825549974637
GOOGL,2025-10-29,2025-10-30,GOOGLx,overnight,35,35,295.86984842063714,286.0998442890891,297.6754821159966,2379,99122.6913870545,275.0400085449219,291.4700012207031,0.0,275.085217184885,287.0499720535351,17.5,100.0,5.973673707582705,7.555706354726732,0.016437114077438864,1.5095368928215835,4.046013326456377,4.349472134887056
GOOGL,2025-10-30,2025-10-31,GOOGLx,overnight,35,35,286.1940318140247,284.6040623156602,288.1923495152643,1367,63561.98440271238,281.2900085449219,282.7900085449219,0.0,282.66028181805046,283.04238938364125,17.5,100.0,0.5332574760686715,1.2501756430883804,0.48713897810193085,1.2037282669985494,1.2607997125579473,0.13518261679110744
GOOGL,2025-10-31,2025-11-03,GOOGLx,weekend,133,133,281.9918532522133,279.4502576251746,282.62959767832933,3997,113420.98189235624,281.17999267578125,282.1549987792969,0.0,282.0686987252692,281.9153585336322,66.5,100.0,0.3467551493394838,-0.02724353088563447,0.3160630459624114,-0.05782124285921286,1.1377123357027674,-0.05436271104521939
GOOGL,2025-11-03,2025-11-04,GOOGLx,overnight,35,35,277.36054787432727,277.36054787432727,285.14034484348633,675,34653.781108438925,283.8900146484375,276.67999267578125,0.0,284.34157633108896,278.795006506424,17.5,100.0,-2.5397236960183256,-2.455155713363899,0.15906219287447065,0.24597195914468628,2.8049400063501873,-1.9506714059313368
GOOGL,2025-11-04,2025-11-05,GOOGLx,overnight,35,35,278.47848580869595,274.67741169747336,279.4831331629565,871,33186.24526947025,277.5799865722656,278.8949890136719,0.0,278.4196794813768,280.4582073011553,17.5,100.0,0.4737382034075033,0.02112146936907866,0.30250484535294664,-0.1493405121579694,1.7495874290442526,0.7321780642717934
GOOGL,2025-11-05,2025-11-06,GOOGLx,overnight,35,35,288.07878004283043,284.0355133115792,289.3542061055221,764,41444.10138540609,284.3299865722656,285.3299865722656,0.0,284.1334494621624,287.26739833261735,17.5,100.0,0.35170402251816224,1.3885484402263115,-0.06912289219740408,0.9633734973273134,1.872544996902703,1.102984839126564
GOOGL,2025-11-06,2025-11-07,GOOGLx,overnight,35,35,283.4698525843907,277.8782332388899,289.1685678732139,1429,137951.84507104318,284.760009765625,283.1300048828125,0.0,287.254937850983,281.1117322626285,17.5,100.0,-0.5724135506787298,-1.3176745698122216,0.876151144752213,0.12003238643636394,4.063051107935389,-2.1385900741387465
GOOGL,2025-11-07,2025-11-10,GOOGLx,weekend,131,131,286.50890590698043,277.8932153169461,291.99734964526056,3041,372585.77940451674,278.9200134277344,284.4200134277344,0.0,281.2603663241581,286.5497909681292,65.5,100.0,1.9718914868850135,1.8660786272223229,0.8390767186844617,0.7344393434454366,5.075379156784465,1.8806150020706847
GOOGL,2025-11-10,2025-11-11,GOOGLx,overnight,35,34,288.13681604140044,288.13681604140044,293.18365285602465,715,28524.914432006455,290.1300048828125,287.7449951171875,0.0,291.1934895333247,289.5116250014891,17.5,97.14285714285714,-0.8220486421555484,-1.0497052996696343,0.36655452128839805,0.13616950107275816,1.7515418140453987,-0.5775762825367292
GOOGL,2025-11-11,2025-11-12,GOOGLx,overnight,35,35,294.68357583633355,293.1493401892764,296.2866505569765,805,120469.8829882345,291.2950134277344,291.67498779296875,0.0,292.89223036575333,289.6272697715745,17.5,100.0,0.13044314104904142,0.6116056640844469,0.5483159217949396,1.0314864727106077,1.0702089132025527,-1.1147310360884788
GOOGL,2025-11-12,2025-11-13,GOOGLx,overnight,35,35,285.509689236963,285.509689236963,290.0426043899884,776,137291.31564221418,286.739990234375,282.29998779296875,0.0,288.7517732774447,281.75648169199474,17.5,100.0,-1.5484420006351751,-1.1227927723811981,0.7016053259349508,1.1369824947878415,1.5876572053088012,-2.4225969267827274
GOOGL,2025-11-13,2025-11-14,GOOGLx,overnight,35,35,272.99010778364925,272.3492031114595,281.7921154739308,1230,131129.73394081983,278.6199951171875,271.4100036621094,0.0,280.2382834535119,274.45408522629106,17.5,100.0,-2.5877509085611816,-2.5864330813548553,0.5808227566882707,0.582183449474849,3.4672076343865044,-2.0640285673817815
GOOGL,2025-11-14,2025-11-17,GOOGLx,weekend,131,131,286.2893565064984,281.95884560732964,299.9657964290938,3712,664101.9749606618,276.3810119628906,285.7749938964844,0.0,278.138643122893,292.8257533852142,65.5,100.0,3.398924501678535,2.9304498260617873,0.6359449759299363,0.17998866975754702,6.386375565901403,5.2804997167660295
GOOGL,2025-11-17,2025-11-18,GOOGLx,overnight,35,35,291.03153645634967,283.8855469818195,291.03153645634967,1153,115519.51989830962,285.1099853515625,287.8599853515625,0.0,285.5910118941701,285.5043017684462,17.5,100.0,0.9645400516607783,1.9050055273432953,0.16871613318434342,1.10176866052214,2.5172079207638642,-0.030361643788701098
GOOGL,2025-11-18,2025-11-19,GOOGLx,overnight,35,35,290.3921163458017,285.5764409057457,295.14082490969406,1295,224808.87180103527,284.2950134277344,287.3099975585937,0.0,286.856309596673,296.7398986145863,17.5,100.0,1.0605124917626219,1.2326055348408138,0.900928981503113,1.0727502744068085,3.34915022178075,3.445484267649501
GOOGL,2025-11-19,2025-11-20,GOOGLx,overnight,35,35,304.4089210045111,295.2255515470655,304.4089210045111,1107,138025.2108334149,292.79998779296875,304.5450134277344,0.0,294.8487458982402,303.81157686892465,17.5,100.0,4.01127941407915,3.242399786082295,0.6997124968188606,-0.044687129068865517,3.1106282668699192,3.03980637373229
GOOGL,2025-11-20,2025-11-21,GOOGLx,overnight,35,35,295.95648500046656,288.7756467196263,296.0505308772354,1514,104144.75018325569,289.5899963378906,296.4150085449219,0.0,291.1815517903651,298.0644166116554,17.5,100.0,2.3567845206461824,1.63984743564356,0.5495892374049793,-0.15468971922378838,2.519216644564337,2.3637709116426375
GOOGL,2025-11-21,2025-11-24,GOOGLx,weekend,131,129,312.8627265706942,300.274831363713,313.02064581114786,2226,209907.94113124453,299.739990234375,310.94000244140625,0.0,300.8674020967449,319.6480950730104,65.5,98.47328244274809,3.7365758897481838,3.9869139662036757,0.37612994565334734,0.6183585624851329,4.244716211994559,6.24218271749708
GOOGL,2025-11-24,2025-11-25,GOOGLx,overnight,35,35,327.51066386890125,320.177042599173,336.3859851642092,1264,266288.3065968457,318.4200134277344,325.0299987792969,0.0,319.6662689326462,325.07252575125733,17.5,100.0,2.0758699431003613,2.4539326474598777,0.39138730367356267,0.7632111186416379,5.062493685822456,1.6912190443685082
GOOGL,2025-11-25,2025-11-26,GOOGLx,overnight,35,35,320.9127287438304,320.9127287438304,334.1829227300106,940,167536.2167225452,323.3900146484375,320.5199890136719,0.0,323.5446901226568,322.3214535205488,17.5,100.0,-0.887481216105479,-0.8134769196269542,0.047829390894293944,0.12253205529151323,4.135141051626268,-0.37807345923194235
GOOGL,2025-11-26,2025-11-28,GOOGLx,holiday,83,83,324.7579698939321,319.7946829276316,325.2626617989072,1291,177006.30930231145,320.010009765625,323.92498779296875,0.0,320.1987630268436,322.47295675513993,41.5,100.0,1.223392365198528,1.423867732651507,0.05898354909485981,0.2571527768323145,1.7098404580144333,0.7102443828322036
GOOGL,2025-11-28,2025-12-01,GOOGLx,weekend,137,134,318.0721403668466,312.5836995360843,323.0363801521373,2384,256036.0928510952,319.6400146484375,317.70001220703125,0.0,319.91160921930486,317.31358679789514,68.5,97.81021897810218,-0.606933535383547,-0.5749928415999639,0.0849688895071754,0.11713193122977472,3.3439621552775245,-0.8121063276665064
GOOGL,2025-12-01,2025-12-02,GOOGLx,overnight,35,35,317.8270045871772,315.7355297748296,318.28645834552725,586,45047.32211097953,315.1400146484375,315.1499938964844,0.0,315.28176915973177,316.96879990547166,17.5,100.0,0.0031666077245029456,0.8072891224344625,0.04498143831477286,0.8494401848448518,0.807932060264771,0.5350866782548369
GOOGL,2025-12-02,2025-12-03,GOOGLx,overnight,35,35,316.44940805896044,315.64337662941705,320.6112234019728,599,220627.82419039492,315.70001220703125,315.760009765625,0.0,315.6778178055151,316.86510469814624,17.5,100.0,0.019004610793116328,0.24442333604850486,-0.007030218770354146,0.21832983025531494,1.5738796187028115,0.37610716549068
GOOGL,2025-12-03,2025-12-04,GOOGLx,overnight,35,35,322.74470502869684,319.05411817603,322.74470502869684,494,123925.1042997927,319.5199890136719,320.3949890136719,0.0,321.2482580880824,318.29577389945854,17.5,100.0,0.27384828182457355,0.46582258516219,0.5408954474947159,0.7333810126864071,1.1567275400691246,-0.9190662094778923
GOOGL,2025-12-04,2025-12-05,GOOGLx,overnight,35,35,319.89940994439894,316.64762676081705,320.7300158109927,880,167468.66019408806,317.5799865722656,319.6675109863281,0.0,317.910582617456,321.7707282093641,17.5,100.0,0.6573224076849904,0.6255933069507558,0.10409851349846289,0.07254379944814371,1.2892530071792807,1.2142236852030308
GOOGL,2025-12-05,2025-12-08,GOOGLx,weekend,131,129,321.914716998282,319.30075123453406,325.22562946637044,2336,315722.0403243471,321.260009765625,320.07000732421875,0.21,321.385241508334,319.39774890310247,65.5,98.47328244274809,-0.37041723377722047,0.16474791669434108,0.03898142903013824,0.5763456843348225,1.8555791707124403,-0.6184143975945355
GOOGL,2025-12-08,2025-12-09,GOOGLx,overnight,35,35,311.93055597410734,311.93055597410734,315.555659971338,504,57096.06690231116,313.7099914550781,313.7200012207031,0.0,314.05896642016296,313.16210637545987,17.5,100.0,0.003190770424166267,-0.6777104536503264,0.11124126568815562,-0.5703956520569098,1.1621509748892977,-0.28557059042957356
GOOGL,2025-12-09,2025-12-10,GOOGLx,overnight,35,35,316.8239603205806,315.5305691538281,317.88126329252674,602,17745.612915590995,317.04998779296875,316.010009765625,0.0,316.49720967484103,317.2866247932642,17.5,100.0,-0.328017053267593,0.10323966080942881,-0.17435046188637449,0.25757113059783343,0.744997273957515,0.24942245754209225
GOOGL,2025-12-10,2025-12-11,GOOGLx,overnight,35,35,320.1595307637619,315.35234721104104,321.2422777462276,1031,68170.35774702295,320.1600036621094,320.0799865722656,0.0,320.8553718970938,316.9117411450052,17.5,100.0,-0.024992843868221204,-0.21687065085357338,0.21719397396007256,0.024851348048371413,1.8677300445919531,-1.2290991822176633
GOOGL,2025-12-11,2025-12-12,GOOGLx,overnight,35,35,315.5009974158519,313.195974979434,315.89188181253184,893,160218.97729262107,312.5,313.7200012207031,0.0,312.9631805327256,313.69807351745857,17.5,100.0,0.39040039062498977,0.810899505432694,0.148217770472181,0.5677024697879673,0.8607731415688935,0.234817713534885
GOOGL,2025-12-12,2025-12-15,GOOGLx,weekend,131,123,312.11124605668243,308.203178734865,312.4288468317723,1328,169027.82951676566,309.2349853515625,310.0,0.0,309.25145831714786,309.77832836496896,65.5,93.89312977099236,0.2473894237962071,0.924745110369618,0.005327005793542838,0.6810471150588526,1.3710657087487421,0.1703694626657981
GOOGL,2025-12-15,2025-12-16,GOOGLx,overnight,35,35,306.22615354121564,305.0341927363883,309.094990892114,1048,161335.99855758666,308.260009765625,304.7820129394531,0.0,308.4273485336347,306.40577587589826,17.5,100.0,-1.1282672795657978,-0.7136834664254854,0.0542849421619529,0.47382737184342716,1.3312599873795294,-0.6554453317280884
GOOGL,2025-12-16,2025-12-17,GOOGLx,overnight,35,31,308.72180242249266,305.34285501816663,308.94925657457253,391,33231.95571948931,306.3800048828125,308.010009765625,0.0,306.159274636624,303.7363363100901,17.5,88.57142857142857,0.5320206465287969,0.8369917223347567,-0.07204459908306537,0.23109400159082583,1.181099048867984,-0.7913979837486984
GOOGL,2025-12-17,2025-12-18,GOOGLx,overnight,35,35,302.1415602460878,296.32759418118854,302.1415602460878,922,289263.29886823945,296.6700134277344,301.7200012207031,0.0,297.2893925031587,301.3628628039659,17.5,100.0,1.7022238731245753,1.632136182887045,0.20877710836628705,0.13971862113189015,1.9620062994688103,1.3702037151439805
GOOGL,2025-12-18,2025-12-19,GOOGLx,overnight,35,35,303.0796414336578,302.10053371929234,305.80130755296625,773,69955.38718796322,302.3999938964844,301.79998779296875,0.0,302.43734135945454,303.2470044072797,17.5,100.0,-0.1984147207757636,0.21237459346656884,0.012350351760570533,0.42400718768977885,1.2250140005090504,0.26771265882239437
GOOGL,2025-12-19,2025-12-22,GOOGLx,weekend,131,127,310.92440988811614,306.2259617594144,311.2386148243168,4032,284860.09799491276,307.1700134277344,309.875,0.0,306.2725617975144,308.01888074758773,65.5,96.94656488549619,0.8806154422694057,1.5188589089731197,-0.29216772177896866,0.3386558735348544,1.6369131591920993,0.5701845897732927
GOOGL,2025-12-22,2025-12-23,GOOGLx,overnight,35,35,311.12943416258025,309.80620205759783,312.23294868491564,617,55567.72958427685,309.7699890136719,310.25,0.0,310.83882183233817,314.37410902991206,17.5,100.0,0.15495722741138973,0.0934929326166456,0.345040790448925,0.28345984289452897,0.7833111833140949,1.1373377291594489
GOOGL,2025-12-23,2025-12-24,GOOGLx,overnight,35,35,316.19850263008686,314.31222657602984,317.117070141768,455,34990.308768868825,314.3099975585937,313.5,0.0,314.3922488808667,314.4478791762582,17.5,100.0,-0.2577065842274684,0.5745223540497113,0.026168853333308206,0.8607663891824213,0.8923749471322795,0.01769455054618785
GOOGL,2025-12-24,2025-12-26,GOOGLx,holiday,89,87,315.9973304847745,311.4418313938341,318.40609158807774,1644,159211.11404835538,313.3099975585937,314.0,0.0,314.0728905894256,314.75429473887954,44.5,97.75280898876404,0.22022994694808062,0.6127367095381198,0.24349463367800972,0.6360925110746818,2.2361351277301544,0.21695732738191698
GOOGL,2025-12-26,2025-12-29,GOOGLx,weekend,131,131,311.52859495983523,310.15004480845613,315.81084832143364,1929,182288.6396583804,313.54998779296875,312.0,0.0,314.17668507606345,312.2534915937676,65.5,100.0,-0.49433514696616276,-0.8428665276632774,0.19987156992284927,-0.15109135902716675,1.8251822328362088,-0.6121375562385345
GOOGL,2025-12-29,2025-12-30,GOOGLx,overnight,35,34,312.8809492792252,312.35329626550526,314.8726793468796,210,15143.553340569844,313.54998779296875,312.5,0.0,312.5876015862401,314.8697040826491,17.5,97.14285714285714,-0.3348709404709105,0.09384495466118192,-0.30693230559590834,0.12190376935206082,0.8065812371747194,0.7300681424433852
GOOGL,2025-12-30,2025-12-31,GOOGLx,overnight,35,35,314.1529077043249,313.3328260260649,315.89219077958666,319,59022.96331543372,313.8599853515625,312.25,0.0,315.7195934752625,313.4072169690366,17.5,100.0,-0.5129629219089882,-0.4962269695372501,0.5924960843979532,0.6094179997838012,0.8168198608430766,-0.73241463438255
GOOGL,2025-12-31,2026-01-02,GOOGLx,holiday,83,79,317.07264203154614,312.6630341476928,318.2394082152291,641,49375.70232354221,313.0,318.0,0.0,312.97319501088776,320.0279845736581,41.5,95.18072289156626,1.5974440894568787,1.309839655921885,-0.00856389428506299,-0.2916220026584426,1.78350922830941,2.254119418285949
GOOGL,2026-01-02,2026-01-05,GOOGLx,weekend,131,126,317.06717510959487,313.3639811252871,318.2560032251894,995,102466.03142275935,315.1199951171875,317.6050109863281,0.0,314.151357381301,317.1930956177278,65.5,96.18320610687023,0.7885935223553409,0.9281569726769634,-0.3073869481136082,-0.16934111809602248,1.5611309514051541,0.9682397242469554
GOOGL,2026-01-05,2026-01-06,GOOGLx,overnight,35,35,317.65935187017726,316.19990115267666,319.41970816011144,539,46801.91223148955,316.69000244140625,319.70001220703125,0.0,315.7284578319017,318.98490185426067,17.5,100.0,0.9504593584958254,0.6115679440285238,-0.3036232915759385,-0.6383047416127385,1.018282104357815,1.0314065588895138
GOOGL,2026-01-06,2026-01-07,GOOGLx,overnight,35,33,314.54481225976065,313.2672124900189,316.0288355635588,528,22092.188640231474,314.114990234375,314.3599853515625,0.0,313.896101128916,318.90328499869446,17.5,94.28571428571429,0.07799535991730444,0.20666428430031747,-0.0696843870124475,0.058794667518347055,0.8815550952776086,1.5951723681085328
GOOGL,2026-01-07,2026-01-08,GOOGLx,overnight,35,35,328.00536034663344,321.4135981121628,328.00536034663344,701,90322.42936695546,322.0299987792969,330.0,0.0,321.5098593944309,326.39930657830246,17.5,100.0,2.4749250849034565,2.020311589957746,-0.1615189227207492,-0.6044362585959306,2.050866009772978,1.5207767478984557
GOOGL,2026-01-08,2026-01-09,GOOGLx,overnight,35,35,327.86324390689833,325.77920630820284,329.5538254957721,565,51699.795892032766,325.3599853515625,327.0799865722656,0.0,326.451857232643,328.1860010495089,17.5,100.0,0.5286455920031408,0.43234144422388265,0.335588864715719,0.23946966087442512,1.1586433739415147,0.5312096649001674
GOOGL,2026-01-09,2026-01-12,GOOGLx,weekend,131,128,325.82473117434,325.5199495359493,339.6252995995514,2461,571393.3381760546,328.4800109863281,325.7200012207031,0.0,329.7957690528065,327.85982703391403,65.5,97.70992366412214,-0.8402367490604745,-1.2040900008728372,0.4005595538454809,0.03215336891944087,4.3331753042202825,-0.5870123878340294
GOOGL,2026-01-12,2026-01-13,GOOGLx,overnight,35,35,336.20693860693507,330.95618534189776,337.26983091578086,426,101625.17640315591,331.83770751953125,336.1099853515625,0.0,330.81564504254226,338.5865109626162,17.5,100.0,1.2874600249520363,1.6296972785853292,-0.3080007045097033,0.028845693254586635,1.9076983158241134,2.349001940060802
GOOGL,2026-01-13,2026-01-14,GOOGLx,overnight,35,35,336.62936580571784,333.1653896625244,340.3125831832233,709,104801.07179362758,336.0,334.6199951171875,0.0,336.3242447511021,333.1791713470561,17.5,100.0,-0.41071573893228797,0.09072228939115412,0.09650141401849055,0.6004933111742661,2.145238894093593,-0.9351313362417679
GOOGL,2026-01-14,2026-01-15,GOOGLx,overnight,35,33,339.30141969666454,334.62804044267165,339.3040493844911,474,102945.35200429034,335.8099975585937,337.510009765625,0.0,337.23820096096404,336.1115816458559,17.5,94.28571428571429,0.5062422856349613,0.6117986425681732,0.425301037120307,0.530772385768219,1.3973751080852859,-0.33407227054877975
GOOGL,2026-01-15,2026-01-16,GOOGLx,overnight,35,33,335.1578067447567,332.94582290314503,336.32885141288546,254,44995.57615588184,332.739990234375,334.4100036621094,0.0,331.87792565645555,333.23249977299133,17.5,94.28571428571429,0.5018974204327176,0.9882793746566865,-0.2590805443349997,0.2236186341491475,1.0160897890959752,0.4081543277867805
GOOGL,2026-01-16,2026-01-20,GOOGLx,holiday,179,168,323.00077982740595,321.8039507369941,331.34455407802864,2092,423386.7034708586,329.989990234375,320.8699951171875,0.0,330.40734637762665,322.9453969974079,89.5,93.85474860335195,-2.7637187148343623,-2.2416470551946066,0.12647539489158977,0.6640648058851006,2.964725361259446,-2.258409040242826
GOOGL,2026-01-20,2026-01-21,GOOGLx,overnight,35,35,320.77456670345015,318.420549980974,323.1863249406801,539,128694.25412956497,322.0299987792969,320.864990234375,0.0,322.64089439130663,322.62852950900475,17.5,100.0,-0.3617701920125449,-0.5784535439555816,0.18970146083452377,-0.02818117702987344,1.496692019403545,-0.003832397726644121
GOOGL,2026-01-21,2026-01-22,GOOGLx,overnight,35,33,333.6101991814167,328.7017386524612,335.7221300744291,404,70136.27920934842,328.4100036621094,334.45001220703125,0.0,328.49868885821576,333.098515389838,17.5,94.28571428571429,1.8391670404584337,1.5560215296345214,0.02700441372596174,-0.25110270442887384,2.1357938204855875,1.4002571966451827
GOOGL,2026-01-22,2026-01-23,GOOGLx,overnight,35,35,331.9917469534068,329.5808609616806,333.0275521218296,248,28485.026391553485,330.5,332.4849853515625,0.0,329.9663286971926,331.94924880689933,17.5,100.0,0.6006007115166412,0.6138257391931967,-0.16147391915504183,-0.14834907436021005,1.0457801311920534,0.600946198824559
GOOGL,2026-01-23,2026-01-26,GOOGLx,weekend,131,129,327.60644690191833,326.0003362322564,336.1536983224002,1483,509411.9584662607,327.9200134277344,327.8099975585937,0.0,327.8535973646764,329.732280938215,65.5,98.47328244274809,-0.033549604975524616,-0.07538439862935231,-0.02025373881995307,-0.06209409663869847,3.1145250362288213,0.5730251516651741
GOOGL,2026-01-26,2026-01-27,GOOGLx,overnight,35,35,337.7885490488072,333.37576235472915,343.869543896865,1375,260193.76572164294,333.260009765625,335.364990234375,0.0,335.0544573732094,338.19062067801195,17.5,100.0,0.631633081398042,0.8160141181325686,0.5384527261000915,0.7226630343073248,3.147733796846919,0.9360159925612566
GOOGL,2026-01-27,2026-01-28,GOOGLx,overnight,35,35,336.4720005489804,334.2132096093424,337.4990526237784,733,80573.02224059246,334.6000061035156,335.69000244140625,0.0,335.9825521721364,336.924735238086,17.5,100.0,0.3257610035886982,0.14567672448455582,0.41319367704766297,0.23295245669721076,0.9831577328367036,0.2804261887584092
GOOGL,2026-01-28,2026-01-29,GOOGLx,overnight,35,35,341.3754598898128,338.25046414839284,343.8148233609506,1122,273736.9265260627,336.1400146484375,340.69000244140625,0.0,337.02267721565136,335.4607526037295,17.5,100.0,1.3535989750364852,1.2915399966917374,0.2625877696045942,0.20119681924757327,1.6450411166669232,-0.46344792725103723
GOOGL,2026-01-29,2026-01-30,GOOGLx,overnight,35,35,334.88098749021884,334.3293561560095,339.3965619317338,1585,202604.06602819305,338.0799865722656,334.32000732421875,0.0,337.281565387936,336.80137730472075,17.5,100.0,-1.1121567076976868,-0.7117429898536032,-0.23616339802444708,0.16779736590997185,1.5156329177865357,-0.14237009445295934
GOOGL,2026-01-30,2026-02-02,GOOGLx,weekend,131,131,337.38224887495363,329.578320751619,339.6299179800995,4666,519654.5062253919,338.2300109863281,336.2200012207031,0.0,338.9324345423776,339.1457583773311,65.5,100.0,-0.5942730391556683,-0.45737306596727034,0.20767629519364839,0.3456807001459783,3.0498356826254014,0.06293992938195547
GOOGL,2026-02-02,2026-02-03,GOOGLx,overnight,35,35,348.3109376436357,344.6963124005647,350.4605733069244,871,129350.32766205732,343.79998779296875,347.3399963378906,0.0,343.515557155506,346.60248302529874,17.5,100.0,1.0296709338609933,1.3959718528727239,-0.08273142744672501,0.2795362802965551,1.672272286934473,0.8986276765320822
GOOGL,2026-02-03,2026-02-04,GOOGLx,overnight,35,35,342.642951217757,340.48950618391206,348.26537747549565,951,167188.2979071304,339.739990234375,342.9599914550781,0.0,340.9128924504311,339.9160971223294,17.5,100.0,0.9477839857715109,0.5074782460969596,0.34523525336154215,-0.09244233882093056,2.2837330227098107,-0.29239003574692557
GOOGL,2026-02-04,2026-02-05,GOOGLx,overnight,35,35,315.0918057578129,315.0918057578129,338.481619411219,5494,1000844.1503880924,333.1099853515625,312.2250061035156,0.0,333.86463601654185,316.70315661099306,17.5,100.0,-6.269694745417187,-5.622886713224351,0.22654699593676053,0.9181838732503111,7.423174207006866,-5.140250734641594
GOOGL,2026-02-05,2026-02-06,GOOGLx,overnight,35,35,328.14078432516004,320.876108285425,332.0842348380744,2158,423235.64694127167,331.29998779296875,327.55499267578125,0.0,330.8277456040648,325.9716962435835,17.5,100.0,-1.1303939798294693,-0.8121934494939476,-0.14254216912289452,0.17883764939543578,3.4929763429689675,-1.4678482760309364
GOOGL,2026-02-06,2026-02-09,GOOGLx,weekend,131,129,320.46251797042333,318.2598851716939,326.1595523961559,2619,353762.69785074407,322.885009765625,320.92999267578125,0.0,324.0416214097895,320.3772327344832,65.5,98.47328244274809,-0.6054840053624222,-1.1045196675028235,0.358211626177396,-0.1456625170680681,2.482143553907301,-1.1308388901906774
GOOGL,2026-02-09,2026-02-10,GOOGLx,overnight,35,35,322.69626434257015,322.69626434257015,328.4293084656287,690,80699.7669401021,324.1199951171875,320.95001220703125,0.0,326.2956375469488,319.2699608969788,17.5,100.0,-0.9780275693914264,-1.1031018469748188,0.6712459775814361,0.5440885088399572,1.7766069076561752,-2.153162911643014
GOOGL,2026-02-10,2026-02-11,GOOGLx,overnight,35,35,321.11674210580463,318.5776146291414,321.11674210580463,628,79676.00590793058,318.5400085449219,319.04998779296875,0.0,319.24550567514706,321.93504693513864,17.5,100.0,0.16009896225483988,0.5861433903980195,0.22147834221761808,0.6477838557940929,0.7970200541613792,0.8424680104121451
GOOGL,2026-02-11,2026-02-12,GOOGLx,overnight,35,34,312.9121089449484,311.1523180846878,314.88637043400263,476,28199.72684853561,310.79998779296875,312.04998779296875,0.0,310.9375656475501,311.5653274525588,17.5,97.14285714285714,0.402187917984298,0.6350288660960324,0.04426572071585255,0.27627661775511125,1.2000721615381016,0.20189320119661236
GOOGL,2026-02-12,2026-02-13,GOOGLx,overnight,35,35,308.5668928984015,308.3535438115973,310.49226043738764,459,40040.9272602146,309.0799865722656,307.7250061035156,0.0,309.1463875833077,307.9315744726084,17.5,100.0,-0.43839152569433715,-0.18744992928312332,0.021483439215352895,0.27358413459666053,0.6935923613373696,-0.39295723951228156
GOOGL,2026-02-13,2026-02-17,GOOGLx,holiday,179,175,302.8203737848258,301.5471203670876,308.1324155043661,1801,120553.3875741233,305.7200012207031,300.4200134277344,0.0,307.20834749823206,301.3423918186838,89.5,97.76536312849161,-1.7336084560403475,-1.42833804782323,0.48683313868447264,0.7990014811942059,2.1838361876120427,-1.909438896214255
GOOGL,2026-02-17,2026-02-18,GOOGLx,overnight,35,34,302.5912622319267,301.03099469941657,304.3030298041141,339,29841.161529975565,302.010009765625,302.1400146484375,0.0,301.85291543580684,303.3245933718605,17.5,97.14285714285714,0.04304654766686955,0.24460482518575688,-0.05201626593107633,0.14935048706283816,1.0869429269117825,0.48754802779653605
GOOGL,2026-02-18,2026-02-19,GOOGLx,overnight,35,34,302.1952015845466,300.5571269655174,305.51228485319405,297,57776.87342814289,303.2900085449219,301.82000732421875,0.0,303.7859226856383,302.434614082636,17.5,97.14285714285714,-0.4846850141076775,-0.5236322628213941,0.16351153244238414,0.12431059943778244,1.648657590556879,-0.444822653747734
GOOGL,2026-02-19,2026-02-20,GOOGLx,overnight,35,35,305.5479284283219,301.9659217818024,309.2673849210332,505,62458.45047653042,302.8599853515625,304.1000061035156,0.0,303.31066914601456,308.24385770786387,17.5,100.0,0.40943697151463176,0.7376131174700928,0.14880929018368239,0.4761336059668997,2.417975874942191,1.6264474229472192
GOOGL,2026-02-20,2026-02-23,GOOGLx,weekend,131,128,318.1590315129412,309.7644387096774,318.1590315129412,1158,123425.43376008102,315.0,319.0924987792969,0.0,315.9053088300616,316.75786402312224,65.5,97.70992366412214,1.2992059616815377,0.7134171601060446,0.28739962859098966,-0.29253814173841874,2.709992418184437,0.26987681727099755
GOOGL,2026-02-23,2026-02-24,GOOGLx,overnight,35,34,311.67314222093256,311.67314222093256,314.6654285994966,383,41833.239406736175,311.510009765625,310.4800109863281,0.0,310.5758198679781,309.19993420402915,17.5,97.14285714285714,-0.33064708902029727,0.3533186689874679,-0.29989081196772904,0.38428600630813214,0.9600719385833179,-0.44301119917636855
GOOGL,2026-02-24,2026-02-25,GOOGLx,overnight,35,35,313.0683657795188,310.4242545221201,313.0683657795188,480,23863.809810353603,310.8800048828125,311.9949951171875,0.0,311.35046353769286,311.8965392322221,17.5,100.0,0.3586561428404744,0.5517583697504103,0.1513312684930268,0.34403457719829333,0.8517734097385876,0.1753893950644958
GOOGL,2026-02-25,2026-02-26,GOOGLx,overnight,35,35,313.98884900702166,311.4317260030867,314.26230970455947,638,91231.42846234169,313.0,312.6400146484375,0.0,313.0601704905941,310.258724643416,17.5,100.0,-0.11501129442891278,0.29664537490421417,0.019223798911860435,0.4314336922293549,0.9088938168890115,-0.8948585962845423
GOOGL,2026-02-26,2026-02-27,GOOGLx,overnight,35,34,305.9202897626725,305.9202897626725,309.16432790572054,602,49529.76081223465,307.44000244140625,304.2049865722656,0.0,307.21239059338154,308.2068113112523,17.5,97.14285714285714,-1.0522429883720763,-0.4205887751510762,-0.07403455835844897,0.5638642580237274,1.0604194136860645,0.3236916050000538
GOOGL,2026-02-27,2026-03-02,GOOGLx,weekend,131,130,303.5968959509173,303.55468176839923,311.55294457522893,2312,265405.2173885357,311.6099853515625,303.1300048828125,0.0,310.5367098041476,305.7220141021531,65.5,99.23664122137404,-2.721344266032677,-2.234780505534173,-0.34442912546720494,0.1540233763019705,2.6348672207046064,-1.5504433292383157
GOOGL,2026-03-02,2026-03-03,GOOGLx,overnight,35,34,298.24819937728296,297.94928382812304,307.16992194242704,746,129150.59345931561,306.260009765625,298.5899963378906,0.0,305.7606825503869,300.15359310336305,17.5,97.14285714285714,-2.504412323895666,-2.456981424309168,-0.16304029233860096,-0.11447033216105407,3.0947005462926613,-1.8338163691467568
GOOGL,2026-03-03,2026-03-04,GOOGLx,overnight,35,35,303.2241171308572,299.5986148121743,303.9419044992139,1018,109579.1973746255,303.5400085449219,302.8900146484375,0.0,303.0508499025597,302.5034164988842,17.5,100.0,-0.2141378000218963,0.05717430865255224,-0.16115129096392344,0.11030488502814517,1.4497028598621897,-0.18064077492326858
GOOGL,2026-03-04,2026-03-05,GOOGLx,overnight,35,35,303.21239393056624,300.8275706467048,304.8807572933009,721,43819.50698981304,303.0299987792969,303.0050048828125,0.0,303.642990401525,301.01376738588493,17.5,100.0,-0.008247994121068913,-0.14181011403865407,0.20228743843759833,0.06844409973820742,1.347345470324668,-0.8658928737868443
GOOGL,2026-03-05,2026-03-06,GOOGLx,overnight,35,33,296.4007255624902,296.4007255624902,303.7424927069272,811,83040.93769693228,300.8900146484375,296.1099853515625,0.0,300.8756715662873,297.5231202349043,17.5,94.28571428571429,-1.5886300854682789,-1.4873073587178265,-0.00476688539066128,0.09818656084241706,2.4769734050091197,-1.1142646774763842
GOOGL,2026-03-06,2026-03-09,GOOGLx,weekend,129,120,294.7287286158681,289.9717911429473,299.9240726855349,1792,158996.45973937857,298.44000244140625,294.3599853515625,0.21,298.2448246730566,295.82504533200074,64.5,93.02325581395348,-1.3671146818345137,-1.1789294453115717,-0.06539933211130444,0.1252694940398147,3.4321550738986906,-0.8113399264206733
GOOGL,2026-03-09,2026-03-10,GOOGLx,overnight,35,34,306.24623017640766,304.2361543108956,307.8331859776507,602,93950.06603729725,306.3699951171875,306.8399963378906,0.0,305.08576056986954,306.9360557176992,17.5,97.14285714285714,0.15340967725097077,0.3803748835640386,-0.41917765048328226,-0.19351002756143876,1.1823156504533472,0.6064836144346719
GOOGL,2026-03-10,2026-03-11,GOOGLx,overnight,35,33,306.5458581619596,305.4069925057824,310.35574612631706,374,540262.785785507,307.0400085449219,306.5400085449219,0.0,306.509605528335,307.64998482989984,17.5,94.28571428571429,-0.16284522735963147,0.011827568523381515,-0.1727471996566532,0.0019082719627583344,1.62037993299744,0.37205336504844144
GOOGL,2026-03-11,2026-03-12,GOOGLx,overnight,35,34,305.91360376255966,304.3093800645281,309.16239970312506,515,62748.837700016506,308.7099914550781,306.8500061035156,0.0,308.774463741193,306.15471862634683,17.5,97.14285714285714,-0.6025024790404787,-0.9265209123741736,0.020884418353617207,-0.3051661470849232,1.5947650504785305,-0.8484332166282971
GOOGL,2026-03-12,2026-03-13,GOOGLx,overnight,35,35,307.3815911188884,303.5887847841848,307.3815911188884,875,111562.98908018133,303.510009765625,307.17999267578125,0.0,304.47445370143936,305.7765453989729,17.5,100.0,1.209180189144421,0.9548050360572269,0.3177634690068709,0.0656287674698719,1.2493235998160657,0.4276521992910398
GOOGL,2026-03-13,2026-03-16,GOOGLx,weekend,131,125,304.7861779667574,300.8918238886385,306.6902834577083,1277,168009.00627282445,302.2200012207031,304.3500061035156,0.0,302.97817076985046,305.28580508854645,65.5,95.41984732824427,0.7047862068060295,0.596745036882651,0.25086676794554563,0.14331258567263916,1.9270911034178884,0.7616503568004251
GOOGL,2026-03-16,2026-03-17,GOOGLx,overnight,35,35,305.49496545009544,305.00956712628823,307.4452271731515,458,12024.564927512769,305.57000732421875,305.9949951171875,0.0,306.54824782184346,307.0211860478327,17.5,100.0,0.13908033602192393,-0.3435943213611736,0.32013629419682665,-0.16341106066148914,0.7985520158634296,0.15427856115626248
GOOGL,2026-03-17,2026-03-18,GOOGLx,overnight,35,33,310.4872503894348,310.4872503894348,314.8186262953167,1011,131318.84317829646,310.8500061035156,309.3099975585937,0.0,311.51973502687633,311.8278572455341,17.5,94.28571428571429,-0.49541853456135376,-0.33143474436778675,0.21545083165857015,0.3806061362817914,1.3950253675309332,0.09890937363283836
GOOGL,2026-03-18,2026-03-19,GOOGLx,overnight,35,35,305.13929267282344,305.13929267282344,309.7923349168705,943,158649.47132977916,307.7300109863281,304.0050048828125,0.0,308.95094149742346,304.2419040220182,17.5,100.0,-1.2104786567862957,-1.2337391840030354,0.3967537995992032,0.3731148408060436,1.5248912073202447,-1.5242023385918402
GOOGL,2026-03-19,2026-03-20,GOOGLx,overnight,35,35,306.0365231180061,305.38405007764834,309.0364533766414,830,99693.1814409391,307.0799865722656,305.989990234375,0.0,303.1010023517306,304.3057651205879,17.5,100.0,-0.35495518612513877,0.9684958952623335,-1.2957484676711983,0.01520732217268339,1.1960032942337273,0.39747897879245375
GOOGL,2026-03-20,2026-03-23,GOOGLx,weekend,131,131,303.4338745190991,294.8903710183193,306.02714323341485,3572,674835.5130109586,300.9700012207031,302.1099853515625,0.0,300.6776961599674,303.7450962767854,65.5,100.0,0.37877001901709395,0.9166554068797073,-0.09712099529858298,0.43821430330943656,3.7765804887551546,1.0201621723169074
GOOGL,2026-03-23,2026-03-24,GOOGLx,overnight,35,35,300.8904174442612,300.8904174442612,304.67067658091264,714,216677.78558925603,302.0199890136719,299.1099853515625,0.0,303.8408055758552,299.03137995679947,17.5,100.0,-0.9635135977631104,-0.9710309074524415,0.6028794875894361,0.5952432816998865,1.2563574369568453,-1.5828767995597737
GOOGL,2026-03-24,2026-03-25,GOOGLx,overnight,35,35,295.73058441026046,292.3908644420864,295.73058441026046,895,189523.44675387855,290.4100036621094,293.44000244140625,0.0,292.36453088443005,294.0551229564687,17.5,100.0,1.043352068140968,1.151320755512919,0.673023379936577,0.7805963569372576,1.1422107782151913,0.5782480066663487
GOOGL,2026-03-25,2026-03-26,GOOGLx,overnight,35,35,288.5327039420532,288.41686529359873,291.4122455525167,500,91198.37950674046,290.9200134277344,287.9100036621094,0.0,289.83512667668475,286.7860851857816,17.5,100.0,-1.0346520097259337,-0.4493667657075928,-0.37291581911710336,0.21628296065552277,1.0385593283072314,-1.0519917050304306
GOOGL,2026-03-26,2026-03-27,GOOGLx,overnight,35,35,277.8452606653153,277.8452606653153,288.0176153026302,1242,400860.9602904528,280.95001220703125,277.2749938964844,0.0,281.6895070843266,277.3268784093087,17.5,100.0,-1.3080683932623405,-1.3647105491438993,0.26321226024734745,0.205668300922901,3.6611582335277726,-1.5487366640575262
GOOGL,2026-03-27,2026-03-30,GOOGLx,weekend,131,131,275.99232104604835,270.991446583028,276.6596600442076,3529,898199.7853858105,274.2300109863281,276.42999267578125,0.0,275.6431352711374,274.4744320635433,65.5,100.0,0.8022395803947147,0.12668038134433512,0.5153062131043384,-0.1583300080777561,2.0916577008798454,-0.4239914070214401
GOOGL,2026-03-30,2026-03-31,GOOGLx,overnight,35,35,277.8386997410511,271.6753697183724,277.8386997410511,971,159940.7503828078,273.510009765625,278.0400085449219,0.0,273.943786506285,278.83261781197496,17.5,100.0,1.6562460668911871,1.4217928738006647,0.15859629453112145,-0.07240281890520395,2.2686377602311847,1.7846111306407675
GOOGL,2026-03-31,2026-04-01,GOOGLx,overnight,35,35,289.7965156628252,286.90187121970433,291.41333052201026,1980,280535.61575883854,287.56500244140625,290.8349914550781,0.0,287.6999744870491,293.1394741279436,17.5,100.0,1.137130383012508,0.72872483896258,0.04693618642634956,-0.3570670045778601,1.5724746872951334,1.8906847838943364
GOOGL,2026-04-01,2026-04-02,GOOGLx,overnight,35,35,289.6561945932166,289.6561945932166,297.92478727552094,2267,343920.5718547593,297.4800109863281,290.69000244140625,0.0,297.73174928373976,292.1510188811037,17.5,100.0,-2.2825091751236815,-2.7123592663364726,0.08462360095287114,-0.35563928566757497,2.854623114108268,-1.8744156160912406
GOOGL,2026-04-02,2026-04-06,GOOGLx,holiday,179,176,296.4655023856317,293.8648984271568,299.2226428205811,2238,316815.3589513451,295.7900085449219,296.0799865722656,0.0,295.1516293327032,297.38264255243774,89.5,98.32402234636872,0.09803509887647,0.445151888844042,-0.215821763337809,0.1302066437617766,1.8231998520750192,0.7558871434247383
GOOGL,2026-04-06,2026-04-07,GOOGLx,overnight,35,35,302.0263282496228,298.51328327576834,304.3794653989596,1029,148084.91178833216,300.02899169921875,302.1069030761719,0.0,300.4734694187196,301.73743960428425,17.5,100.0,0.6925701963616415,0.5168039740437891,0.14814492325676554,-0.026670965055297646,1.965132693198135,0.42065949716287854
GOOGL,2026-04-07,2026-04-08,GOOGLx,overnight,35,35,319.3638653691,305.7197427402017,319.3638653691,1320,229186.64121872606,305.45001220703125,320.44500732421875,0.0,304.4477891021187,317.8828091870186,17.5,100.0,4.909148639032956,4.899387284424694,-0.3281136241151228,-0.3373876735189407,4.462951102406554,4.412914320883288
GOOGL,2026-04-08,2026-04-09,GOOGLx,overnight,35,35,315.9077360571631,315.0150361353843,318.25811505380204,393,26535.762914922492,317.25,315.44000244140625,0.0,317.0041021100059,314.3245304691108,17.5,100.0,-0.5705272052304977,-0.34585232353312456,-0.07750918518333316,0.1482797400889968,1.0294997210939405,-0.8452798001854278
GOOGL,2026-04-09,2026-04-10,GOOGLx,overnight,35,35,320.095321138851,317.70249891360584,320.095321138851,433,46218.36145366826,318.45001220703125,320.25,0.0,319.24237251931925,320.9725669890725,17.5,100.0,0.5652340160057889,0.26717901286117396,0.248817799313783,-0.048299410194851955,0.7531644332126719,0.5419689297818886
GOOGL,2026-04-10,2026-04-13,GOOGLx,weekend,131,131,315.2944766499099,312.2047039855912,318.45249531906995,2487,352011.8910586693,317.25,317.135009765625,0.0,317.55574558627694,317.22978224000195,65.5,100.0,-0.03624593676122556,-0.7120856630045469,0.09637370725830152,-0.5803626402128725,2.0011842402499758,-0.10264759835258985
GOOGL,2026-04-13,2026-04-14,GOOGLx,overnight,35,35,325.595233878317,320.3417086402149,325.595233878317,673,62521.44434453278,321.3900146484375,324.8599853515625,0.0,320.9958886376592,326.2414226446677,17.5,100.0,1.079675952882586,1.432836183721209,-0.1226316913452985,0.22632782118696682,1.639975406387828,1.6341436736997172
GOOGL,2026-04-14,2026-04-15,GOOGLx,overnight,35,35,333.11745563117563,331.23593025664195,333.4367630167181,539,57261.579960913485,332.92999267578125,332.8900146484375,0.0,332.6479815974892,331.81391405914826,17.5,100.0,-0.01200793807203393,0.14113238608328693,-0.08470581939028499,0.06832316162390661,0.6644305641513304,-0.25073578812517816
GOOGL,2026-04-15,2026-04-16,GOOGLx,overnight,35,35,338.0632664507131,336.0105004441873,339.4196055704567,762,95669.54405619792,337.1499938964844,338.75,0.0,337.5180024252596,336.90366460346235,17.5,100.0,0.4745680357351123,0.16155109402622436,0.10915276151191033,-0.20272577100719502,1.014582913856188,-0.18201631242864558
GOOGL,2026-04-16,2026-04-17,GOOGLx,overnight,35,35,338.96136566934825,335.13850738127866,338.96136566934825,714,117297.360666848,335.989990234375,337.7300109863281,0.0,336.373999891672,337.53296450538335,17.5,100.0,0.517878747143441,0.7691931536056629,0.11429199335049045,0.3645973537927505,1.1406801080367623,0.3445464316756297
GOOGL,2026-04-17,2026-04-20,GOOGLx,weekend,131,128,340.1115313809853,336.0910675920165,342.00630361565646,2239,373503.7009458251,341.6099853515625,340.8900146484375,0.0,342.0381370014995,339.652463403089,65.5,97.70992366412214,-0.21075809665928036,-0.5632721653216488,0.12533347041843168,-0.22836787057405328,1.760009888397418,-0.697487601623803
GOOGL,2026-04-20,2026-04-21,GOOGLx,overnight,35,30,337.88115798940413,325.73119032258063,339.46074083374646,292,36610.10157213982,337.3900146484375,337.6849975585937,0.0,339.57671716170336,337.7516891869517,17.5,85.71428571428571,0.08743083593139023,-0.4993154967959157,0.6481230677631178,0.05808976775061314,4.214994117563342,-0.5374420219400933
GOOGL,2026-04-21,2026-04-22,GOOGLx,overnight,35,35,337.6699371694318,333.0713285985886,338.0022646192868,710,71576.34860656089,332.2799987792969,337.0199890136719,0.0,332.96196773192,337.0843404901164,17.5,100.0,1.4265048308018446,1.41396612639626,0.2052392425449856,0.19285151532468792,1.4804444565809094,1.238091180886891
GOOGL,2026-04-22,2026-04-23,GOOGLx,overnight,35,35,340.512326501216,335.3972600605524,340.512326501216,690,106766.89750418249,339.3699951171875,341.3550109863281,0.0,339.6557622948433,339.39143985669875,17.5,100.0,0.5849120127591645,0.2521859781166258,0.08420519838743257,-0.24686454218943998,1.5250769907124928,-0.0778206842005913
GOOGL,2026-04-23,2026-04-24,GOOGLx,overnight,35,31,339.678357373737,339.1407915858227,341.6349619389793,425,34613.64570536949,339.0,338.7250061035156,0.0,339.4232786383954,338.2695710157565,17.5,88.57142857142857,-0.08111914350571459,0.0751506309068839,0.12486095527888263,0.28145287564922405,0.7354380289949392,-0.3399023270492796
GOOGL,2026-04-24,2026-04-27,GOOGLx,weekend,131,128,345.88693590440664,342.5328453648865,346.6570163782515,1724,162282.39214610585,344.2900085449219,345.75,0.0,345.90815004462,345.8319820503323,65.5,97.70992366412214,0.42405861885115304,-0.00613288244599719,0.4699937435120205,0.039605467651959714,1.204022057788845,-0.022019716586008098
GOOGL,2026-04-27,2026-04-28,GOOGLx,overnight,35,35,349.0245307670592,347.64487833090743,353.46998941552954,769,102641.91269432928,350.3399963378906,348.54998779296875,0.0,351.2007579326134,348.8085797001052,17.5,100.0,-0.5109346816329463,-0.6196533226080714,0.24569321336995742,0.1361477523196264,1.675592378230717,-0.6811426736633597
GOOGL,2026-04-28,2026-04-29,GOOGLx,overnight,35,35,348.3146196835937,347.6972868568579,352.9117799144668,412,120354.00167564904,349.8349914550781,347.56500244140625,0.0,351.2485200123136,348.00117638479327,17.5,100.0,-0.6488742033008865,-0.8352776343703905,0.4040557953782997,0.2156768480491289,1.4997221015865092,-0.9245145367178909
GOOGL,2026-04-29,2026-04-30,GOOGLx,overnight,35,35,374.8959324811638,358.7289385624695,380.01185576162993,3281,687985.5981120429,350.20001220703125,374.1600036621094,0.0,350.0682130097495,371.7664671568463,17.5,100.0,6.841802004539477,7.092251895125035,-0.03763540625002504,0.19668826487371227,5.932868779543465,6.198293172791591
GOOGL,2026-04-30,2026-05-01,GOOGLx,overnight,35,35,383.1390955511947,383.1390955511947,390.91761905072207,894,181476.89326629209,385.1199951171875,381.7650146484375,0.0,383.0743070604565,382.3838241217401,17.5,100.0,-0.8711519815347679,0.016912773721466934,-0.531181990721763,0.3599284507572298,2.0302087648708778,-0.1802477811719827
GOOGL,2026-05-01,2026-05-04,GOOGLx,weekend,131,128,386.5275362803304,384.2766760990223,389.1380241445431,1832,254422.26363808202,385.6900024414063,385.6300048828125,0.0,385.5134720512815,383.64413800124953,65.5,97.70992366412214,-0.01555590194560752,0.26304248815305353,-0.0457700197068589,0.2327441812497666,1.2650645610008615,-0.4848946108382157
GOOGL,2026-05-04,2026-05-05,GOOGLx,overnight,35,34,386.26571888155263,382.5061934108517,386.4929907174584,528,40859.205200820405,383.239990234375,386.3489990234375,0.0,382.8372370287387,389.6805512353904,17.5,97.14285714285714,0.8112433118373508,0.8955455533591561,-0.10509164385219538,-0.021555676886797492,1.0422830728715526,1.7875257537024902
GOOGL,2026-05-05,2026-05-06,GOOGLx,overnight,35,35,395.7195932231316,392.7818557086038,398.1613931291312,1199,147544.27680982286,388.4100036621094,394.2699890136719,0.0,387.9404419669896,395.84460695934985,17.5,100.0,1.5087112320259166,2.0052436958361453,-0.12089330622088168,0.36766790520530446,1.3695992679759517,2.03746867748138
GOOGL,2026-05-06,2026-05-07,GOOGLx,overnight,35,35,402.2799245152236,391.1824435026404,405.2817598864227,1449,96521.64186762553,397.7999877929688,399.9949951171875,0.0,398.16366243810216,399.4399084114517,17.5,100.0,0.5517866746041822,1.0338115869027442,0.09142148222553992,0.5712394969758838,3.6042814850117733,0.3205330103542403
GOOGL,2026-05-07,2026-05-08,GOOGLx,overnight,35,35,398.1590049727327,395.86627861934886,401.07383905876026,770,94295.1213171016,398.0299987792969,397.0549926757813,0.0,398.1206328503507,399.38256906510105,17.5,100.0,-0.24495794450312136,0.009638315428994737,0.02277066334994693,0.2780502241040761,1.3154847282202509,0.31697332683198187
GOOGL,2026-05-08,2026-05-11,GOOGLx,weekend,131,130,395.9476773188874,395.9476773188874,404.6918215740288,2462,212363.8195828329,400.80999755859375,393.9200134277344,0.0,400.1903570710111,396.38996993285366,65.5,99.23664122137404,-1.7190150377554225,-1.060165413073877,-0.15459706378508908,0.5147400035629301,2.20840902877657,-0.9496448555063708
GOOGL,2026-05-11,2026-05-12,GOOGLx,overnight,35,35,387.8450549035623,385.3890525043074,391.2256917959975,838,88525.29386033995,388.6400146484375,387.1199951171875,0.0,390.65145349049976,387.4412734029938,17.5,100.0,-0.3911124624223272,-0.7183893882544368,0.5175583486640711,0.1872958760901211,1.514479784457512,-0.8217504526919828
GOOGL,2026-05-12,2026-05-13,GOOGLx,overnight,35,35,387.4382054088919,386.2680366345422,390.8960264400791,977,87700.49224191956,387.4400024414063,385.3699951171875,0.0,387.3788251706558,389.5126084266907,17.5,100.0,-0.5342781620831349,0.015328725882213234,-0.01579012759782561,0.536681713135323,1.1981291141403672,0.550825991868531
GOOGL,2026-05-13,2026-05-14,GOOGLx,overnight,35,35,400.07168496755145,400.07168496755145,406.0282031075458,1145,205803.36421988023,402.6400146484375,397.2799987792969,0.0,402.8767178243114,399.7669237771147,17.5,100.0,-1.3312178805230501,-0.696250920606234,0.058787792385861515,0.7026999085864905,1.4888627123105236,-0.7718971858167389
GOOGL,2026-05-14,2026-05-15,GOOGLx,overnight,35,35,394.29740783560106,392.3907202017447,402.3957636484169,1151,582409.8557737303,401.1199951171875,396.2799987792969,0.0,402.1303842239616,394.61897024956295,17.5,100.0,-1.2066205616293457,-1.9478698192569421,0.25189198221815534,-0.500300532402087,2.5497655605943415,-1.8679051046824768
GOOGL,2026-05-15,2026-05-18,GOOGLx,weekend,131,129,395.3231929456121,392.00019030962926,398.04863847676165,2044,188040.59992385563,396.7900085449219,395.8399963378906,0.0,396.1457542210848,401.30683002537177,65.5,98.47328244274809,-0.23942442767524996,-0.20764106814423755,-0.16236656920863846,-0.1305586593218777,1.5429707221200406,1.3028224458532467
GOOGL,2026-05-18,2026-05-19,GOOGLx,overnight,35,35,398.5710059509152,396.742371498887,402.1244980851505,738,113198.1105894258,396.9599914550781,396.989990234375,0.0,397.0698528019159,392.6057259445059,17.5,100.0,0.007557129167334864,0.37805769901857467,0.027675672410976127,0.39825077594697333,1.3565797285351344,-1.124267386684985
GOOGL,2026-05-19,2026-05-20,GOOGLx,overnight,35,35,388.1498054998594,387.4446205518785,390.7785272303723,497,77108.19014852164,387.7000122070313,387.6950073242188,0.0,388.7139911143865,390.1526262237669,17.5,100.0,-0.0012909163412233582,-0.14514157643507053,0.2615369810238022,0.1173082363839173,0.8604859899061124,0.37010119066105407
GOOGL,2026-05-20,2026-05-21,GOOGLx,overnight,35,35,387.3302170349377,387.3302170349377,390.5341543383661,501,68305.95977716838,388.8800048828125,385.7000122070313,0.0,388.9996045096482,386.66129690531255,17.5,100.0,-0.8177310830726481,-0.42914888739150614,0.030754892340567608,0.42266133687114404,0.8271849606661164,-0.6011079644369199
GOOGL,2026-05-21,2026-05-22,GOOGLx,overnight,35,34,388.0047633317173,387.0345727013545,390.7328248292516,498,37696.26514935375,387.6600036621094,387.3299865722656,0.0,387.7477309658327,386.5269311971412,17.5,97.14285714285714,-0.08513054912195894,0.0662885544795655,0.022629959989317605,0.17421237261365796,0.9555353419940626,-0.3148438201432291
GOOGL,2026-05-22,2026-05-26,GOOGLx,holiday,179,178,385.2003744574358,379.8250568477808,389.5092169637405,2599,957976.9315107483,383.0,384.510009765625,0.0,383.0577175538442,384.4199554414081,89.5,99.44134078212291,0.3942584244451597,0.5593561506277211,0.015069857400584752,0.1795440103709245,2.5496369819121067,0.35562209691608615
GOOGL,2026-05-26,2026-05-27,GOOGLx,overnight,35,35,385.921053904564,385.921053904564,389.31475154350665,471,50008.99165996604,388.9601135253906,386.6650085449219,0.0,388.5305786555488,388.86287959574514,17.5,100.0,-0.5900617828565435,-0.6716394781627444,-0.11043159822961002,-0.1924028872324013,0.87937613265896,0.0855276157017526
GOOGL,2026-05-27,2026-05-28,GOOGLx,overnight,35,35,388.7101939544951,386.4713486029608,391.4815160899435,699,91232.65646503365,388.864990234375,387.9549865722656,0.0,390.2900979380536,387.2373997828917,17.5,100.0,-0.2340153227887387,-0.4048024769025105,0.3664787881314968,0.19466366160207915,1.2963878189401923,-0.7821613131590133
GOOGL,2026-05-28,2026-05-29,GOOGLx,overnight,35,35,386.5633388483432,385.766309668047,392.1466160395669,523,65254.55520712477,390.1700134277344,385.239990234375,0.0,391.46267352985626,383.7759471777907,17.5,100.0,-1.2635576860579256,-1.2515458082721587,0.3313068810095299,0.3435127835931917,1.6539304266902422,-1.9635911344378254
GOOGL,2026-05-29,2026-06-01,GOOGLx,weekend,131,128,376.868034585492,376.7974531998181,384.6478158195407,1691,215531.61801145208,380.3900146484375,376.6000061035156,0.0,380.9121953802293,375.6035190975842,65.5,97.70992366412214,-0.9963480635590938,-1.0617042047447178,0.13727508916721032,0.07117059947756577,2.0834436520353883,-1.3936745389172889
GOOGL,2026-06-01,2026-06-02,GOOGLx,overnight,35,35,366.5961211442949,365.7833309250049,378.5745708134964,1519,313750.9224055406,376.3800048828125,366.6499938964844,0.0,377.65425602683575,363.0129189417359,17.5,100.0,-2.585156187921722,-2.928110753703539,0.338554420397541,-0.01469323689793356,3.496944449640327,-3.8769156845036234
GOOGL,2026-06-02,2026-06-03,GOOGLx,overnight,35,35,361.3750230071086,358.9296788777221,365.5923772129319,1545,358783.3211910593,361.8399963378906,362.0299987792969,0.0,363.3317451870821,363.8741753357489,17.5,100.0,0.052510071669575886,-0.5385497430085429,0.412267539323774,-0.18091754119734516,1.8562684356563386,0.14929335403583988
GOOGL,2026-06-03,2026-06-04,GOOGLx,overnight,35,35,359.9741759386175,358.2315109168885,362.98361500826223,1977,288459.5793280504,359.3999938964844,358.8500061035156,0.0,360.1511710531512,363.4120522092077,17.5,100.0,-0.1530294385945763,-0.04914467278174239,0.2090086726276308,0.3132701173140351,1.3265455289543926,0.9054201174804044
GOOGL,2026-06-04,2026-06-05,GOOGLx,overnight,35,35,367.516774149597,367.516774149597,373.45117485219714,1503,216162.31326831513,372.3299865722656,366.3399963378906,0.0,372.7852332857444,368.8605607550398,17.5,100.0,-1.6087853383821904,-1.4132692675916991,0.12226968815214345,0.32122558919855937,1.6147292096617472,-1.0527972087607695
GOOGL,2026-06-05,2026-06-08,GOOGLx,weekend,131,130,368.33893445333183,360.0115538734069,369.53672944506064,4149,438049.3926475283,368.7174987792969,365.1700134277344,0.22,367.9402918180019,364.7252123153225,65.5,99.23664122137404,-0.9621147255845064,0.10834438200835184,-0.21078656800070927,0.867793331618838,2.645797188776644,-0.8738046835788604
GOOGL,2026-06-08,2026-06-09,GOOGLx,overnight,35,35,366.1800362624917,361.6352324958371,366.1800362624917,1142,229031.17788457134,363.3299865722656,367.0899963378906,0.0,364.2767951441351,369.6711443666762,17.5,100.0,1.0348746056161762,0.5224711383560621,0.26059191557568084,-0.24788473793259103,1.2567369985740706,1.4808380040805647
GOOGL,2026-06-09,2026-06-10,GOOGLx,overnight,35,35,362.5446506530365,359.710237774157,365.1347775344767,892,294621.02811778826,363.9599914550781,362.9849853515625,0.0,364.6581628046943,364.99198029905074,17.5,100.0,-0.26788826420663936,-0.5795872318892115,0.19182640015595886,-0.12130934234084734,1.5080304063309624,0.09154258108168278
GOOGL,2026-06-10,2026-06-11,GOOGLx,overnight,35,35,356.3154383481157,355.0828118898237,360.00526865030827,1055,125295.28533038209,356.2850036621094,355.92498779296875,0.0,356.556837083008,351.9888669095177,17.5,100.0,-0.10104715759579053,-0.06770273622213052,0.07629662155426153,0.10970023699883313,1.38628415559916,-1.2811338048825283
GOOGL,2026-06-11,2026-06-12,GOOGLx,overnight,35,35,362.386328303938,357.8303756078406,364.4748162121589,1173,189877.69454087788,357.6600036621094,362.6199951171875,0.0,357.86930152780343,359.56414780907494,17.5,100.0,1.3867895219740412,1.2622001263731253,0.058518666764806326,-0.06443848006064679,1.8568688007639,0.4735936483056591
GOOGL,2026-06-12,2026-06-15,GOOGLx,weekend,131,126,367.36406536476994,359.0071897488029,367.8560824408057,2464,594433.971202916,359.6700134277344,367.9549865722656,0.0,359.9460942672055,369.43011259491743,65.5,96.18320610687023,2.303492878256286,2.0608561158765415,0.07675948207082062,-0.16059605904529262,2.4648232527583636,2.634844072143605
GOOGL,2026-06-15,2026-06-16,GOOGLx,overnight,35,35,368.64188197639817,368.4038634377635,370.8364916817094,595,66176.27799768606,369.30999755859375,369.6799926757813,0.0,369.1144892801252,369.340066349119,17.5,100.0,0.1001855134259877,-0.12803813381825346,-0.05293879931791423,-0.2808133304345706,0.6603156170094993,0.061113035533710836
GOOGL,2026-06-16,2026-06-17,GOOGLx,overnight,35,35,369.52514991568927,369.52514991568927,373.7327663256222,527,55846.866552039704,373.2799987792969,369.125,0.0,372.7894266859704,369.5168596094642,17.5,100.0,-1.113105120254121,-0.8756355563246387,-0.13142201428706368,0.10840498901165674,1.1386549497085507,-0.8778594139857265
GOOGL,2026-06-17,2026-06-18,GOOGLx,overnight,35,34,366.3757222115873,363.24034507817134,367.6254396519257,670,83628.22132543696,363.6900024414063,365.75,0.0,364.1774129186348,363.620238280445,17.5,97.14285714285714,0.5664157784831092,0.6036369129360786,0.13401811266642305,0.17107921027676998,1.207215727319788,-0.15299538588195993
GOOGL,2026-06-18,2026-06-22,GOOGLx,holiday,179,175,358.9895190586132,358.9895190586132,369.8864399461151,3242,475994.0161127631,367.989990234375,357.875,0.0,368.9612571570149,356.45290374721634,89.5,97.76536312849161,-2.748713416887427,-2.7026518109889652,0.2639384082217422,0.31142691124363964,3.0354426268703216,-3.3901536183446823
GOOGL,2026-06-22,2026-06-23,GOOGLx,overnight,35,34,341.69120973360793,340.5818298678364,349.66144652298993,935,122851.51894467178,349.489990234375,340.67498779296875,0.0,349.989075622927,345.8459323715725,17.5,97.14285714285714,-2.5222474713781473,-2.3708928270261276,0.1428039149897531,0.2982966102744067,2.6659134043283794,-1.1837921637926407
GOOGL,2026-06-23,2026-06-24,GOOGLx,overnight,35,35,349.3725801294133,346.68503249331513,350.4554054728536,731,97042.2619260838,346.1199951171875,348.9649963378906,0.0,347.8166843313384,350.2556877884299,17.5,100.0,0.8219696234942786,0.4473321344736547,0.4902025997014281,0.11679790116485567,1.0875499736525684,0.7012324500132339
GOOGL,2026-06-24,2026-06-25,GOOGLx,overnight,35,34,339.21726993382265,339.21726993382265,346.58421269028986,865,81113.42859606545,345.3599853515625,336.7200012207031,0.0,345.50069924753376,339.0068307797797,17.5,97.14285714285714,-2.501732828736436,-1.8186444564065374,0.04074412263714855,0.7416454930108785,2.1717475522117224,-1.879552916071392
GOOGL,2026-06-25,2026-06-26,GOOGLx,overnight,35,35,342.1448265452151,337.4805324789563,345.3699276193852,1009,159734.2245674169,343.5599975585937,342.6499938964844,0.0,344.36368114776394,339.7501859295492,17.5,100.0,-0.26487474344393247,-0.6443346740728884,0.2339281624407441,-0.147429552099132,2.337733404198894,-1.3397159662244085
GOOGL,2026-06-26,2026-06-29,GOOGLx,weekend,131,127,341.57915774772925,337.58746544547114,343.58036087210473,1573,209741.69967562146,336.1000061035156,341.82501220703125,0.0,338.9159253442688,346.2777702881729,65.5,96.94656488549619,1.7033638796639439,0.7858091651359089,0.8378218356490885,-0.07192406948649532,1.775212660436165,2.1721743929341786
GOOGL,2026-06-29,2026-06-30,GOOGLx,overnight,35,33,353.71002516750576,352.58388890892775,355.96720815260795,430,42379.42967960946,353.4700012207031,353.8550109863281,0.0,354.3315946017967,352.32135344060816,17.5,94.28571428571429,0.1089228970762468,-0.17542026840409175,0.24375290070390854,-0.04097322754260668,0.959578514534476,-0.567333309198037
GOOGL,2026-06-30,2026-07-01,GOOGLx,overnight,35,32,360.02215565553087,353.17425957396784,360.2419510361321,953,223870.52650948823,357.0799865722656,358.239990234375,0.0,357.240353531959,359.87862781433336,17.5,91.42857142857143,0.32485821264995884,0.7786920195517633,0.04491065467790989,0.4974780788682853,2.0011909901616276,0.7385151918842148
GOOGL,2026-07-01,2026-07-02,GOOGLx,overnight,35,35,359.27486273009305,355.5011497619702,361.9940885592419,1045,222340.58415054335,361.2200012207031,359.4800109863281,0.0,361.7011771988266,361.6166376455888,17.5,100.0,-0.4816981973575385,-0.6708063511222218,0.13320856444754003,-0.05706805662774039,1.826418508524963,-0.023372761430440203
GOOGL,2026-07-02,2026-07-06,GOOGLx,holiday,179,168,361.9541795746923,358.45228529057954,363.5763636363636,1328,153050.08524015898,359.54998779296875,361.9299926757813,0.0,360.5578655136436,361.13997978415,89.5,93.85474860335195,0.6619399147867577,0.38726490103315747,0.28031643857409083,0.006682756168441273,1.429500816721041,0.16144822403947323
GOOGL,2026-07-06,2026-07-07,GOOGLx,overnight,35,35,369.5118381015749,363.7586926043985,370.51908005631554,776,190528.02393896756,366.4200134277344,368.5299987792969,0.0,368.0687975012638,370.5805953706501,17.5,100.0,0.5758379112058565,0.3920573029030372,0.4499710750255126,0.26642046116467366,1.8584813474874728,0.6824261894619488
GOOGL,2026-07-07,2026-07-08,GOOGLx,overnight,35,35,365.1199332040542,361.9486721142864,369.4538805455056,1018,386232.0339141519,367.0400085449219,365.052490234375,0.0,367.6642743554971,365.0688059706524,17.5,100.0,-0.5414990911824846,-0.6920283881002853,0.17008113449268336,0.018474869089613044,2.073556006540467,-0.7059343444218213
GOOGL,2026-07-08,2026-07-09,GOOGLx,overnight,35,35,355.73325940210407,355.73325940210407,365.0911557767434,1281,650470.726132557,361.6400146484375,354.15399169921875,0.0,361.9318934672138,358.0693576680937,17.5,100.0,-2.0700206409670074,-1.712652069904208,0.08070976854153145,0.445926839708366,2.630593605548026,-1.0671996220388391
GOOGL,2026-07-09,2026-07-10,GOOGLx,overnight,35,35,358.2890787511312,356.880899194014,360.494900431293,790,167834.92811662593,358.8699951171875,357.5249938964844,0.0,359.23424030450104,356.84462098290174,17.5,100.0,-0.374787872768223,-0.2631045282790012,0.10149781042425587,0.21371508780951842,1.0126631168664302,-0.6651980945841296
GOOGL,2026-07-10,2026-07-13,GOOGLx,weekend,131,120,356.4177061410933,355.29346080800656,360.0287939619362,1142,139364.2163615178,356.9100036621094,356.20001220703125,0.0,357.82654196616147,356.6897725637623,65.5,91.6030534351145,-0.19892730598559671,-0.3937203253081889,0.25679815489838553,0.06111564475059783,1.3327949079503298,-0.31768727835361776
GOOGL,2026-07-13,2026-07-14,GOOGLx,overnight,35,32,351.5025383102208,350.92919911909775,354.19926562071373,562,83921.43744436023,352.5299987792969,351.0899963378906,0.0,353.744550937823,354.07012609624496,17.5,91.42857142857143,-0.4084765683466718,-0.6337942511505323,0.3445244837976258,0.11750319765111428,0.93183083933297,0.09203679818072796
GOOGL,2026-07-14,2026-07-15,GOOGLx,overnight,35,32,358.6428481915364,357.68330143043823,361.24589255942647,324,51538.33804253816,359.54998779296875,358.1499938964844,0.0,360.3546883400235,362.29126439598446,17.5,91.42857142857143,-0.3893739240760308,-0.4750431183156434,0.22380769694756442,0.13761114154715592,0.9960182973990594,0.5374083142588804
GOOGL,2026-07-15,2026-07-16,GOOGLx,overnight,35,35,373.0874525009179,370.0212044815472,379.00789795525856,946,233602.55475411212,370.9200134277344,373.1950073242188,0.0,370.5858594013847,372.0889707153063,17.5,100.0,0.6133381360204471,0.6750373863627868,-0.09008789341445889,-0.028820005945973115,2.4286968867913927,0.40560406604548405
GOOGL,2026-07-16,2026-07-17,GOOGLx,overnight,35,35,346.00283191972363,346.00283191972363,358.8254533512219,1018,254690.9092535003,354.2900085449219,345.9949951171875,0.0,355.16666539404,345.62890947328594,17.5,100.0,-2.3413060565275923,-2.5801502131821863,0.24744046627749317,0.00226500459450385,3.7059296192330615,-2.685431052537657
GOOGL,2026-07-17,2026-07-20,GOOGLx,weekend,131,108,350.88302876519134,345.665062929107,350.88302876519134,1052,215698.21493964866,346.6199951171875,351.1499938964844,0.0,347.08575842798325,356.3164665928855,65.5,82.44274809160305,1.3069063652157098,1.0940438335489855,0.13437289174222933,-0.07602595356209774,1.5095438896451263,2.659489172563534
GOOGL,2026-07-20,2026-07-21,GOOGLx,overnight,35,31,351.53728367878773,351.53728367878773,357.9995650124546,577,166860.61842129982,352.1000061035156,350.8299865722656,0.0,353.5257051505171,350.2897017275315,17.5,88.57142857142857,-0.36069852576958716,-0.562454566318682,0.40491309920123175,0.2016067991885917,1.8382918779026758,-0.9153516634972436
GOOGL,2026-07-21,2026-07-22,GOOGLx,overnight,35,34,348.2989999381767,348.2989999381767,350.8645295340155,395,111069.44903855323,347.1099853515625,348.1549987792969,0.0,348.6553849780655,348.3465766774048,17.5,97.14285714285714,0.30106118286281625,-0.10221698996883966,0.44521900599827635,0.04136122111837448,0.7365882751010577,-0.08857121213834418
GOOGL,2026-07-22,2026-07-23,GOOGLx,overnight,35,35,324.4329384014217,324.4329384014217,344.90142134678524,5658,1480789.6389466773,342.07000732421875,321.1300048828125,0.0,344.57472904903887,322.5530590517487,17.5,100.0,-6.121554650524807,-5.845405640513645,0.7322248870670789,1.0285346957269015,6.309002731417435,-6.390970707012045
GOOGL,2026-07-23,2026-07-24,GOOGLx,overnight,35,33,319.43299867945126,317.6169928064375,322.1691818706566,536,308401.00227753696,317.6499938964844,318.31500244140625,0.0,319.08773060278526,321.9803879562199,17.5,94.28571428571429,0.20935260749244122,0.10820474858552753,0.4526166327487591,0.3512232315380226,1.433232215945468,0.9065398246338452
GOOGL,2026-07-24,2026-07-27,GOOGLx,weekend,131,121,325.6249730918578,317.51220557156984,326.24681435544665,1447,439005.037419044,319.7699890136719,325.0400085449219,0.0,320.20199938548734,328.0684307526366,65.5,92.36641221374046,1.6480657073246086,1.6936101950574711,0.1351003492066294,0.17996693685635723,2.750952130534068,2.4567090093897015
GOOGL,2026-07-27,2026-07-28,GOOGLx,overnight,35,35,327.51531665045104,324.2618204179096,328.8059482510728,616,93472.4443397598,326.5599975585937,327.8999938964844,0.0,326.6371377836523,327.80967682979326,17.5,100.0,0.4103369512214128,0.26885456833154464,0.023622068114681483,-0.11731541725943373,1.4013761556345816,0.3589729735256286
GOOGL,2026-07-28,2026-07-29,GOOGLx,overnight,35,34,335.0787499710348,331.4786185468242,337.00653749074735,566,136832.51990118585,333.7300109863281,334.5199890136719,0.0,334.4158830525107,334.9891727593697,17.5,97.14285714285714,0.23671171346233422,0.1982163384327107,0.20551704779425695,0.167033652909776,1.6676547549754783,0.17143016702019231
GOOGL,2026-07-29,2026-07-30,GOOGLx,overnight,35,35,335.6804677218184,331.34812593317343,338.2379366088328,1061,184754.18514854382,336.6700134277344,334.19500732421875,0.0,336.8293795446106,333.45910960266565,17.5,100.0,-0.7351430198124453,-0.3410960838230781,0.047335999798048256,0.4444891051764044,2.079326888074484,-1.000586690656713
GOOGL,2026-07-30,2026-07-31,GOOGLx,overnight,35,34,340.5499527195897,334.4439345850591,342.9112895852785,749,148712.38385653117,333.67999267578125,341.5,0.0,334.181143897742,343.5326607314689,17.5,97.14285714285714,2.343564941221099,1.9057953861683297,0.15018917314819635,-0.27819832515674214,2.531771135489347,2.798337669401363
GOOGL,2026-07-31,2026-08-03,GOOGLx,weekend,131,120,363.27168938713606,351.26583700025964,363.5021591792727,1786,304106.08668768,356.3299865722656,365.239990234375,0.0,357.3276385306587,369.95209175902494,65.5,91.6030534351145,2.5004922397409146,1.663473578735597,0.2799797928852543,-0.5389061712480769,3.483493380258329,3.5330189627307718
GOOGL,2026-08-03,2026-08-04,GOOGLx,overnight,35,35,367.88743894626,367.7092187117729,375.07490383378746,856,126305.15796255239,373.55999755859375,367.6488037109375,0.0,374.43240757991776,372.4760244504055,17.5,100.0,-1.5823947655768666,-1.7479706620375346,0.233539465420729,0.06490847594600169,2.0031276745846593,-0.52249300271765
GOOGL,2026-08-04,2026-08-05,GOOGLx,overnight,35,35,383.5101989240415,378.5088933595524,383.6366815452205,1108,313774.96009653865,377.7900085449219,382.9400024414063,0.0,378.8855683205409,381.3167258726,17.5,100.0,1.363189544456156,1.2205876893120582,0.28999172843100496,0.14889969159657124,1.3547338716813462,0.6416601093663932
GOOGL,2026-08-05,2026-08-06,GOOGLx,overnight,35,35,360.350179280686,360.350179280686,365.9347419117416,983,109936.70308643409,362.4700012207031,360.7699890136719,0.0,363.20408250178417,362.7944287158506,17.5,100.0,-0.4690076975490509,-0.7857574731650052,0.20252194074237284,-0.11636492662087106,1.549759914703852,-0.11278887151043859
GOOGL,2026-08-06,2026-08-07,GOOGLx,overnight,35,35,357.53339625807075,357.53339625807075,359.99377476015854,211,37714.63807083666,357.8900146484375,356.7650146484375,0.0,358.37241722861137,357.3538014357065,17.5,100.0,-0.31434238284214766,-0.23411985136272406,0.13479073470314962,0.21537470830497174,0.6881534782031684,-0.2842338706706582
GOOGL,2026-08-07,2026-08-10,GOOGLx,weekend,131,127,356.11868022923187,353.9643518747491,359.15520291720424,1570,314142.1607076515,354.25,355.17498779296875,0.0,356.2674648997323,354.85980743008844,65.5,96.94656488549619,0.2611115858768498,-0.04176207067977389,0.5695031474191481,0.26569788659025484,1.4664897792566078,-0.39511255119522026
GOOGL,2026-08-10,2026-08-11,GOOGLx,overnight,35,35,356.33902415873314,355.95542586990496,358.1969059929247,420,33195.074653788346,357.54998779296875,355.8999938964844,0.0,356.8824638486386,353.1458686136286,17.5,100.0,-0.4614722284481676,-0.15227413643276178,-0.18669387977063856,0.12335776054450687,0.6297080926753296,-1.047010042105856
GOOGL,2026-08-11,2026-08-12,GOOGLx,overnight,35,35,347.44817799344065,344.40232684815817,347.9130461693404,372,46387.06240898416,343.7900085449219,346.0,0.0,344.7013656008876,344.7249849653212,17.5,100.0,0.6428317868898636,0.7968672789458786,0.2650911990790483,0.41854855301752814,1.0193657381211807,0.006852123835487944
GOOGL,2026-08-12,2026-08-13,GOOGLx,overnight,35,34,345.62832187003545,343.2336081662874,346.7531440594875,363,21944.073929502494,343.5450134277344,345.6199951171875,0.0,345.44740920567983,345.8791862839662,17.5,97.14285714285714,0.6039912117337787,0.05237053731901309,0.5537544436940767,0.0024092219679472393,1.0254053826497689,0.12499068361206955
GOOGL,2026-08-13,2026-08-14,GOOGLx,overnight,35,35,346.7382654859068,346.2072717977263,348.74198080223863,339,29238.951114953146,346.4100036621094,346.5400085449219,0.0,347.72978457060685,349.4387577608534,17.5,100.0,0.03752919414512501,-0.2851406835696846,0.38098810500426517,0.057210404598717624,0.7321362695100309,0.491465864034879
GOOGL,2026-08-14,2026-08-17,GOOGLx,weekend,131,127,347.0703502028487,345.70541350190905,350.33384000697026,1083,70331.44814149512,345.8800048828125,346.260009765625,0.0,346.7064228172241,345.8262252684941,65.5,96.94656488549619,0.10986610311320977,0.10496701580184897,0.2389319772016396,0.23402657377968872,1.3388354142842118,-0.2538740244780624
GOOGL,2026-08-17,2026-08-18,GOOGLx,overnight,35,34,342.2374111212111,342.2374111212111,345.24450440060326,385,113302.01309402016,344.0799865722656,342.45001220703125,0.0,345.08299751995975,342.61464290681414,17.5,97.14285714285714,-0.4737196084759865,-0.8246092734789268,0.2915051693898718,-0.06208237063564104,0.8786570905678026,-0.7152930254127776
GOOGL,2026-08-18,2026-08-19,GOOGLx,overnight,35,35,343.7546933175114,342.60452149346725,345.4127742639331,241,41417.401913701266,344.07000732421875,342.4549865722656,0.0,345.1296035486491,343.3758927528968,17.5,100.0,-0.4693872518889086,-0.39837505012630947,0.30795948553337116,0.37952630161848244,0.8196776733197408,-0.5081310840103215
GOOGL,2026-08-19,2026-08-20,GOOGLx,overnight,35,35,344.1009030108221,342.8591392090197,347.13585991065816,605,114973.46507987085,344.7799987792969,342.7950134277344,0.0,345.67373814862725,343.47598145681474,17.5,100.0,-0.5757252040693772,-0.4550056785421419,0.2592201904097369,0.38095349463507233,1.247369608260951,-0.6357893149717797
GOOGL,2026-08-20,2026-08-21,GOOGLx,overnight,35,34,342.709227981122,340.61922821241865,344.0311246475574,471,27414.401553653213,340.6650085449219,342.3525085449219,0.0,341.9149328375803,342.265477596675,17.5,97.14285714285714,0.49535466152152985,0.23230782491709956,0.3669071555065795,0.10419653056326084,1.0016746421053657,0.10252396880869874
GOOGL,2026-08-21,2026-08-24,GOOGLx,weekend,131,128,342.60882825781005,342.4109608149902,347.16123410748804,1700,304438.6897598792,344.8999938964844,343.614990234375,0.0,344.9920892943031,346.7546595069665,65.5,97.70992366412214,-0.3725728283123897,-0.6908161405579372,0.026702058407801488,-0.2928166713211944,1.3873017619504546,0.5109016314747361
GOOGL,2026-08-24,2026-08-25,GOOGLx,overnight,35,35,349.5439483101537,347.36857417262763,350.31486998279223,647,42212.65853870413,348.0599975585937,349.375,0.0,349.5093090743884,349.29486608278984,17.5,100.0,0.37780912791764987,0.009910819215952493,0.4163970367065062,0.04835729807619593,0.8481756926866924,-0.06135544491403522
GOOGL,2026-08-25,2026-08-26,GOOGLx,overnight,35,35,347.9736219806253,345.81564953378614,348.293960229621,354,22207.612932717646,346.94000244140625,346.6199951171875,0.0,348.1164870111632,345.3846521699348,17.5,100.0,-0.09223707902429323,-0.04103943245105102,0.33910317676775215,0.39052186328147886,0.7166566056729939,-0.7847473311830888
GOOGL,2026-08-26,2026-08-27,GOOGLx,overnight,35,35,341.15073933004913,341.15073933004913,344.15582256112674,536,26350.250332727817,342.0599975585937,339.69000244140625,0.0,343.1036222373814,340.88117348807964,17.5,100.0,-0.6928594790688636,-0.5691816643023095,0.30509989073157495,0.430020571151446,0.8808666916504393,-0.6477485532822791
GOOGL,2026-08-27,2026-08-28,GOOGLx,overnight,35,32,341.40345594998865,340.67620441164945,344.00157270347194,282,44053.24942256,340.6300048828125,340.7550048828125,0.0,340.8890852972824,343.7880579418707,17.5,91.42857142857143,0.036696708513095366,0.15089091287792122,0.07605918761004471,0.19029832515569112,0.9761081780177205,0.8504152141040722
GOOGL,2026-08-28,2026-08-31,GOOGLx,weekend,131,127,344.8532072344965,343.8876259745151,347.88117281118963,3000,238901.043666278,346.4700012207031,343.697998046875,0.0,348.59759143406063,342.40802836484545,65.5,96.94656488549619,-0.8000701832948431,-1.0741279605979148,0.6140763142152172,0.33611170102421095,1.1612941365242602,-1.7755610541520306
GOOGL,2026-08-31,2026-09-01,GOOGLx,overnight,35,35,336.3340780483091,336.3340780483091,341.1137901823421,302,76038.88869863503,339.2799987792969,336.0,0.0,340.76835675216097,335.85535611430544,17.5,100.0,-0.9667527679492083,-1.3012589390971274,0.43868131873940897,0.09942799056819052,1.421120381784946,-1.4417420339966402
GOOGL,2026-09-01,2026-09-02,GOOGLx,overnight,35,35,334.9036575643796,334.9036575643796,338.9655759320341,620,80066.74616050902,335.010009765625,334.0599975585937,0.0,335.9550725636672,335.900452183192,17.5,100.0,-0.28357726018274354,-0.31296297783637295,0.2820998688079168,0.25254745014418045,1.21286175170352,-0.01625823954923833
GOOGL,2026-09-02,2026-09-03,GOOGLx,overnight,35,33,340.6040845251941,337.7211499133777,340.6040845251941,564,99976.32570198344,337.1300048828125,340.3550109863281,0.0,338.1724633481339,343.15275653737484,17.5,94.28571428571429,0.956606073860633,0.7190476578091243,0.3092155697276944,0.07318051176745666,0.8536434903635204,1.4727080791655078
GOOGL,2026-09-03,2026-09-04,GOOGLx,overnight,35,35,342.76171827598307,341.476544344574,344.79254399569675,260,66568.69172431887,342.4800109863281,342.57501220703125,0.22,343.5354410348254,341.84956566112714,17.5,100.0,0.02773920160465959,-0.22522356252724363,0.308172744288826,0.05450078444104722,0.9710768443810469,-0.4907427800229014
GOOGL,2026-09-04,2026-09-08,GOOGLx,holiday,179,173,336.64640931413925,336.64640931413925,341.05865406679965,9568,652941.4841515784,338.5,335.3800048828125,0.0,339.6537971971102,336.221572879506,89.5,96.64804469273743,-0.921711999169128,-0.8854274286901775,0.3408558927947336,0.3776028424143041,1.3106466103855352,-1.0105066823711484
GOOGL,2026-09-08,2026-09-09,GOOGLx,overnight,35,35,332.65352579890333,331.14634947554373,340.82917756072294,2273,167134.94514026213,338.42999267578125,331.69000244140625,0.0,338.7739170204614,330.51651189802715,17.5,100.0,-1.991546370073638,-1.8066300013257486,0.10162348258819787,0.29048911646569753,2.9240328635705914,-2.4374382759625224
GOOGL,2026-09-09,2026-09-10,GOOGLx,overnight,35,35,329.77166019135194,329.77166019135194,332.8712047900984,10109,694082.8588491143,330.6400146484375,328.010009765625,0.0,330.68827588482355,330.0858592337175,17.5,100.0,-0.7954284921045995,-0.2771842125394497,0.014596308446623851,0.5370721542875101,0.9399062966623406,-0.1821705500426929
GOOGL,2026-09-10,2026-09-11,GOOGLx,overnight,35,35,335.54293587662414,332.2195114412483,335.54293587662414,13389,891010.1470365231,332.6700134277344,335.06500244140625,0.0,333.53109460798663,338.5932470954822,17.5,100.0,0.7199293344761104,0.603194515042782,0.25883943412270405,0.1426390198127292,1.0003700327407161,1.5177452925177137
GOOGL,2026-09-11,2026-09-14,GOOGLx,weekend,131,131,343.8132580056703,323.5261452948189,344.46063319029827,37886,2787840.0760095296,338.4200134277344,343.20001220703125,0.0,339.6066197879633,345.8560268120678,65.5,100.0,1.412445656177952,1.2386796877909667,0.3506312609027562,0.17868466690762475,6.470725225747209,1.8401899904090024
GOOGL,2026-09-14,2026-09-15,GOOGLx,overnight,35,35,347.240748843958,345.19153500167727,349.1967645879187,2733,226622.84640866914,349.4849853515625,346.7799987792969,0.0,349.2147179368401,347.0184113175631,17.5,100.0,-0.7739922130115429,-0.5652594210645789,-0.07733305465198459,0.13286523625439806,1.1602919481272789,-0.6289272778228661
GOOGL,2026-09-15,2026-09-16,GOOGLx,overnight,35,35,347.39048808519743,344.27210751765654,347.39048808519743,936,87157.36823173886,345.0299987792969,346.9800109863281,0.0,345.5076884329737,346.76040348771414,17.5,100.0,0.5651717862013017,0.5449371215914267,0.138448730651497,0.1182999267601792,0.9057894901872032,0.3625722658798347
GOOGL,2026-09-16,2026-09-17,GOOGLx,overnight,35,35,348.8452823149593,343.2046113154194,348.8452823149593,1361,146534.69274142795,342.8500061035156,348.6700134277344,0.0,343.91447965795163,346.51759675572407,17.5,100.0,1.6975374713750213,1.433729298606945,0.310477916139984,0.050267840787876494,1.6435300731888702,0.756908258227873
GOOGL,2026-09-17,2026-09-18,GOOGLx,overnight,35,35,357.18041933998336,346.7928599103752,357.18041933998336,1449,216993.94481168204,347.3800048828125,356.9200134277344,0.0,347.8374646955892,356.9288739399635,17.5,100.0,2.7462745151783263,2.686011598138438,0.13168858493481927,0.07295917921446016,2.995321020246111,2.613694661192034
GOOGL,2026-09-18,2026-09-21,GOOGLx,weekend,131,131,350.9840492152601,345.6729765758301,354.74188846394145,38088,3212496.662657435,349.0599975585937,350.6700134277344,0.0,350.6237169467332,353.0464720183137,65.5,100.0,0.461243304990977,0.10276893749934235,0.447980117766722,0.08955307710976079,2.623552462198875,0.6909843671381033
GOOGL,2026-09-21,2026-09-22,GOOGLx,overnight,35,35,357.6360314702821,356.2965931244153,358.91434876605774,15059,1161711.5681358431,355.2200012207031,357.9049987792969,0.0,356.30528986987696,361.40067470344167,17.5,100.0,0.7558689120451545,0.3734835373595313,0.3055257714780435,-0.07515047566593047,0.7347125097904916,1.4300615170281583
GOOGL,2026-09-22,2026-09-23,GOOGLx,overnight,35,35,351.14197989618896,351.14197989618896,353.5092796410974,4266,333006.786169366,351.1849975585937,349.7799987792969,0.0,352.8129797041695,347.2925711525376,17.5,100.0,-0.4000736902385449,-0.47362197654452487,0.46356824946776065,0.38938221786417593,0.6741716685678911,-1.5646840873770218
GOOGL,2026-09-23,2026-09-24,GOOGLx,overnight,35,35,338.2765856784659,336.591806667841,343.0700228036155,4375,569862.1355539648,337.8599853515625,336.2349853515625,0.0,339.0029229557587,339.0287093359616,17.5,100.0,-0.4809684693229066,-0.21425693647709743,0.33828735385958986,0.6071944966609344,1.924650573021025,0.007606536244009199
GOOGL,2026-09-24,2026-09-25,GOOGLx,overnight,35,35,343.69431227459154,342.5303426147377,344.3727986822084,11824,926810.2714111527,342.4200134277344,342.4100036621094,0.0,343.2967520865027,345.62116009432896,17.5,100.0,-0.0029232419930136366,0.11580656842005155,0.25604188551711093,0.3750791737234138,0.5378957243338256,0.6770841826201135
GOOGL,2026-09-25,2026-09-28,GOOGLx,weekend,131,131,342.6299684095645,341.2856781276589,345.62051553945395,18396,1554431.933609475,343.8399963378906,340.70001220703125,0.0,344.8672980177042,343.5976155047536,65.5,100.0,-0.9132108435034203,-0.6487508734518532,0.2987731766969981,0.5664678994377281,1.2701492296941952,-0.3681655292481212
GOOGL,2026-09-28,2026-09-29,GOOGLx,overnight,35,35,343.3099462361481,342.0777172903189,344.2656508152279,6164,553271.1299792916,342.79998779296875,341.95001220703125,0.0,342.7665116706738,341.5079559010392,17.5,100.0,-0.24795087987308229,0.158543657846133,-0.009765496933200613,0.3976996580112635,0.6396012994474232,-0.36717582575388485
GOOGL,2026-09-29,2026-09-30,GOOGLx,overnight,35,35,345.2974143355339,341.24747696850744,346.25309319940044,5041,367028.69848510565,340.94000244140625,344.2149963378906,0.0,341.78840093947014,348.2812014859894,17.5,100.0,0.9605777770378188,1.0266625158778409,0.24884099606636845,0.31445986059850384,1.4668580923618002,1.899655028863645
NVDA,2025-07-08,2025-07-09,NVDAx,overnight,35,35,161.21641894281856,159.6290530983773,161.21641894281856,880,118305.05090357157,160.00010681152344,161.19000244140625,0.0,159.3917474478469,162.49373246869123,17.5,100.0,0.7436842722139403,1.1447716234924243,-0.3802243484706924,0.016388424227442577,0.9944091088875728,1.94613903825811
NVDA,2025-07-09,2025-07-10,NVDAx,overnight,35,35,164.55202339921465,162.27649766464305,164.55202339921465,1492,185409.2279413304,162.8300018310547,164.36000061035156,0.0,163.06082982887122,163.35233655522867,17.5,100.0,0.9396295290129197,0.9145013992069018,0.14176011497932794,0.1168306085117976,1.4022521852019132,0.17877176674703232
NVDA,2025-07-10,2025-07-11,NVDAx,overnight,35,35,163.11730683856544,162.77843007082456,164.45635721535842,1490,157853.6778838447,164.10499572753906,163.71499633789062,0.0,163.72139121624048,164.8975035491195,17.5,100.0,-0.23765235660220263,-0.36897095314635253,-0.23375553534974447,-0.3650792613351217,1.0308043539944522,0.7183620442887895
NVDA,2025-07-11,2025-07-14,NVDAx,weekend,131,131,165.27875342461988,164.6273197734513,166.13240869752462,3529,279445.369057445,164.8800048828125,165.4250030517578,0.0,165.29599433722623,163.7136047879144,65.5,100.0,0.33054230519502514,-0.010430326926846867,0.2522983030655457,-0.08840841737338678,0.9142400703264331,-0.957306652019374
NVDA,2025-07-14,2025-07-15,NVDAx,overnight,35,35,171.03726042756264,163.69788509530107,172.32948691587066,2445,1038771.9734832444,164.07000732421875,171.13999938964844,0.0,164.12036911653215,171.7896001193304,17.5,100.0,4.309131315791714,4.214523369807455,0.03069530692094702,-0.060032115491526206,5.272885361679824,4.672930632609518
NVDA,2025-07-15,2025-07-16,NVDAx,overnight,35,35,170.97534871451796,169.199398957976,174.03207020888928,1368,402677.88178994576,170.5500030517578,171.0,0.0,170.474274704735,170.92745506924092,17.5,100.0,0.2638504486602855,0.29392939823373876,-0.04440243076385686,-0.01441595642224236,2.856198828527501,0.2658350447836355
NVDA,2025-07-16,2025-07-17,NVDAx,overnight,35,35,172.49917920751386,169.93823893337958,172.83273361052025,1621,266260.2251058941,171.33999633789062,172.05999755859375,0.0,171.15816458278823,172.25947163447628,17.5,100.0,0.42021783360099985,0.7834943942022665,-0.1061233564776165,0.2552491312052707,1.7032627237448361,0.6434440649516038
NVDA,2025-07-17,2025-07-18,NVDAx,overnight,35,35,176.0958640709639,173.00751529420253,177.04067505710478,1651,268596.17538090155,173.1114044189453,173.72999572753906,0.0,173.26984019791183,174.55299376769042,17.5,100.0,0.3573371209540266,1.6309958327566543,0.09152243868526533,1.361807633458545,2.33120495144028,0.7405521747541055
NVDA,2025-07-18,2025-07-21,NVDAx,weekend,131,131,171.7147945423961,170.5157418845096,172.5105153923779,4142,584739.1175084505,172.38999938964844,172.73500061035156,0.0,172.0172172395093,172.43151964925855,65.5,100.0,0.20012832642533063,-0.17580955090799044,-0.21624348944775384,-0.5906191937653626,1.1698471272050481,0.24084938496149455
NVDA,2025-07-21,2025-07-22,NVDAx,overnight,35,35,170.43939152073352,169.2013770571521,171.69104900284992,1984,287828.1493750869,171.4600067138672,171.22000122070312,0.0,171.89233528446414,167.4988151793372,17.5,100.0,-0.1399775363152722,-0.845263845724209,0.25214542964437925,-0.45591034599012925,1.4714253447576153,-2.555972084419067
NVDA,2025-07-22,2025-07-23,NVDAx,overnight,35,35,168.8196731961899,166.52378339367547,168.8196731961899,1188,142578.43112838786,167.00999450683594,169.52000427246094,0.0,167.6717110629884,169.39739095928655,17.5,100.0,1.5029099144855396,0.6846486660890827,0.39621374643263874,-0.4131259194315673,1.3787158541112232,1.0292015781063313
NVDA,2025-07-23,2025-07-24,NVDAx,overnight,35,35,172.2034945545211,171.32869064914766,172.5392270157911,2058,244870.26014261245,170.8300018310547,172.4499969482422,0.0,170.59439654162998,172.5959302546347,17.5,100.0,0.948308318107749,0.9432302851157592,-0.13791798097486652,-0.14294137319995626,0.7065578812613715,1.1732704904620306
NVDA,2025-07-24,2025-07-25,NVDAx,overnight,35,35,173.09100703980533,172.869670822783,173.43827338215857,1274,50802.82655372478,173.77999877929688,173.61500549316406,0.0,173.3959166409812,173.64733072342003,17.5,100.0,-0.0949437721785018,-0.17584589480684754,-0.22101630855888565,-0.30181633889897475,0.32891979065459154,0.14499423476008744
NVDA,2025-07-25,2025-07-28,NVDAx,weekend,131,131,174.21771878302212,173.47106034482258,174.411498487739,2804,206967.38815818366,173.49000549316406,174.02000427246094,0.0,173.72960796077265,174.67551731360584,65.5,100.0,0.305492398706364,0.28096006661091355,0.1381073606675498,0.11361596696184417,0.5421297022379701,0.5444721621928439
NVDA,2025-07-28,2025-07-29,NVDAx,overnight,35,35,178.385760244985,176.01238186844293,179.05357381581567,952,91384.99159734101,176.75,177.9600067138672,0.0,175.87729617166943,178.90136945755924,17.5,100.0,0.6845865424991215,1.4262580378010314,-0.49375039792394215,0.23924113006039693,1.7278284147338008,1.7194222061146958
NVDA,2025-07-29,2025-07-30,NVDAx,overnight,35,35,176.69990480360622,175.88402440171663,176.76734463906683,808,36256.55857594412,175.50999450683594,176.5500030517578,0.0,175.89416238073815,178.65557975813078,17.5,100.0,0.592563715726957,0.4580836634725527,0.2188866081283214,0.08490611682654414,0.5022174358102705,1.5699312245595287
NVDA,2025-07-30,2025-07-31,NVDAx,overnight,35,35,182.56315027678028,180.5532671353716,185.77751518515848,1149,197209.63997457715,179.2899932861328,182.92999267578125,0.0,178.87870829770677,181.64217421748276,17.5,100.0,2.030230088658258,2.059743171301043,-0.2293965105847673,-0.2005370435077647,2.8934663618520595,1.5448825330160565
NVDA,2025-07-31,2025-08-01,NVDAx,overnight,35,35,174.31824657939154,173.2150392049464,178.11493337685218,1615,374696.2407458547,177.85000610351562,174.08999633789062,0.0,177.88214924741325,173.05240156220373,17.5,100.0,-2.1141465485452593,-2.003519005757426,0.018073175594346402,0.1311104867036228,2.828792577362904,-2.715139043261683
NVDA,2025-08-01,2025-08-04,NVDAx,weekend,131,131,175.78989050046627,170.6457139318113,178.62708360892825,3667,852868.0511020565,173.58999633789062,175.16000366210938,0.0,173.84479196674104,176.45661672910978,65.5,100.0,0.9044342170287045,1.1188707534576903,0.14678013377824595,0.35960654555133864,4.677158009550864,1.5023888451420664
NVDA,2025-08-04,2025-08-05,NVDAx,overnight,35,35,180.34302993625525,179.76263863312542,181.4657239116231,786,41306.72750085362,179.97000122070312,179.6199951171875,0.0,179.27894719995052,179.76360474042332,17.5,100.0,-0.19448024734211034,0.5935346859873958,-0.3839828949632196,0.40253581935354443,0.9474078103478778,0.27033711879860256
NVDA,2025-08-05,2025-08-06,NVDAx,overnight,35,35,176.71683877466842,176.40499957674606,178.30628937465363,770,83370.07028407097,178.25999450683594,176.3249969482422,0.0,178.22948872381764,177.7432166368147,17.5,100.0,-1.0854917638402295,-0.8487091333652441,-0.017113084235587106,0.22222704279486472,1.0777981363733424,-0.2728348100445088
NVDA,2025-08-06,2025-08-07,NVDAx,overnight,35,35,181.03696591507716,178.20037530970006,181.60660540250376,791,95358.17866323447,179.41000366210938,181.5500030517578,0.0,179.39377563979954,182.62081420082012,17.5,100.0,1.1927982531446668,0.9159683882103753,-0.009045215973790821,-0.282587236605214,1.9114606727869576,1.7988575966537912
NVDA,2025-08-07,2025-08-08,NVDAx,overnight,35,35,181.37232065072027,180.74776457684095,182.05272969440983,835,36203.975283823784,180.8699951171875,181.5500030517578,0.0,180.17354374581512,182.01975858834285,17.5,100.0,0.37596503175096885,0.665345688374952,-0.38505633337422296,-0.09786967670106783,0.7219813316220014,1.0246869790896396
NVDA,2025-08-08,2025-08-11,NVDAx,weekend,131,131,181.61911887460116,180.42463415248895,183.90483431999297,3264,220174.2971692107,182.75,182.16000366210935,0.0,182.41748051382544,181.61793772263243,65.5,100.0,-0.32284341334646305,-0.4376563238213227,-0.18195320720906238,-0.29692840175359336,1.9288941246031088,-0.43830382315384053
NVDA,2025-08-11,2025-08-12,NVDAx,overnight,35,35,182.35346467030527,180.64032771722725,182.91656899111385,889,63006.21202944698,182.0850067138672,182.9600067138672,0.0,181.9866442474072,181.1833710618656,17.5,100.0,0.48054478278654056,0.20156447436845415,-0.054020080090688705,-0.3315161900439234,1.2600958504956905,-0.44139128388430704
NVDA,2025-08-12,2025-08-13,NVDAx,overnight,35,35,182.519217820787,182.26390808088476,183.46308620727828,1360,66259.56275862851,183.1000061035156,182.6150054931641,0.0,182.85695449114897,183.03679139435891,17.5,100.0,-0.2648829023398913,-0.18469993186850386,-0.1327425473864885,-0.05245334145373981,0.6579350454075428,0.09834840775424514
NVDA,2025-08-13,2025-08-14,NVDAx,overnight,35,35,180.03874632875207,180.03874632875207,181.9557212123569,1398,86320.8111292065,181.57000732421875,179.7949981689453,0.0,181.1062063658952,181.11087860213345,17.5,100.0,-0.9775894055585432,-0.5894110746191061,-0.25543919128415693,0.13557004493400804,1.0647568496752413,0.002579832205662491
NVDA,2025-08-14,2025-08-15,NVDAx,overnight,35,35,181.93208887692705,181.213796937231,182.333955818422,893,53204.59762630554,182.0,181.75999450683597,0.0,182.17475137261292,180.0726776112504,17.5,100.0,-0.13187115009012373,-0.13320314360661945,0.0960172376994084,0.09468220471617883,0.6181421614265936,-1.153877661709013
NVDA,2025-08-15,2025-08-18,NVDAx,weekend,131,130,180.49838838323132,179.6167004699499,180.699472035986,4533,513057.0080342949,180.44000244140625,180.6499938964844,0.0,180.2886480939548,181.84264761725424,65.5,99.23664122137404,0.11637743972339187,0.11633582673891141,-0.08388070572133977,-0.08392223546930255,0.6028234363525842,0.8619508436768619
NVDA,2025-08-18,2025-08-19,NVDAx,overnight,35,35,182.5116225904268,181.59109504268312,182.617366042967,899,32263.290989577574,181.97999572753903,182.42999267578125,0.0,182.22039802394832,180.86059905759336,17.5,100.0,0.24727824970165457,0.15981995958553874,0.13210369384182297,0.0447458849546889,0.5651549157973168,-0.7462386105512975
NVDA,2025-08-19,2025-08-20,NVDAx,overnight,35,35,175.47955403598726,174.32342851664893,176.35681609323362,1349,148902.11182409548,175.64999389648438,175.10000610351562,0.0,176.24518161662257,173.03015134910288,17.5,100.0,-0.3131157484086655,-0.43441050337520437,0.3388486995843376,0.21676066204547872,1.166445379079084,-1.8241805183152104
NVDA,2025-08-20,2025-08-21,NVDAx,overnight,35,35,174.35621848164422,174.35621848164422,176.69011374064513,1318,125574.57584256944,175.38999938964844,174.8300018310547,0.0,174.98441704511572,175.5562218010597,17.5,100.0,-0.3192870520226432,-0.3590025752461923,-0.231245992328033,-0.27099659351849104,1.3385787322788278,0.3267746726250298
NVDA,2025-08-21,2025-08-22,NVDAx,overnight,35,35,172.52644390890646,172.1645172677277,175.05938805905214,1237,152000.68239365428,174.9709930419922,172.65499877929688,0.0,174.6911778009961,173.3509945836245,17.5,100.0,-1.3236446924316692,-1.2391775700062224,-0.1599209309676497,-0.07445765908854485,1.681456107952095,-0.7671728098932906
NVDA,2025-08-22,2025-08-25,NVDAx,weekend,131,131,177.89406488182564,177.3915258070748,179.9419113407158,4411,210080.0197956985,178.02000427246094,178.35499572753906,0.0,177.15034929539024,177.50368381213914,65.5,100.0,0.18817629875202968,0.4198216878451122,-0.4885153107510809,-0.2584345023996737,1.4377155402647057,0.19945459783414776
NVDA,2025-08-25,2025-08-26,NVDAx,overnight,35,35,180.22507885815745,179.6938006896971,180.96507186827645,1799,107589.03863579189,179.83999633789062,180.00999450683594,0.0,180.66421462021265,180.0270437503603,17.5,100.0,0.09452745351812286,-0.24306737390044075,0.4583064385596636,0.11948467189877299,0.707465240147398,-0.3526823899197784
NVDA,2025-08-26,2025-08-27,NVDAx,overnight,35,35,182.5211041131377,181.6056930952711,183.6229827187743,1521,112266.49562711877,181.6999969482422,182.07000732421875,0.0,182.08966696213457,180.68130155127088,17.5,100.0,0.2036380749538269,0.23693664676363024,0.21445790888119376,0.2477600762192944,1.1108074802726131,-0.773446090796881
NVDA,2025-08-27,2025-08-28,NVDAx,overnight,35,35,180.89729591984545,176.50497234768173,180.89729591984545,2273,305159.04481346876,181.6000061035156,180.82000732421875,0.0,181.94541124338176,180.40893693568557,17.5,100.0,-0.42951473187299305,-0.5760603229142625,0.19020106181564245,0.042743387067845084,2.4884984902927565,-0.844469941394066
NVDA,2025-08-28,2025-08-29,NVDAx,overnight,35,35,178.4249408903289,177.46359535011243,181.8851962737909,1976,261761.5854301837,180.1999969482422,178.11000061035156,0.0,180.80300702946784,175.8835581715282,17.5,100.0,-1.1598204069287132,-1.315280192630497,0.33463379103100266,0.17682346802432303,2.4915537831605716,-2.72088884956313
NVDA,2025-08-29,2025-09-02,NVDAx,holiday,179,177,169.88938663102678,169.62054174071153,174.6565840485992,4649,237706.17435972556,174.27999877929688,170.0500030517578,0.0,173.9843924018621,170.93728856057498,89.5,98.88268156424581,-2.4271263238277885,-2.3536627132489163,-0.1696157789220165,-0.09445246565631393,2.969004966147293,-1.7513661997042962
NVDA,2025-09-02,2025-09-03,NVDAx,overnight,35,35,171.48152898961075,169.91868942760829,171.9130356434021,979,52404.53205450932,170.75,170.96600341796875,0.0,170.5638669128675,170.59007797173663,17.5,100.0,0.12650273380307997,0.5380166933082187,-0.10900912862811252,0.3015368911570615,1.1737062135495746,0.015367298680279973
NVDA,2025-09-03,2025-09-04,NVDAx,overnight,35,35,171.02987413596463,170.22335656592114,171.88530116412903,743,53678.23897065496,170.6300048828125,170.5500030517578,0.0,170.1592396523274,170.57837896118284,17.5,100.0,-0.04688614473734587,0.5116586589221539,-0.27589826936266215,0.28136679895642835,0.9763317042595698,0.2463218040418047
NVDA,2025-09-04,2025-09-05,NVDAx,overnight,35,35,169.08863956582127,169.08863956582127,172.9719578950381,1291,183717.96144449085,171.64999389648438,168.02999877929688,0.0,171.36267857047434,168.36754379629255,17.5,100.0,-2.108939846144464,-1.3270328309660795,-0.16738440793845344,0.6300308243856412,2.2966169336912534,-1.7478337752231288
NVDA,2025-09-05,2025-09-08,NVDAx,weekend,131,131,167.95430388194364,166.24636984314932,168.6647015638243,2016,109250.18801742278,167.0399932861328,167.55999755859375,0.0,167.01255000388673,169.52761150566448,65.5,100.0,0.3113052522518922,0.5638821022940999,-0.016429168671650007,0.2353224690230693,1.4546673848918612,1.505911682516814
NVDA,2025-09-08,2025-09-09,NVDAx,overnight,35,35,168.81098539443315,168.40332770054331,169.8395121378098,664,50636.84895947819,168.3699951171875,168.9199981689453,0.0,168.9494759696478,168.63095497264004,17.5,100.0,0.32666334127704477,-0.08197159205131088,0.3441710929889652,-0.06453515018579603,0.852824262368701,-0.18853032551873206
NVDA,2025-09-09,2025-09-10,NVDAx,overnight,35,35,176.43716545819896,172.10081078921436,176.43716545819896,1728,178890.88517152605,170.7584991455078,176.64999389648438,0.0,169.8740538190666,177.40457751525688,17.5,100.0,3.45019122354564,3.8635162295725056,-0.5179509839141616,-0.12048029755955536,2.519659639660654,4.43300405617626
NVDA,2025-09-10,2025-09-11,NVDAx,overnight,35,35,179.00512619500344,176.6163635191121,179.00512619500344,890,79438.86361851827,177.3300018310547,179.69000244140625,0.01,177.1561385405681,178.65705591332943,17.5,100.0,1.3308524141334876,1.0437051008604703,-0.0980450508607289,-0.3811432116965663,1.352514924605419,0.8472285437727711
NVDA,2025-09-11,2025-09-12,NVDAx,overnight,35,35,177.58872536338174,177.28101528630992,178.06881618955114,1205,67940.83607974998,177.08999633789062,177.5,0.0,177.5350374890778,177.36580303924111,17.5,100.0,0.23152276841604813,0.030240720402718857,0.25130790015830407,0.04998612021507309,0.44437973348072646,-0.09532453550027409
NVDA,2025-09-12,2025-09-15,NVDAx,weekend,131,131,175.62868416148217,173.35754918553147,178.67834832042078,5159,381846.19095989654,177.7899932861328,175.66000366210938,0.0,177.7545893665026,175.701308630712,65.5,100.0,-1.198036843724637,-1.1959776749488782,-0.0199133365021531,-0.01782961401244343,3.0692630115547237,-1.1551210818850022
NVDA,2025-09-15,2025-09-16,NVDAx,overnight,35,35,176.79892418944226,176.79892418944226,178.4913181510412,1006,90544.66920211335,177.77999877929688,177.0,0.0,177.36063161080477,176.54126661540155,17.5,100.0,-0.4387438320692105,-0.3167035526774109,-0.23589108525797764,-0.11360215285748376,0.9572422283438353,-0.46197681411126457
NVDA,2025-09-16,2025-09-17,NVDAx,overnight,35,34,172.97503419624718,172.40902899810047,175.60461075656016,1148,121196.52720088346,174.8300018310547,172.5800018310547,0.0,174.88803028720002,171.5688756962881,17.5,97.14285714285714,-1.2869644663015323,-1.0938404920058487,0.03319136048594018,0.22889811160113904,1.85348863515431,-1.8978740771802505
NVDA,2025-09-17,2025-09-18,NVDAx,overnight,35,35,174.62403109425287,170.36786482930657,175.8150569928689,1998,197569.0388657203,170.2100067138672,174.0570068359375,0.0,170.6523928903822,174.04212255961755,17.5,100.0,2.260149209991713,2.327326406973862,0.25990609192483305,0.32576928020475737,3.197311986635465,1.9863358560771704
NVDA,2025-09-18,2025-09-19,NVDAx,overnight,35,35,175.83709240075987,175.4920464629761,176.6025870260962,984,33426.35116199055,176.27999877929688,176.10000610351562,0.0,176.69930992918677,176.42593662692536,17.5,100.0,-0.102106124930601,-0.48795749613987915,0.23786654912272276,-0.14929795209729368,0.6328153243995382,-0.1547110186061018
NVDA,2025-09-19,2025-09-22,NVDAx,weekend,131,130,175.99182345164778,175.04400636004954,176.88513227246926,3498,211698.58607720793,176.5019073486328,175.35000610351562,0.0,176.627415831633,175.70939442096662,65.5,99.23664122137404,-0.6526282137234385,-0.3598492210241444,0.07110885365804176,0.36602071616311793,1.0518074572817504,-0.5197502360230755
NVDA,2025-09-22,2025-09-23,NVDAx,overnight,35,35,182.91630615052145,181.8856599067812,184.0498532509357,1641,110696.51022023101,183.6100006103516,181.53140258789065,0.0,183.33678458578865,180.9199618755576,17.5,100.0,-1.1320723356850526,-0.2293475563112879,-0.14880236569616567,0.7629002711860178,1.1898647453920663,-1.3182421169278036
NVDA,2025-09-23,2025-09-24,NVDAx,overnight,35,35,179.25411370114264,177.9222206267292,179.98999622311342,1397,87545.59949028409,178.4499969482422,179.25,0.0,179.06456979391643,178.48907690914555,17.5,100.0,0.4483065651101459,0.10585226739401321,0.3443949880551189,0.0022949518229564703,1.1621795125423384,-0.32138847200940956
NVDA,2025-09-24,2025-09-25,NVDAx,overnight,35,35,174.58710784964072,174.58710784964072,177.85611589567236,1736,95016.15546849657,176.8800048828125,174.0,0.0,177.18592550560942,174.8589104709516,17.5,100.0,-1.628225239320058,-1.4667178832364014,0.1729537620714039,0.3374183043912238,1.8724223605599777,-1.3133182153252654
NVDA,2025-09-25,2025-09-26,NVDAx,overnight,35,35,178.61340747964528,176.25131979379458,178.61340747964528,2644,157788.33460440635,177.67999267578125,177.0,0.0,177.48005243676258,177.6899737397843,17.5,100.0,-0.3827063844053957,0.6385816475271255,-0.11252827963782464,0.9115296495171066,1.3401815592724242,0.11827881507784355
NVDA,2025-09-26,2025-09-29,NVDAx,weekend,131,131,180.3046000722165,177.81448936053317,180.3046000722165,4449,318636.65039633506,178.19000244140625,181.5,0.0,177.92622172530096,182.26984269601232,65.5,100.0,1.8575663691806632,1.3367216612891974,-0.14803339833391327,-0.6586225497429821,1.4003980894011558,2.4412483604678847
NVDA,2025-09-29,2025-09-30,NVDAx,overnight,35,35,182.71176941893012,181.57354087921703,182.71176941893012,1270,68543.12897256408,181.82000732421875,182.0,0.0,182.00667061525735,182.78412654804492,17.5,100.0,0.09899497774208399,0.3874027261139723,0.102663779297818,0.3910820983132446,0.6268691650785474,0.42715793336554064
NVDA,2025-09-30,2025-10-01,NVDAx,overnight,35,35,186.0188306581697,185.19092287321251,188.65943097068117,2794,407822.26653834985,186.55999755859372,186.0,0.0,186.2093631546211,184.97703950480013,17.5,100.0,-0.3001702218707658,-0.1023216519424941,-0.1879472601635901,0.010124009768652797,1.8729363424811574,-0.6617946750602899
NVDA,2025-10-01,2025-10-02,NVDAx,overnight,35,35,190.6212333499523,186.66062169515544,190.78477482244804,1649,255246.63435749296,187.1699981689453,189.6199951171875,0.0,187.59151788326025,189.81347445629504,17.5,100.0,1.3089688369985142,1.6150599456087544,0.22520688061045124,0.5280235516017306,2.209439296751059,1.1844653735450406
NVDA,2025-10-02,2025-10-03,NVDAx,overnight,35,35,190.1563612001397,188.78904287547743,190.9097403037501,1426,94983.25262958773,188.9199981689453,189.18499755859372,0.0,188.3317827746341,189.7058967303771,17.5,100.0,0.14027069247133372,0.9688106800799456,-0.3113568706396008,0.513446443471377,1.1233159488347244,0.7296240366329032
NVDA,2025-10-03,2025-10-06,NVDAx,weekend,131,131,185.49525507315832,185.13914962883047,193.5510035422625,5598,567257.1243702974,187.6210021972656,185.55999755859372,0.0,187.4906326151388,186.038099953355,65.5,100.0,-1.098493566570402,-1.064254525225472,-0.06948560161177397,-0.03489032457815178,4.5435305986314845,-0.7747227909595922
NVDA,2025-10-06,2025-10-07,NVDAx,overnight,35,35,186.6648083940796,185.8230144276016,186.6648083940796,1075,50843.14347566153,185.52999877929688,186.25999450683597,0.0,185.8207472159032,187.4559328403551,17.5,100.0,0.3934650635164738,0.4542340889393426,0.15671235838909947,0.2173380753690557,0.4530084548843627,0.8799801146811781
NVDA,2025-10-07,2025-10-08,NVDAx,overnight,35,35,186.63798955162449,185.0671892809669,186.63798955162449,1175,74047.97099953375,184.9600067138672,186.6300048828125,0.0,185.5237745671645,187.79389957130107,17.5,100.0,0.9028969011278143,0.6005780051960841,0.30480527294176607,0.00427834142586736,0.8487729655162424,1.2236302379211805
NVDA,2025-10-08,2025-10-09,NVDAx,overnight,35,35,192.5404991205471,188.24263374678875,192.5404991205471,2160,143477.1914663049,189.07000732421875,191.97869873046875,0.0,188.72107082900496,193.28438887012035,17.5,100.0,1.5384203171167954,2.023848357135938,-0.18455412370902424,0.29263683616644887,2.283151955650786,2.4180225456913007
NVDA,2025-10-09,2025-10-10,NVDAx,overnight,35,35,194.4891114737661,192.40259902068345,194.4891114737661,1491,85135.24587506153,192.2949981689453,192.6100006103516,0.0,192.83917342231317,193.32702166915044,17.5,100.0,0.1638120826884526,0.8556031547799714,0.2829898117733487,0.9756039963968011,1.084451282728427,0.2529819217638396
NVDA,2025-10-10,2025-10-13,NVDAx,weekend,131,131,188.08094139858196,181.97664377086505,189.86091941222543,10147,706460.8579617469,183.13999938964844,187.96499633789065,0.0,184.96161657089496,188.8568078398439,65.5,100.0,2.63459482599242,1.6864714341915166,0.9946582872760956,0.061684389620553226,4.332575586616394,2.10594573142473
NVDA,2025-10-13,2025-10-14,NVDAx,overnight,35,35,185.2418599759469,184.7632326471226,189.1228492545773,2649,95768.5169512792,188.32000732421875,184.77999877929688,0.0,188.2726942794177,182.5609045311425,17.5,100.0,-1.8797835637438531,-1.6098108730375316,-0.02512374838622433,0.2499519426892638,2.359569349915569,-3.033785525902255
NVDA,2025-10-14,2025-10-15,NVDAx,overnight,35,35,185.43051950251927,180.89587851645567,185.43051950251927,1973,99806.10037860263,180.07000732421875,184.83999633789065,0.0,181.3279003210274,183.3433101458508,17.5,100.0,2.6489636361725966,2.262541602383572,0.6985577528987319,0.31947802225074096,2.506768547328231,1.1114725429761663
NVDA,2025-10-15,2025-10-16,NVDAx,overnight,35,35,183.1070326946686,180.1640380318505,183.20225374462356,2263,115200.04997935891,179.8699951171875,182.19000244140625,0.0,179.9178532399338,182.65150475961903,17.5,100.0,1.2898245328284208,1.7725753155145574,0.026607062904027146,0.5033373077412806,1.6863607998372832,1.5193886934831813
NVDA,2025-10-16,2025-10-17,NVDAx,overnight,35,35,180.87839508579447,176.0683838069684,181.97946874099352,3499,557374.644794757,181.81100463867188,180.00999450683594,0.0,181.16058227990584,182.07306378842964,17.5,100.0,-0.9905946757267192,-0.1557663320353897,-0.3577464191778068,0.48241797981141143,3.3572665382705535,0.50368656196631
NVDA,2025-10-17,2025-10-20,NVDAx,weekend,131,131,183.7186327127126,183.7186327127126,194.3342689162181,9806,3022200.302257587,183.2400054931641,183.07000732421875,0.0,184.21943622073397,183.3775050475002,65.5,100.0,-0.0927735013365738,-0.27185161256345625,0.5345070389699558,0.3543045624863739,5.778203357361988,-0.45702624571327677
NVDA,2025-10-20,2025-10-21,NVDAx,overnight,35,35,183.684923580388,183.23253391708343,184.98835799433036,1657,176424.51082521584,182.57000732421875,182.77999877929688,0.0,183.47708780924063,182.16688651348252,17.5,100.0,0.11501968924458872,0.11327614451972501,0.4968398141163677,0.495089619835154,0.958249083670637,-0.7140953191497768
NVDA,2025-10-21,2025-10-22,NVDAx,overnight,35,35,181.6376971569526,180.95736214942093,182.49967639265896,1783,100606.25862371676,181.13999938964844,181.1300048828125,0.0,181.9973134742303,183.0009020832019,17.5,100.0,-0.005517559274381689,-0.19759429983488008,0.47328811276945437,0.28029164713410104,0.8523080934195404,0.551430452358681
NVDA,2025-10-22,2025-10-23,NVDAx,overnight,35,35,179.8334054437828,179.1547981727688,180.9132505712512,1497,130521.43624256019,180.2899932861328,180.375,0.0,179.8147107708128,180.8136084576667,17.5,100.0,0.04714999003425646,0.01039663156026105,-0.26362112874767085,-0.3002603222271416,0.9815268228466012,0.5555149979509011
NVDA,2025-10-23,2025-10-24,NVDAx,overnight,35,35,183.8629415433421,182.1114284895733,183.8629415433421,1076,51746.767283502886,182.1999969482422,183.8350067138672,0.0,182.5469439391988,184.89384186234423,17.5,100.0,0.8973709072505942,0.7209091402711199,0.19042096419747967,0.015195598474004868,0.9617809647070263,1.2856407631382405
NVDA,2025-10-24,2025-10-27,NVDAx,weekend,131,131,189.91768388767284,185.1520048251679,190.9860892310008,3450,345739.4113506266,186.25999450683597,189.97999572753903,0.0,186.35931166351563,190.5946108275735,65.5,100.0,1.9972089178637464,1.909414771064455,0.05332178653962849,-0.032799158473273415,3.1509701508994237,2.272652289951038
NVDA,2025-10-27,2025-10-28,NVDAx,overnight,35,35,193.25343792811088,190.9841031683396,193.25343792811088,1839,91920.34056548371,191.42999267578125,193.0500030517578,0.0,191.4599808642348,194.0540852915896,17.5,100.0,0.8462677939502949,0.9367268584173916,0.01566535527395274,0.10537936966441563,1.1882322780399246,1.3549068665134056
NVDA,2025-10-28,2025-10-29,NVDAx,overnight,35,35,209.20256777837963,201.48691269431055,209.6785448593012,1926,278085.6932156672,201.02999877929688,207.97999572753903,0.0,201.94003556139063,210.388548020608,17.5,100.0,3.4571939463981627,3.5963805774319457,0.45268705547416577,0.5878315587823257,4.065590194147628,4.1836738493833625
NVDA,2025-10-29,2025-10-30,NVDAx,overnight,35,35,204.5854523584464,204.5854523584464,211.15450467301773,2802,312980.2067460637,207.0500030517578,205.2050018310547,0.0,208.3814762295162,203.71532554877365,17.5,100.0,-0.8910896853461581,-1.821670495744443,0.6430684173549972,-0.30191733489925987,3.2109088103986716,-2.2392348711471666
NVDA,2025-10-30,2025-10-31,NVDAx,overnight,35,35,207.53213380606897,203.276061004843,207.7216370091903,1643,128233.13937676437,202.8000030517578,206.4499969482422,0.0,203.2370675352313,206.83904114412263,17.5,100.0,1.799799724634532,2.113328204803544,0.2155150280554574,0.5241641432903954,2.1869648508396455,1.7723015061053893
NVDA,2025-10-31,2025-11-03,NVDAx,weekend,133,133,208.8349870158925,201.6797442116845,208.8349870158925,5444,573086.2986549153,202.41000366210935,208.05499267578125,0.0,203.94678719498995,208.22327272005555,66.5,100.0,2.788888351138663,2.3968015814973542,0.7592428758837588,0.3748981603756807,3.5478242161482543,2.096863394556414
NVDA,2025-11-03,2025-11-04,NVDAx,overnight,35,35,202.95763028059164,202.95763028059164,208.88893961595045,2731,245223.155399314,207.0,202.94500732421875,0.0,207.62297732325,202.5348041738172,17.5,100.0,-1.9589336597977014,-2.247028292728337,0.3009552286231898,0.006219890077274748,2.922437223551877,-2.450679214329432
NVDA,2025-11-04,2025-11-05,NVDAx,overnight,35,35,200.15024602497843,194.93583410747488,200.15024602497843,3464,295904.1341685354,198.5399932861328,198.72000122070312,0.0,199.54504630225836,198.98697612139327,17.5,100.0,0.09066583089427649,0.30328977538403024,0.5062219452566907,0.719728661176311,2.674937597480742,-0.27967127784257473
NVDA,2025-11-05,2025-11-06,NVDAx,overnight,35,35,197.62774447813263,195.8144454799268,201.3169233474503,2272,416227.6451339137,195.1699981689453,196.35499572753903,0.0,197.6961396912126,195.74144165516032,17.5,100.0,0.6071617408982766,-0.03459612979130888,1.294328813837753,0.6481876083049398,2.8100469574843467,-0.9887385960623218
NVDA,2025-11-06,2025-11-07,NVDAx,overnight,35,35,185.8043276545592,185.8043276545592,190.4414279393188,2541,236141.62785590522,188.1699981689453,184.8600006103516,0.0,188.92754044009808,184.1656118761977,17.5,100.0,-1.7590463893302988,-1.6531273197457175,0.402583981784721,0.5108336260357671,2.495690139887774,-2.5205052438663555
NVDA,2025-11-07,2025-11-10,NVDAx,weekend,131,131,194.8326006770404,188.7313031018835,194.99850358945244,5791,510009.0945653585,188.2299041748047,195.1100006103516,0.0,187.5780916309485,194.93024703948768,65.5,100.0,3.6551558933789474,3.8674607375603465,-0.34628532948243196,-0.14217617366788504,3.3207000558808764,3.919517116638649
NVDA,2025-11-10,2025-11-11,NVDAx,overnight,35,35,195.33198521337064,195.19602326748904,200.8415771046731,2655,412754.0201309208,199.0399932861328,195.15499877929688,0.0,198.9179821172862,194.1859020354697,17.5,100.0,-1.9518662770707684,-1.802751498756494,-0.061299825644201,0.09069018737968282,2.8922483884047168,-2.3789101575675375
NVDA,2025-11-11,2025-11-12,NVDAx,overnight,35,35,195.76605186212643,193.4101123416828,196.1988985693648,1666,80925.71210554647,193.22999572753903,195.69500732421875,0.0,193.64004321546363,193.6549993016625,17.5,100.0,1.2756878596403176,1.0979178745055274,0.2122069538845306,0.036303704871731846,1.4419030080264017,0.007723653615498982
NVDA,2025-11-12,2025-11-13,NVDAx,overnight,35,35,191.33052156233455,191.33052156233455,195.5126459814964,2369,216420.24850117447,193.8500061035156,191.0399932861328,0.0,192.95925658243223,189.3457579994501,17.5,100.0,-1.4495809795756376,-0.8440823461619673,-0.45950451020759786,0.15207720184882145,2.185811435108298,-1.8726743909476373
NVDA,2025-11-13,2025-11-14,NVDAx,overnight,35,35,182.23046696993345,181.3890401626389,187.31098089097145,3105,218101.3905577968,186.9600067138672,182.8600006103516,0.0,186.71885645934705,184.117622725101,17.5,100.0,-2.192985641999068,-2.403822289041724,-0.1289849410891386,-0.3442708292228369,3.264773176495539,-1.3931285696430984
NVDA,2025-11-14,2025-11-17,NVDAx,weekend,131,131,186.9723241603788,186.9723241603788,193.375138109838,7561,652815.3426339048,190.27999877929688,185.8999938964844,0.0,189.90037932645583,187.45905784480075,65.5,100.0,-2.3018735079417207,-1.5418901091521442,-0.19950570489616348,0.5768317908022791,3.424471497699866,-1.2855800974774456
NVDA,2025-11-17,2025-11-18,NVDAx,overnight,35,35,184.1362939071252,183.49964175189345,187.0997572198812,3903,794546.5460884671,186.58999633789065,183.3300018310547,0.0,186.08183485206655,182.2970885649565,17.5,100.0,-1.7471432396260589,-1.0455297511914763,-0.27234122718127196,0.4398036698944452,1.9619196166363206,-2.033914965487571
NVDA,2025-11-18,2025-11-19,NVDAx,overnight,35,35,184.3080785720948,181.416057081703,184.74823198939612,1857,118671.97934294083,181.3000030517578,184.8000030517578,0.0,182.4778143204097,185.8244849868413,17.5,100.0,1.9305018980064759,1.0030064523193882,0.6496476827502429,-0.26619289585468886,1.8367585324558178,1.8340150987096182
NVDA,2025-11-19,2025-11-20,NVDAx,overnight,35,35,196.07048500415317,191.3602497856185,198.1311206589217,4021,700838.7996033877,186.6918029785156,195.9499969482422,0.0,186.91398330857737,194.35068947682225,17.5,100.0,4.959078985804233,4.898778322250652,0.11900915118772115,0.0614891848877086,3.538284926409041,3.978678339954689
NVDA,2025-11-20,2025-11-21,NVDAx,overnight,35,35,181.6118446103123,176.23781869051354,182.80299377501296,4973,451032.9648638125,180.94000244140625,181.2350006103516,0.0,181.1871369595384,178.9731063262214,17.5,100.0,0.16303645681714496,0.23440276053852127,0.1365836823242983,0.20793113840680277,3.725179495116393,-1.2219579548913728
NVDA,2025-11-21,2025-11-24,NVDAx,weekend,131,131,179.53802729978193,178.6436313650471,181.7465107444408,6330,509323.804757913,178.94000244140625,179.5,0.0,179.85124576759978,178.65554899162225,65.5,100.0,0.31295269417308536,-0.17415418307559216,0.509245173667594,0.021185125226708124,1.7369101577727974,-0.6648254066155213
NVDA,2025-11-24,2025-11-25,NVDAx,overnight,35,35,174.95128241873272,174.64318542352183,183.2103219486385,2056,244782.70611550537,182.5500030517578,174.91000366210938,0.0,182.8299399200547,172.49630652023615,17.5,100.0,-4.185154347810283,-4.309281895934025,0.1533480490917949,0.023599997575374232,4.905508625681998,-5.652046598241567
NVDA,2025-11-25,2025-11-26,NVDAx,overnight,35,35,181.2343700748449,175.74532636426298,181.2343700748449,1995,180205.03924263045,177.8000030517578,181.6300048828125,0.0,176.91135134728162,180.7548764575319,17.5,100.0,2.154106729649352,2.4436073178125683,-0.4998040996756936,-0.21782458697993112,3.123294271396393,2.1725712233723993
NVDA,2025-11-26,2025-11-28,NVDAx,holiday,83,83,179.86125012665363,178.84716036745124,181.4049900173968,3864,456125.5468540969,180.19000244140625,178.7895965576172,0.0,180.30073102652244,178.3967015476256,41.5,100.0,-0.7771828985042806,-0.24374881752651234,0.06145101482653015,0.5993936949743484,1.4301762715663857,-1.0560298164385973
NVDA,2025-11-28,2025-12-01,NVDAx,weekend,137,137,174.99294085004934,173.33447116206318,177.6446089859458,11463,1601117.6433039778,177.1334991455078,174.6999969482422,0.0,177.3674719284821,176.62665595887006,68.5,100.0,-1.3738238159381688,-1.3387635582866153,0.1320883876302137,0.16768397648796451,2.4866016522776757,-0.4176729597356821
NVDA,2025-12-01,2025-12-02,NVDAx,overnight,35,35,182.05262374606804,179.5230324568621,182.05262374606804,1861,158211.69581767867,179.99000549316406,182.25,0.0,179.16431903576648,183.84171306989256,17.5,100.0,1.2556222222693147,1.6120981710230797,-0.4587401701195759,-0.10829972780903585,1.4090622549024712,2.6106727384666017
NVDA,2025-12-02,2025-12-03,NVDAx,overnight,35,35,182.0044812300608,181.15677872518864,184.47846048595923,1909,238522.5176004183,181.3600006103516,181.06500244140625,0.0,181.5323310469764,180.13341725487587,17.5,100.0,-0.16265889278371803,0.2600915111712121,0.09502119323161473,0.5188627155922054,1.8335950683962654,-0.770614129192515
NVDA,2025-12-03,2025-12-04,NVDAx,overnight,35,35,181.2357891053823,179.81906607310844,181.2357891053823,1305,75925.8134323616,179.63999938964844,180.8600006103516,0.01,180.10090173146097,181.7241517831341,17.5,100.0,0.6791367317124708,0.6301397511121465,0.2565699974273583,0.20777866513466137,0.7878602993621753,0.9013003466764813
NVDA,2025-12-04,2025-12-05,NVDAx,overnight,35,35,183.5468046634228,183.0560718359197,184.80696516657213,1195,129439.09093634984,183.3999938964844,183.8600006103516,0.0,183.12479108053924,182.619183189228,17.5,100.0,0.2508215535311553,0.23045136619319617,-0.15005606603263333,-0.17034479815571935,0.9564792432680491,-0.2761001873792468
NVDA,2025-12-05,2025-12-08,NVDAx,weekend,131,131,182.67220815964384,182.3085021044745,183.6304781090582,5168,674018.996936277,182.3500061035156,182.6300048828125,0.0,182.2949514330964,183.98449755766825,65.5,100.0,0.15355018915543805,0.20694853235465605,-0.030191756828312766,0.023108621641010352,0.7251312963046042,0.9268200305546648
NVDA,2025-12-08,2025-12-09,NVDAx,overnight,35,35,186.02274044120296,185.94752207418856,190.49870581691405,2660,294226.737819769,185.5800018310547,185.5500030517578,0.0,185.27329736493604,184.8281791572979,17.5,100.0,-0.01616487714241055,0.4045067945170233,-0.1652680585690791,0.25477627683643256,2.447563534032837,-0.24024952001656663
NVDA,2025-12-09,2025-12-10,NVDAx,overnight,35,35,185.19140229328517,184.26745701408,185.7679081257054,1308,74865.43748271151,184.97000122070312,184.9900054931641,0.0,184.72651756774687,184.6306817585971,17.5,100.0,0.010814873941145109,0.25166106721403736,-0.13163413058842055,0.10886901677966687,0.8142789486212498,-0.051879833178059
NVDA,2025-12-10,2025-12-11,NVDAx,overnight,35,35,180.83287502752304,179.72276470482277,182.99463845213504,1819,123725.98378097262,183.77999877929688,180.2749938964844,0.0,183.63158966488228,178.92522994970042,17.5,100.0,-1.907174287786162,-1.5240921469267588,-0.08075368124951243,0.30946118426107283,1.8205115822060858,-2.5629357801512875
NVDA,2025-12-11,2025-12-12,NVDAx,overnight,35,35,181.51420137389647,179.4574481302838,182.56441431241583,1996,185443.28114355417,180.9355010986328,181.25999450683597,0.0,180.73811101069663,181.58285197812023,17.5,100.0,0.1793420341684504,0.4294005059917394,-0.10909417264032273,0.1402443312172208,1.7313108006954403,0.4673839749125275
NVDA,2025-12-12,2025-12-15,NVDAx,weekend,131,131,177.69050564748767,174.7724101931138,177.69050564748767,2763,203601.95403717805,174.99000549316406,177.0,0.0,175.6727319606737,177.18873980374266,65.5,100.0,1.1486338897877646,1.1485981143992685,0.39015169214124956,0.390116185021272,1.6696545245039163,0.8629727711005009
NVDA,2025-12-15,2025-12-16,NVDAx,overnight,35,35,176.6774271037153,174.4960040647287,177.18072761472834,1495,94175.76176064194,176.22999572753906,176.25999450683594,0.0,176.50709183240943,176.17938332725663,17.5,100.0,0.017022516043896374,0.0965033583282926,0.15723549429051964,0.23682776006395123,1.538558756339059,-0.18566308115480767
NVDA,2025-12-16,2025-12-17,NVDAx,overnight,35,35,176.54211875731593,176.35671288519967,178.28091795853587,1371,188204.13755094755,177.50999450683594,176.10000610351562,0.0,177.59168203866668,174.9268217035814,17.5,100.0,-0.794314938287044,-0.5909979956844058,0.04601855352295292,0.25105771634126306,1.0910869463691908,-1.500554701939849
NVDA,2025-12-17,2025-12-18,NVDAx,overnight,35,35,173.47968713270268,171.0924980753933,173.6974531713265,1302,112621.00816791847,170.9199981689453,174.52999877929688,0.0,171.23493445582488,173.14754500878325,17.5,100.0,2.1120996074334597,1.3109198096822317,0.18425947241602625,-0.6017943356101063,1.5225419730473977,1.1169511402778554
NVDA,2025-12-18,2025-12-19,NVDAx,overnight,35,35,176.46783725358753,173.41567903818313,177.13252815683265,1525,124883.20197315686,174.00999450683594,176.6649932861328,0.0,173.99712604328192,178.34025443773743,17.5,100.0,1.5257737274352756,1.419972425114091,-0.007395243928653983,-0.11159881133098182,2.143317801057165,2.496092029344865
NVDA,2025-12-19,2025-12-22,NVDAx,weekend,131,131,184.1366985676957,180.38666522161773,184.31946370705492,3299,406858.7383182676,180.9900054931641,183.3800048828125,0.0,180.5007323160449,183.19367250553543,65.5,100.0,1.3205145682691821,2.014377562349434,-0.27033159968475884,0.4126369640827354,2.1802046623598637,1.491927570008622
NVDA,2025-12-22,2025-12-23,NVDAx,overnight,35,35,182.3961557386739,182.3961557386739,184.27735433223205,1529,127237.41636591818,183.6100006103516,184.39480590820312,0.0,183.33899734268664,183.80318332274985,17.5,100.0,0.4274305839783832,-0.5142613506554872,-0.14759722605744985,-1.0838972169987193,1.0313806154190086,0.25318453072784575
NVDA,2025-12-23,2025-12-24,NVDAx,overnight,35,35,188.30812021281056,188.30557471830645,189.2848081487361,1056,70691.18279920548,189.2100067138672,188.0,0.0,188.931695109304,187.9637354319107,17.5,100.0,-0.6395046091283163,-0.33005308936262523,-0.14709137714056242,0.1638937302183896,0.5200236009446524,-0.5123331354399352
NVDA,2025-12-24,2025-12-26,NVDAx,holiday,89,89,190.2772330853793,187.60220879375996,190.6581517871165,4159,205465.11510117218,188.2250061035156,190.0,0.0,188.25670527524696,191.227122934076,44.5,100.0,0.943017048174899,1.0732833166171352,0.016841105434162174,0.1459121501996341,1.6289483013049777,1.5778549053464097
NVDA,2025-12-26,2025-12-29,NVDAx,weekend,131,131,187.7466350848684,187.6257504275133,191.364338941272,5367,467272.82218482415,190.5399932861328,187.0,0.0,191.1891920389124,187.16262457002253,65.5,100.0,-1.8578741528645026,-1.8006022816098088,0.3407152176208461,0.3992700988600939,1.9925775141419244,-2.10606437840396
NVDA,2025-12-29,2025-12-30,NVDAx,overnight,35,35,188.4950792546127,187.40513491991675,188.7874962941537,810,36615.633743619575,188.22999572753903,188.375,0.0,187.8440263143817,187.71694257217143,17.5,100.0,0.07703568812214012,0.34659230479940906,-0.20505202248213283,0.06374479342412531,0.7376326026646396,-0.06765386406143437
NVDA,2025-12-30,2025-12-31,NVDAx,overnight,35,35,189.65373482335167,186.8310439844668,189.65373482335167,871,72991.17541381887,187.5500030517578,189.75,0.0,187.52578212008316,189.0856099880748,17.5,100.0,1.1730188816019727,1.1347520747338358,-0.012914386179974091,-0.050732635914796376,1.5108253846290998,0.8317938207519582
NVDA,2025-12-31,2026-01-02,NVDAx,holiday,83,83,189.02050172348407,185.89673063538123,190.4118668607764,1988,260356.59089459883,186.4900054931641,190.0,0.0,187.07556163268143,191.1535795819199,41.5,100.0,1.8821354514703792,1.0396548185280796,0.3139879469512996,-0.5155254086925964,2.428841115151825,2.1798774322247194
NVDA,2026-01-02,2026-01-05,NVDAx,weekend,131,131,191.37656238449608,187.80542313217532,191.69011480274972,3873,437606.93088990566,188.80990600585935,191.71499633789065,0.0,188.57584901686337,191.3863926371249,65.5,100.0,1.5386323702428761,1.485191970357902,-0.1239643586225303,-0.17652972373537468,2.0684661847280017,1.4904048609163167
NVDA,2026-01-05,2026-01-06,NVDAx,overnight,35,35,189.98850991432727,187.5500250530241,189.98850991432727,1513,151659.24610072625,188.1100006103516,190.42999267578125,0.0,187.52332107581432,190.57714590044583,17.5,100.0,1.2333167071937101,1.3146038713319763,-0.3118810975672237,-0.23183467858743922,1.3001783714045256,1.628504021319488
NVDA,2026-01-06,2026-01-07,NVDAx,overnight,35,35,188.14167712035112,187.2393620540568,188.3595102635037,1147,69163.36209248443,187.25,188.57000732421875,0.0,187.2877029014726,188.40289061260205,17.5,100.0,0.7049438313584844,0.4559691883923467,0.020135060866555143,-0.22714651706576827,0.5982439788079885,0.5954409680149153
NVDA,2026-01-07,2026-01-08,NVDAx,overnight,35,35,189.4426318265693,187.88526679878973,190.27607186495544,1333,121573.15039626403,189.25,189.0,0.0,189.062480498604,186.9630351022694,17.5,100.0,-0.13210039630119352,0.20107179751516213,-0.09908560179444637,0.23419673363456184,1.272481396173597,-1.1104505721060365
NVDA,2026-01-08,2026-01-09,NVDAx,overnight,35,35,185.5433292806006,184.70440731948523,186.1373291457145,1088,136582.8803712018,185.1300048828125,185.05499267578125,0.0,185.19792404765127,184.8456294131168,17.5,100.0,-0.04051866529076742,0.18650599607177298,0.03668728085528539,0.26388728980413223,0.7757918974563127,-0.1902260170280501
NVDA,2026-01-09,2026-01-12,NVDAx,weekend,131,130,182.6365348961184,182.54718027038507,185.79922861763697,4324,602728.0855819982,184.8500061035156,183.19000244140625,0.0,185.23972795032765,184.77381846033057,65.5,99.23664122137404,-0.8980273774942371,-1.405310341908561,0.2108313951549423,-0.3021275931610279,1.7814837470702338,-0.251517045048788
NVDA,2026-01-12,2026-01-13,NVDAx,overnight,35,35,185.43246744917937,184.25592987355503,185.8185572654528,1299,141239.75539691892,184.8999938964844,184.30999755859372,0.0,185.4680386179404,184.80258026486413,17.5,100.0,-0.31908943070111384,-0.019179136753755266,0.30721727431426427,0.609011939370685,0.8480744109403249,-0.35879947727657235
NVDA,2026-01-13,2026-01-14,NVDAx,overnight,35,35,184.6086953822277,184.37997870108592,186.2555421823353,1189,109431.21792772671,185.82000732421875,184.3300018310547,0.0,185.08180158082203,183.0063339950199,17.5,100.0,-0.80185417847084,-0.25562005262182996,-0.3972692467440808,0.15119272413854912,1.0172273011756827,-1.121378529966277
NVDA,2026-01-14,2026-01-15,NVDAx,overnight,35,35,185.88117006702947,181.87286605745985,186.3517118341994,1428,175867.4944549569,183.1699981689453,186.4900054931641,0.0,182.69182423422205,187.48314593119585,17.5,100.0,1.8125279016253604,1.745751812472185,-0.26105472484757586,-0.3264708071215816,2.462624510092959,2.6226251322724936
NVDA,2026-01-15,2026-01-16,NVDAx,overnight,35,35,188.74429423657665,187.20080052584515,189.02100503457376,695,89881.93038114002,187.13999938964844,188.9875030517578,0.0,186.90307267376457,189.4575296430245,17.5,100.0,0.9872307727556651,0.9851210771830932,-0.12660399522100851,-0.1286904219876095,0.9723273103617425,1.366728183072019
NVDA,2026-01-16,2026-01-20,NVDAx,holiday,179,179,181.41297813397537,180.53323872662,187.32445898832893,4734,689747.7873788212,186.22999572753903,181.8999938964844,0.0,186.93978587105704,180.8964994724556,89.5,100.0,-2.3250829245518356,-2.956464142359627,0.3811363152026459,-0.2677381961794789,3.7617561783139575,-3.2327449025590815
NVDA,2026-01-20,2026-01-21,NVDAx,overnight,35,35,179.60318051053105,178.31360563638177,179.99724006786155,1101,98467.43167763567,178.2100067138672,179.55999755859375,0.0,178.4573504271677,179.79170712211044,17.5,100.0,0.7575280814023477,0.6420750283586463,0.138793392055514,0.024049316398100373,0.9441985234223127,0.7477174191753422
NVDA,2026-01-21,2026-01-22,NVDAx,overnight,35,35,184.1188481840076,183.35621478523512,184.94844108180504,916,83627.82548509433,183.33999633789065,184.7449951171875,0.0,183.77463763745212,184.79929166081627,17.5,100.0,0.7663351191016021,0.18730035383582866,0.23706845655240283,-0.33892497752522344,0.868378690318683,0.5575600836637662
NVDA,2026-01-22,2026-01-23,NVDAx,overnight,35,35,187.19299629933676,183.85675168529804,187.60518696930296,1111,172596.41621416088,184.8500061035156,188.5200042724609,0.0,184.3564827379128,188.01807686661863,17.5,100.0,1.9853925062302213,1.5386025591822783,-0.2669858530198854,-0.70390830842878,2.038780327426326,1.9861488320490839
NVDA,2026-01-23,2026-01-26,NVDAx,weekend,131,131,186.9507607859965,184.88746176470275,187.9376294031436,3692,396376.4408498924,187.6699981689453,187.07000732421875,0.0,187.2912027578596,187.80783050391608,65.5,100.0,-0.31970525421246565,-0.18177146969536873,-0.2018412185120333,-0.06374433824423154,1.6497428269758307,0.2758419714589566
NVDA,2026-01-26,2026-01-27,NVDAx,overnight,35,35,187.51825189951072,186.1279128219039,187.70370009473476,1592,69730.83340365828,186.38999938964844,187.2400054931641,0.0,186.1769984154172,186.74251264705975,17.5,100.0,0.45603632507058567,0.7204184703315519,-0.11427704003902361,0.14860414344346484,0.8466152383810766,0.3037508588363602
NVDA,2026-01-27,2026-01-28,NVDAx,overnight,35,35,191.9596501987197,188.1158988755277,192.51935037740677,2395,226425.38926399063,188.5399932861328,191.2899932861328,0.0,189.00518040996232,191.2103331606093,17.5,100.0,1.4585764813444868,1.563168682651428,0.2467312720880077,0.35007419943038354,2.340818361553132,1.1667155079368108
NVDA,2026-01-28,2026-01-29,NVDAx,overnight,35,35,191.4081519413564,189.99459632849317,192.6359097458462,2595,314002.39429553016,191.52999877929688,191.33999633789065,0.0,191.4866724172543,191.66515826630533,17.5,100.0,-0.0992024448479012,-0.04100571329935798,-0.02262118849198913,0.035620155100968276,1.3902044944406056,0.09321058578013464
NVDA,2026-01-29,2026-01-30,NVDAx,overnight,35,35,191.0737524745436,189.1414431993609,192.50521439852767,3354,445555.865025455,192.42999267578125,191.21499633789065,0.0,191.8107834257416,191.78597476673275,17.5,100.0,-0.6313965515436615,-0.3842489655871306,-0.32178416754551353,-0.0738665199132571,1.7784421765362435,-0.012933922986890778
NVDA,2026-01-30,2026-02-02,NVDAx,weekend,131,131,187.68416017269573,185.48763079198224,191.13608285450923,15973,1487527.5641263167,191.28500366210935,187.1999969482422,0.0,190.7779761854356,187.09536722588928,65.5,100.0,-2.135560360540867,-1.6216840510629438,-0.26506389260361196,0.2586342053132684,3.045190689217181,-1.930311366741222
NVDA,2026-02-02,2026-02-03,NVDAx,overnight,35,35,186.7847216870469,184.9271318158387,187.4039640253793,2768,285116.59096379665,185.69000244140625,186.2350006103516,0.0,185.8027365940767,184.29749735373355,17.5,100.0,0.2934989292799006,0.5285094885957298,0.06071094360937668,0.2951760275424542,1.3393557696050662,-0.8101275944237818
NVDA,2026-02-03,2026-02-04,NVDAx,overnight,35,35,179.7409125119376,178.74419264724207,181.24916088732704,3321,254369.0009648337,180.3300018310547,179.44000244140625,0.0,180.01826580841143,178.64269692887083,17.5,100.0,-0.49353927832943567,-0.1540695302381101,-0.1728697496134468,0.16769397371672046,1.4014263641161318,-0.7641273919417602
NVDA,2026-02-04,2026-02-05,NVDAx,overnight,35,35,174.2336131185423,173.77597540631368,177.80414481090676,6016,440616.93081526575,174.1999969482422,174.9250030517578,0.0,175.0510215133729,175.3355287239637,17.5,100.0,0.4161918003540599,-0.46695437008240637,0.4885330539836641,-0.39524934752234175,2.3180243386202504,0.16252816357833488
NVDA,2026-02-05,2026-02-06,NVDAx,overnight,35,35,176.45971684388536,169.8390991628454,177.33698906222418,6836,505140.8359016502,171.82000732421875,176.69000244140625,0.0,172.20449427417327,177.95273855127132,17.5,100.0,2.834358578508245,2.4710287543002085,0.2237730960102935,-0.13033312260961605,4.41470187744557,3.3380338308395485
NVDA,2026-02-06,2026-02-09,NVDAx,weekend,131,131,184.21773062694945,183.41341763786085,186.62894619609307,9314,517284.9129481465,185.41000366210935,184.1000061035156,0.0,186.5356866384465,188.7718983234545,65.5,100.0,-0.7065409269831457,-1.2426340789094326,0.6071317372867258,0.06394596389511786,1.7531588471793702,1.1988117262207165
NVDA,2026-02-09,2026-02-10,NVDAx,overnight,35,35,191.69397776463111,189.74287780475575,192.14808977680912,1802,102745.54048905155,189.7899932861328,191.40499877929688,0.0,190.0575173911644,190.09593224457785,17.5,100.0,0.8509434376391178,0.8610342784277636,0.14095796116513348,0.15097776295145415,1.2676164712376314,0.020212225194127242
NVDA,2026-02-10,2026-02-11,NVDAx,overnight,35,35,192.1193334920052,188.42342830069504,192.1193334920052,2410,201852.2526192748,188.6100006103516,192.4199981689453,0.0,188.95527238267076,192.36760418871003,17.5,100.0,2.020040054220007,1.6745026849140476,0.18306122220552723,-0.1562543809381589,1.9614891973051662,1.8058939361737636
NVDA,2026-02-11,2026-02-12,NVDAx,overnight,35,35,192.4478922674084,188.19064466094173,192.4478922674084,3532,886500.1119710766,190.02999877929688,193.02999877929688,0.0,190.18969996057743,192.06030364741875,17.5,100.0,1.5786981104410902,1.1873368049369004,0.0840399843742734,-0.3015627185254388,2.262199385169672,0.9835462631409886
NVDA,2026-02-12,2026-02-13,NVDAx,overnight,35,35,187.81306995509047,186.375852396785,188.1382544547374,2664,256304.83256267334,186.91000366210935,187.46499633789065,0.0,187.3369933545454,184.7721514870937,17.5,100.0,0.29693042903395916,0.2541284516315745,0.22844667704782218,0.18567392526573911,0.945617168365942,-1.3691059205789613
NVDA,2026-02-13,2026-02-17,NVDAx,holiday,179,179,182.24301877020528,180.81872865640045,183.7340857712232,7938,571069.9266764903,182.78500366210935,181.72000122070312,0.0,182.3940277476065,181.5906108077733,89.5,100.0,-0.5826530733204716,-0.08279272039003471,-0.21389933893352087,0.2878150704318738,1.6123092649117376,-0.44048423610939524
NVDA,2026-02-17,2026-02-18,NVDAx,overnight,35,35,188.65856844354363,186.05093593436635,189.00902392797437,2483,293909.26225826127,184.97999572753903,188.75,0.0,185.18615449217367,188.19401374785843,17.5,100.0,2.038060525211538,1.8750937190159744,0.11144922121109069,-0.04844055971198191,1.5899344868931742,1.6242354964025596
NVDA,2026-02-18,2026-02-19,NVDAx,overnight,35,35,187.07435888231183,187.07435888231183,189.03248366592257,1299,110802.04778704012,187.88999938964844,187.02999877929688,0.0,187.87167224536813,186.5292947115862,17.5,100.0,-0.45771494658854994,-0.4243925406779647,-0.009754188269650577,0.023718175321874035,1.0467093380994053,-0.7145183293140289
NVDA,2026-02-19,2026-02-20,NVDAx,overnight,35,35,186.75523162067407,186.75523162067407,188.79118885049775,1588,133708.48743506437,187.88999938964844,186.5200042724609,0.0,187.55441233099765,187.7243026374284,17.5,100.0,-0.7291474382020824,-0.4261060565790231,-0.1786082600143346,0.1261137373069987,1.090174134430133,0.09058187665076378
NVDA,2026-02-20,2026-02-23,NVDAx,weekend,131,131,191.0444660887288,187.9124708105204,191.0444660887288,4572,392898.86763585685,189.8300018310547,191.44500732421875,0.0,189.7979453692176,192.58557367760693,65.5,100.0,0.8507640929179328,0.6567619670941882,-0.016886931216297807,-0.20921999538573433,1.6667309331303004,1.4687347131005613
NVDA,2026-02-23,2026-02-24,NVDAx,overnight,35,35,191.2575220495736,189.9726006385232,193.24753143621157,2064,265320.2039085088,191.6100006103516,191.4850006103516,0.0,191.17770080482487,189.66536278883183,17.5,100.0,-0.06523667846241032,0.041752382423632106,-0.2256144273000804,-0.11879706507189614,1.7238963864688372,-0.791064025577437
NVDA,2026-02-24,2026-02-25,NVDAx,overnight,35,35,194.76608252234624,192.68691776154728,194.76608252234624,1477,113052.96046199386,192.8699951171875,194.47000122070312,0.0,193.3776543480504,195.0509138076198,17.5,100.0,0.8295775102516334,0.7179879076394613,0.2632131714186414,0.15225037269737118,1.079037842813979,0.8652806681364478
NVDA,2026-02-25,2026-02-26,NVDAx,overnight,35,35,195.84039817117903,194.4258791473744,199.6720342887013,5645,1434838.6012768205,195.8800048828125,194.2100067138672,0.0,196.98383740786784,191.0363636634245,17.5,100.0,-0.852561837510879,-0.5804736326266435,0.563524860904363,0.8394992023834869,2.698280272324416,-3.0192699171194937
NVDA,2026-02-26,2026-02-27,NVDAx,overnight,35,35,181.75215154200745,181.75215154200745,186.5088289469064,2267,367494.22010588256,184.8999938964844,181.22000122070312,0.0,184.89018468120017,180.74930483946832,17.5,100.0,-1.99026111263233,-1.6972416056609596,-0.005305146353729029,0.29364877922952726,2.6171230241527788,-2.2396428717250894
NVDA,2026-02-27,2026-03-02,NVDAx,weekend,131,131,174.8047189523501,173.82510566966863,180.03384947982076,12198,1482463.078186187,177.16000366210938,174.8000030517578,0.0,177.74724498294515,178.4480887196882,65.5,100.0,-1.3321294657753002,-1.655455211627832,0.33147511215669834,0.002697883586932903,3.571833761430887,0.3942923204296678
NVDA,2026-03-02,2026-03-03,NVDAx,overnight,35,35,177.70978937128234,176.72646434279352,182.71324741405525,2276,348193.01955310337,182.3600006103516,178.4774932861328,0.0,182.60614696623668,178.7173640586788,17.5,100.0,-2.1290344983681653,-2.681376107157918,0.13497826006867442,-0.43014046237174197,3.387598509100065,-2.1296013152705573
NVDA,2026-03-03,2026-03-04,NVDAx,overnight,35,35,181.0431494918522,177.22120576439946,182.7889639193504,3167,437603.18485262175,179.99000549316406,180.3699951171875,0.0,180.11164846482043,181.45775161499373,17.5,100.0,0.21111706896295157,0.5171797798595446,0.06758318125668072,0.37320751393674634,3.1416997367418986,0.7473715118632152
NVDA,2026-03-04,2026-03-05,NVDAx,overnight,35,35,181.3764297857277,181.3764297857277,183.386138611714,1979,272639.4503495621,182.8999938964844,181.1699981689453,0.0,182.77257012535836,181.90704001545976,17.5,100.0,-0.9458697568454855,-0.7638675424179175,-0.06966854859391525,0.11394359930936293,1.1080319688508977,-0.47355580178413126
NVDA,2026-03-05,2026-03-06,NVDAx,overnight,35,35,179.37207625687842,179.37207625687842,182.90641679198893,1931,179715.9275232557,183.3300018310547,179.83999633789062,0.0,182.5916354335276,180.8508998071165,17.5,100.0,-1.9036739531482882,-1.7632566623355994,-0.40275262649455135,-0.26018688308526716,1.9703961780812573,-0.9533490525335919
NVDA,2026-03-06,2026-03-09,NVDAx,weekend,129,129,176.43312271018465,173.35936250927065,178.30009099088355,7293,973649.2614579508,177.72999572753906,176.8300018310547,0.0,177.61950309316506,176.74931235055394,64.5,100.0,-0.5063826692845219,-0.6679336234592048,-0.06216881619880432,-0.22444105454979546,2.8499922992902604,-0.4899184647277677
NVDA,2026-03-09,2026-03-10,NVDAx,overnight,35,35,182.17683201844252,181.1977705007563,183.45015326399687,2791,723576.9822171802,182.67999267578125,182.3999938964844,0.0,181.92262562369072,182.86938025997463,17.5,100.0,-0.15327282161313738,0.13973324861615843,-0.4145867541360704,-0.12234752495031698,1.2430521396681105,0.5204161016465703
NVDA,2026-03-10,2026-03-11,NVDAx,overnight,35,35,185.4704537021915,184.51646775270265,187.3032952794192,2393,1588061.535670921,184.75999450683597,185.9199981689453,0.01,184.00426286328303,186.0179360751706,17.5,100.0,0.6278435248959768,0.7968243866164348,-0.409034242272055,-0.24179457356993117,1.5103408170871635,1.0943622612611836
NVDA,2026-03-11,2026-03-12,NVDAx,overnight,35,35,184.5503542117912,183.67362567572405,185.92863757262705,2189,248069.2561652865,186.00999450683597,184.0500030517578,0.0,185.54124654705015,183.51196261234605,17.5,100.0,-1.053702227277964,-0.5340550167144076,-0.2520014911180479,0.27185609982993686,1.227727654750077,-1.093710413436022
NVDA,2026-03-12,2026-03-13,NVDAx,overnight,35,35,184.80182825179327,182.30141881687013,185.1171836347281,3308,422778.6147264673,183.00999450683597,184.91000366210935,0.0,183.22661254427447,185.22241850811207,17.5,100.0,1.0381996679434957,0.8597090158713572,0.1183640478336967,-0.05850165387144557,1.544565498245798,1.0892555050404207
NVDA,2026-03-13,2026-03-16,NVDAx,weekend,131,131,183.02329755103105,179.48496533636828,183.36265387819023,5473,684716.0124395376,180.26499938964844,182.97000122070312,0.0,180.34785623839363,183.89871261480684,65.5,100.0,1.5005696281660041,1.4834893901377377,0.04596391369691144,0.02912845273670417,2.1604531246140146,1.9688930328728205
NVDA,2026-03-16,2026-03-17,NVDAx,overnight,35,35,184.72255978061517,182.44667668119905,184.72255978061517,2762,370810.9212603421,183.1300048828125,185.0500030517578,0.0,182.66648178337076,183.7672125533817,17.5,100.0,1.0484345097756975,1.1255912837270232,-0.253111498434333,-0.17694853593223092,1.2474237080201345,0.6025904475000177
NVDA,2026-03-17,2026-03-18,NVDAx,overnight,35,35,182.28450453354452,182.14551500150537,184.18325823778136,2902,452564.9302542682,181.9600067138672,182.4900054931641,0.0,182.5329462735437,181.77441243399144,17.5,100.0,0.2912721255997397,-0.13610788905300542,0.3148711467006349,-0.11260943253534883,1.1187446675583246,-0.41555996056488187
NVDA,2026-03-18,2026-03-19,NVDAx,overnight,35,35,178.77000781375668,178.7625383872016,181.1527143213092,3117,461337.11904991185,180.3500061035156,178.00999450683594,0.0,180.8637046754437,177.20792069533576,17.5,100.0,-1.297483513993647,-1.1576102930348164,0.2848342414988547,0.42694979516533227,1.3370675733695547,-2.0212922137518796
NVDA,2026-03-19,2026-03-20,NVDAx,overnight,35,35,178.64398624846845,177.59538378418966,179.61341391553597,2711,371581.52048382134,178.5,178.0,0.0,178.50817005127152,177.22558502198825,17.5,100.0,-0.2801120448179262,0.07608402302141659,0.004577059535870731,0.3617900272294694,1.1363077622549955,-0.7185021441398876
NVDA,2026-03-20,2026-03-23,NVDAx,weekend,131,131,177.136019780558,170.38812063289336,177.136019780558,10835,1589378.4026033264,173.0,177.25,0.0,172.80844635842513,176.89345852837752,65.5,100.0,2.4566473988439252,2.5042603607215996,-0.1107246483091684,-0.0643047782465489,3.960310802537226,2.3638961266277514
NVDA,2026-03-23,2026-03-24,NVDAx,overnight,35,34,174.86406940431155,174.52578310182682,176.45161876957206,2615,352890.50922762096,175.50999450683594,174.76199340820312,0.0,176.17341038978202,175.01050054995906,17.5,97.14285714285714,-0.42618718138224265,-0.7432114656653166,0.3779932218733295,0.058408578500235286,1.103467713204087,-0.6600938457455241
NVDA,2026-03-24,2026-03-25,NVDAx,overnight,35,35,177.418458403963,176.56106878641202,177.97665719514475,2922,479507.4471886425,175.30999755859375,177.10000610351562,0.0,175.2890316042126,178.58107293536852,17.5,100.0,1.021053316895748,1.214808924587163,-0.011959360374835803,0.17981495735310826,0.8017556862691899,1.87806464616056
NVDA,2026-03-25,2026-03-26,NVDAx,overnight,35,35,176.30346186751623,176.30346186751623,178.70599526087335,2963,489902.88524441514,178.6699981689453,176.1699981689453,0.0,178.75952418461907,175.77409507758892,17.5,100.0,-1.399227640689893,-1.3739476698126918,0.05010691027662606,0.07575847190672835,1.362726158583616,-1.6700811442901697
NVDA,2026-03-26,2026-03-27,NVDAx,overnight,35,35,170.43611883755833,170.43611883755833,173.47411244684994,3612,452391.5569303323,171.22999572753906,169.99000549316406,0.0,171.69636775982534,169.7681896221135,17.5,100.0,-0.72416648094068,-0.7339985922299119,0.2723658493972936,0.26243504322505107,1.7824822754777259,-1.1230162657890452
NVDA,2026-03-27,2026-03-30,NVDAx,weekend,131,130,169.23042526838415,166.00054611869584,169.24268957467658,8150,949409.6078492801,167.4600067138672,168.73500061035156,0.0,167.7068515667148,168.03085156301174,65.5,99.23664122137404,0.7613721756639436,0.9084743333001466,0.14740525674847849,0.29361108023855387,1.9530920420361086,0.19319425132018342
NVDA,2026-03-30,2026-03-31,NVDAx,overnight,35,35,167.38935613774635,163.55989673899012,167.81103774393293,5949,543218.2793233176,165.05999755859375,166.97000122070312,0.0,165.0683765000297,168.75118265257197,17.5,100.0,1.1571572097178517,1.4060716455378985,0.0050763004724840854,0.2511558447489737,2.5991340724106804,2.2310791628471716
NVDA,2026-03-31,2026-04-01,NVDAx,overnight,35,35,176.0488935988039,173.89302348413167,176.98916742118195,4186,509915.72948399594,174.3800048828125,176.0,0.0,174.52397716250377,175.7692040597211,17.5,100.0,0.9290027937986167,0.8737575553187327,0.08256237851811399,0.02778045386584438,1.780487724588209,0.7134990374748629
NVDA,2026-04-01,2026-04-02,NVDAx,overnight,35,35,171.46409895339764,170.63876285813183,176.4250626400807,5252,762045.7162698683,175.8000030517578,172.17999267578125,0.0,175.88297202252502,172.78272422372171,17.5,100.0,-2.0591640006461076,-2.5123939050572086,0.047195090629648107,-0.41578217727750166,3.3909644473686162,-1.7626764905964043
NVDA,2026-04-02,2026-04-06,NVDAx,holiday,179,179,177.45317188833042,175.2767711673807,178.86893616067115,10741,995960.382355357,177.39999389648438,177.15499877929688,0.0,177.4301200136152,176.80418862687924,89.5,100.0,-0.13810322751783843,0.012992086525920321,0.016982028279222128,0.16831199293734223,2.0494244441895404,-0.3527762854964811
NVDA,2026-04-06,2026-04-07,NVDAx,overnight,35,35,175.46279535608736,175.19205389081046,177.7400618025885,2556,401913.8153718972,177.63999938964844,175.75,0.0,177.46718283046266,176.0862890733149,17.5,100.0,-1.063949220976279,-1.1294411971874974,-0.09728471052665721,-0.1634165825960987,1.4544083793698315,-0.7781121755152665
NVDA,2026-04-07,2026-04-08,NVDAx,overnight,35,35,184.8345461959102,178.0938433524579,184.9112174486583,4319,616607.6029395482,178.09500122070312,184.4499969482422,0.0,177.19577377065266,183.54179509766104,17.5,100.0,3.568317855066394,4.310922468808154,-0.5049144804104344,0.20848427976711825,3.8279673052528995,3.581361559572027
NVDA,2026-04-08,2026-04-09,NVDAx,overnight,35,34,181.36515457444597,180.29976465938648,181.9312338539468,2873,168184.39896418955,182.1000061035156,181.83999633789065,0.0,181.98391430811495,181.32497019245213,17.5,97.14285714285714,-0.14278405102147174,-0.3400079265365008,-0.0637516702413854,-0.2611316393574592,0.904864849736442,-0.3620892089106098
NVDA,2026-04-09,2026-04-10,NVDAx,overnight,35,35,184.09763064799944,182.6306858838289,184.43261999621612,3898,341683.084348235,183.8500061035156,184.4199981689453,0.0,184.05956514834003,186.1457733370852,17.5,100.0,0.3100310288316255,0.020681076600781445,0.11398370294664062,-0.17480073969556864,0.9866546268864296,1.133441876309882
NVDA,2026-04-10,2026-04-13,NVDAx,weekend,131,131,186.16425166219167,180.2112875137164,189.0866052757004,12340,1526634.6325635172,188.63999938964844,186.0200042724609,0.0,188.59834800248623,186.9610321620139,65.5,100.0,-1.3888863049536737,-1.2906244227878783,-0.022079827871590574,0.0775440202224198,4.924951086267826,-0.868149619449865
NVDA,2026-04-13,2026-04-14,NVDAx,overnight,35,35,190.6903329129751,188.66200175501237,190.6903329129751,2467,169015.8772545383,189.2100067138672,190.8300018310547,0.0,189.0188538598516,191.93590937261484,17.5,100.0,0.8561889222050256,0.8842922380445817,-0.10102682058706902,-0.0731902304351717,1.0751137691185075,1.5432616658050957
NVDA,2026-04-14,2026-04-15,NVDAx,overnight,35,35,196.0153596719982,194.99751930715732,196.33628175857055,2414,239516.89574908614,196.4900054931641,196.5500030517578,0.0,195.9419799642052,197.53428727791527,17.5,100.0,0.0305346617722968,0.03744971231096628,-0.27890758493462897,-0.272013925951875,0.6865535808711742,0.8126422495072116
NVDA,2026-04-15,2026-04-16,NVDAx,overnight,35,35,197.62403790705687,197.62403790705687,200.01144595335725,2361,251774.5452714267,198.8677978515625,197.42999267578125,0.0,198.57521603360416,196.6642014928516,17.5,100.0,-0.722995473029997,-0.47900143106797133,-0.14712377826837653,0.09828558905651263,1.2080554934431609,-0.9623630677199846
NVDA,2026-04-16,2026-04-17,NVDAx,overnight,35,35,200.72383350366653,197.57100207172087,200.72383350366653,2288,208898.0387729612,198.2400054931641,199.8800048828125,0.0,198.4280891413504,200.34547369969675,17.5,100.0,0.8272797337593785,1.156965413641986,0.09487673677086583,0.42216760068058967,1.5957966497538667,0.9662868632376531
NVDA,2026-04-17,2026-04-20,NVDAx,weekend,131,131,200.1456619126832,198.380479697728,202.32702626945863,7983,1038873.0331333592,201.6499938964844,199.97999572753903,0.0,201.5127575941872,199.7497442192751,65.5,100.0,-0.8281667341892618,-0.6784164426239969,-0.068056685569573,0.08284137847962558,1.9893825127068832,-0.8748892109662454
NVDA,2026-04-20,2026-04-21,NVDAx,overnight,35,35,202.60533650155384,201.50368295395631,202.72788743569376,1369,105954.58696940451,202.1100006103516,202.1300048828125,0.0,201.36187905389036,201.6480130524585,17.5,100.0,0.009897715303797128,0.6175237604584938,-0.37015563515016003,0.23516133540733009,0.6075345441786117,0.14209938838103398
NVDA,2026-04-21,2026-04-22,NVDAx,overnight,35,35,200.7471535381072,200.28615308627676,201.5199266591113,1837,186253.04606782433,199.91000366210935,201.0,0.0,200.02019734229668,200.27024697333763,17.5,100.0,0.5452435185449689,0.3634413951539406,0.05512164382408535,-0.12579425964815982,0.6160054271465709,0.12501219095042426
NVDA,2026-04-22,2026-04-23,NVDAx,overnight,35,35,202.2362076818191,199.7526260468032,202.6787532174353,2314,689440.0651852201,202.4199981689453,202.3999938964844,0.0,202.18977961792032,202.88785980465116,17.5,100.0,-0.00988255737667254,0.022962616600374908,-0.11373310597150299,-0.08092204525907976,1.4648754454654744,0.34525987814517656
NVDA,2026-04-23,2026-04-24,NVDAx,overnight,35,35,200.30039980244464,199.02255420114807,201.22084822853844,2109,332095.7270741808,199.7100067138672,199.9600067138672,0.0,199.3740822258033,201.8426947403084,17.5,100.0,0.12518150898577218,0.46461283547989396,-0.16820613728443234,0.1702305846911445,1.1045451789190697,1.238181255530102
NVDA,2026-04-24,2026-04-27,NVDAx,weekend,131,131,209.8309387997676,206.985262815274,211.60663241047263,8139,926235.326646368,208.19000244140625,209.6450042724609,0.0,208.33646414198216,210.01901346667844,65.5,100.0,0.6988817013267257,0.7173370556807335,0.0703500162632098,0.08869017792814127,2.232704653626949,0.8076115391636884
NVDA,2026-04-27,2026-04-28,NVDAx,overnight,35,35,209.98460110705605,209.506194264554,219.0506660865262,3786,872838.7671957174,216.6300048828125,209.5050048828125,0.0,216.2031055745448,210.72345931183503,17.5,100.0,-3.2890180673975977,-2.876232721525207,-0.19706379478624525,0.22891874325952077,4.555699107359046,-2.534490079662821
NVDA,2026-04-28,2026-04-29,NVDAx,overnight,35,35,213.118525476566,211.40135889594168,214.1660685831708,1941,308810.3946138285,213.1499938964844,212.71499633789065,0.0,213.63589002624292,211.44138317428272,17.5,100.0,-0.20408049310337573,-0.24217117714321335,0.22795972023086364,0.18970413258232455,1.3078012845650688,-1.0272182504964977
NVDA,2026-04-29,2026-04-30,NVDAx,overnight,35,35,210.47860331715228,207.53031375170468,211.71905189847604,3608,946477.3079573591,209.31500244140625,209.93899536132807,0.0,209.010299203711,206.6584634006973,17.5,100.0,0.2981118948205852,0.7025032350248761,-0.14557161891944892,0.25703083645582936,2.0183741213743334,-1.1252248391460995
NVDA,2026-04-30,2026-05-01,NVDAx,overnight,35,35,201.45885577570667,199.7204189961262,201.45885577570667,1844,306024.6417999408,199.52999877929688,201.27999877929688,0.0,200.410923632114,201.05478248422529,17.5,100.0,0.8770610989356609,0.5228917289540114,0.4414999539951392,0.08885979605250949,0.87043517549108,0.3212693402347755
NVDA,2026-05-01,2026-05-04,NVDAx,weekend,131,131,199.3278674785264,197.82079335565132,200.8683424989237,6924,1036015.067595,198.4199981689453,199.5399932861328,0.0,199.0380576722017,199.70677127967835,65.5,100.0,0.5644567722623783,0.14560522229472017,0.31149052966432667,-0.10630741442505531,1.5405605707957015,0.33597273571568387
NVDA,2026-05-04,2026-05-05,NVDAx,overnight,35,35,199.66638838366617,197.75047905101684,199.66638838366617,2292,212953.50042406286,198.55999755859372,199.3000030517578,0.0,198.6570526815676,199.25579197362464,17.5,100.0,0.3726860909865293,0.5080794708640202,0.04887949444360995,0.1838360894621749,0.9688519298884035,0.3013934234777915
NVDA,2026-05-05,2026-05-06,NVDAx,overnight,35,35,199.98268047036507,196.28299463393637,201.84173044060495,4842,863972.0075168682,196.5,199.80999755859372,0.0,196.4966153073709,201.52594213880224,17.5,100.0,1.6844771290553284,1.77410952221293,-0.0017224898875900507,0.08642355932200196,2.8320007125607116,2.5594979453280597
NVDA,2026-05-06,2026-05-07,NVDAx,overnight,35,35,208.88139169994488,206.3336616142513,209.50557440526083,5196,667899.9160158765,207.6649932861328,208.31500244140625,0.0,207.70369225382885,208.29838503520156,17.5,100.0,0.31300853600193523,0.5670093936880116,0.018635287095647435,0.27189076729985384,1.5372735433443419,0.28631786701507345
NVDA,2026-05-07,2026-05-08,NVDAx,overnight,35,35,213.41980024856997,210.1247634773853,214.1670548059972,3203,752387.5899107629,211.50999450683597,213.02999877929688,0.0,211.99157958542656,215.90889777100213,17.5,100.0,0.7186441832240709,0.673715751322046,0.22768904122638656,0.182979613907297,1.9237577055247757,1.8478649922021972
NVDA,2026-05-08,2026-05-11,NVDAx,weekend,131,130,213.7353077731401,213.31546872974653,217.22278123849813,9291,905210.5094845227,215.2100067138672,213.92999267578125,0.0,214.98300535979672,217.18794807035744,65.5,99.23664122137404,-0.5947744055357918,-0.5803703341891842,-0.10547899585927611,-0.09100402435678889,1.8317061261515333,1.0256358203154292
NVDA,2026-05-11,2026-05-12,NVDAx,overnight,35,35,218.5926653088691,216.84177263908276,220.11142613787996,3813,546559.1972836026,219.47999572753903,218.5449981689453,0.0,219.25052167852877,220.9444540331896,17.5,100.0,-0.42600582139359355,-0.30004780131115405,-0.1045535144328702,0.021811132866522698,1.5078522274577066,0.772601288102992
NVDA,2026-05-12,2026-05-13,NVDAx,overnight,35,35,224.78621609540545,219.57199543202736,226.71045485818635,4167,815636.5379897122,220.8699951171875,224.92999267578125,0.0,220.8018160980019,224.57762128391664,17.5,100.0,1.8381842931809889,1.80451414205538,-0.03086839348614978,-0.06392059087604318,3.251079178887739,1.710042631279296
NVDA,2026-05-13,2026-05-14,NVDAx,overnight,35,35,229.9401137323501,226.2748229374735,232.3579619441048,5138,1160974.099471194,225.8699951171875,229.72999572753903,0.0,225.7639515076276,231.34494389558455,17.5,100.0,1.7089479319060796,1.8497914289834716,-0.04694895818493361,0.09146302560345543,2.6883852687014542,2.4720476190674745
NVDA,2026-05-14,2026-05-15,NVDAx,overnight,35,35,228.47125872853567,228.05018206939903,239.37438111913943,8123,2129069.675161926,235.7449951171875,229.75,0.0,235.44228561600335,226.67748027721257,17.5,100.0,-2.542999953915215,-2.9608219565270155,-0.12840548365986582,-0.5565794435100413,4.965661043100722,-3.72269803440739
NVDA,2026-05-15,2026-05-18,NVDAx,weekend,131,131,229.67296609553665,221.8231272730792,229.67296609553665,9330,1310285.7648768933,225.22999572753903,229.82000732421875,0.0,226.1255629997098,226.3510897596361,65.5,100.0,2.0379219836385687,1.5687757937528746,0.3976234467695683,-0.0639810390723139,3.538782866762924,0.09973519001325037
NVDA,2026-05-18,2026-05-19,NVDAx,overnight,35,35,219.798330288775,219.798330288775,223.44335825799195,4033,562104.591166626,222.3500061035156,219.69500732421875,0.0,221.4267442761669,221.43271854656533,17.5,100.0,-1.1940628317594015,-0.7354188369228409,-0.4152290541961534,0.047030183259355596,1.658351073198805,0.0026980798629283598
NVDA,2026-05-19,2026-05-20,NVDAx,overnight,35,35,223.71525011813875,220.7782122335075,224.95929963340615,3927,511312.15014131204,220.6300048828125,223.1000061035156,0.0,220.93020223184712,221.887116020038,17.5,100.0,1.1195218991247424,1.2606007952543186,0.1360637004899079,0.2757705055093984,1.893795296918377,0.4331294583194589
NVDA,2026-05-20,2026-05-21,NVDAx,overnight,35,35,221.95412636388212,220.2550614836433,224.2378449778477,11524,2734996.50912073,223.43499755859372,222.1999969482422,0.0,223.29182882252368,223.6806678230172,17.5,100.0,-0.5527337363644969,-0.5990825843003811,-0.06407623587817435,-0.11065282976459034,1.8082596910038218,0.17413937739860774
NVDA,2026-05-21,2026-05-22,NVDAx,overnight,35,35,220.94504715584208,219.35620795366327,221.3657969010481,3058,462975.6619071924,219.5,220.9040069580078,0.0,219.9223398760524,218.9865098536363,17.5,100.0,0.6396387052427288,0.465031101599811,0.19240996631089136,0.018578294889004532,0.9161304191624753,-0.42552749436165493
NVDA,2026-05-22,2026-05-26,NVDAx,holiday,179,179,217.29303320036936,213.5425255803538,221.55274857825327,16158,3396214.6351272585,215.25,216.57749938964844,0.0,214.51666289814207,216.19411784230056,89.5,100.0,0.6167244551212203,1.2942445890767873,-0.3406908719432833,0.3303823401495709,3.7511137306865283,0.7819695316419129
NVDA,2026-05-26,2026-05-27,NVDAx,overnight,35,35,214.92936373644372,213.730799027153,216.25626986969428,2869,493479.3639916638,214.8300018310547,214.1199951171875,0.0,214.3272093176128,211.9409330872488,17.5,100.0,-0.330497001264074,0.28095099112617206,-0.23404203749776142,0.3779976824739073,1.1816129701645917,-1.1133799753944351
NVDA,2026-05-27,2026-05-28,NVDAx,overnight,35,35,211.8792723169608,209.63274029460908,213.0375847715709,3702,747840.3605111596,212.5800018310547,211.2749938964844,0.0,212.8660623235012,213.0062966038756,17.5,100.0,-0.6138902640557053,-0.4635731951675548,0.13456604101163006,0.28601511675936386,1.6241949955797974,0.06587911611821706
NVDA,2026-05-28,2026-05-29,NVDAx,overnight,35,35,215.17888540541676,206.69811877658165,215.672504651014,2135,260066.15998891156,214.3000030517578,214.4499969482422,0.0,214.1894798709083,215.080506793669,17.5,100.0,0.06999248453027906,0.4619300327470821,-0.0515740453922553,0.33988737120407286,4.341784012138339,0.4159993867568712
NVDA,2026-05-29,2026-06-01,NVDAx,weekend,131,131,215.90613950244955,212.22562728198747,217.47062832901324,10943,1949463.7134371079,211.1499938964844,215.77999877929688,0.0,214.24219311289335,218.9328329345175,65.5,100.0,2.1927563422437624,0.7766660550750704,1.4644562187034138,0.05845802385127108,2.471426808439414,2.189409916632279
NVDA,2026-06-01,2026-06-02,NVDAx,overnight,35,35,226.8130873717245,221.87584036379653,228.81378862089863,6466,1539358.0631299887,224.4199981689453,227.19000244140625,0.0,223.47463337577227,227.7235451489421,17.5,100.0,1.2342947576247987,1.4938849861937609,-0.4212480175057154,-0.16590301757620773,3.126950751251867,1.9012948847868971
NVDA,2026-06-02,2026-06-03,NVDAx,overnight,35,35,222.5265932929587,221.17255661174784,223.86296537980644,5899,1464183.06269356,222.82000732421875,221.68499755859372,0.0,222.3834669786533,219.7645405197775,17.5,100.0,-0.5093841344208871,0.06436014162829462,-0.19591613464505775,0.3796358543128431,1.2164297457488926,-1.1776623930083718
NVDA,2026-06-03,2026-06-04,NVDAx,overnight,35,35,214.20644925587143,212.1026661661927,215.55182253514843,6761,920630.8606663325,214.8350067138672,213.90499877929688,0.25,215.31890912361527,213.6650873541493,17.5,100.0,-0.43289403752013733,-0.5166568381159586,0.22524374269812242,0.14092727065513344,1.6261730374728778,-0.7680801357378697
NVDA,2026-06-04,2026-06-05,NVDAx,overnight,35,35,214.77350802008257,214.55919505821163,218.20173059986453,5690,1141973.5590050023,218.71499633789065,214.42999267578125,0.0,219.29987296484944,213.7318498267,17.5,100.0,-1.9591723173337128,-2.064007098395526,0.2674149631949341,0.16019929862176596,1.6976832620315685,-2.5389997097909456
NVDA,2026-06-05,2026-06-08,NVDAx,weekend,131,131,210.53592819241524,200.65210129451907,210.53592819241524,22865,4204315.4307736745,205.10499572753903,210.17999267578125,0.0,206.28081142285984,208.59626162420744,65.5,100.0,2.4743409736269095,2.062778762699713,0.5732750151453025,0.16934795367655742,4.925852674420095,1.1224748367898885
NVDA,2026-06-08,2026-06-09,NVDAx,overnight,35,35,210.14672649349168,207.35669235913076,210.47578686093888,3550,586765.9924176808,208.6100006103516,210.6150054931641,0.0,208.2999739105448,210.11346952097836,17.5,100.0,0.9611259656518101,0.886583204153446,-0.14861545414875943,-0.22233885879874293,1.5042169443974407,0.8706173008031115
NVDA,2026-06-09,2026-06-10,NVDAx,overnight,35,35,204.68208920551209,203.2491147450386,207.58049090765024,5581,1394846.0489249583,208.19000244140625,204.4250030517578,0.0,206.76880658661733,205.90646151371456,17.5,100.0,-1.8084438952384763,-1.0092031847323657,-0.6826436611378162,0.1257606212138329,2.131067664449615,-0.41705762447370454
NVDA,2026-06-10,2026-06-11,NVDAx,overnight,35,35,201.8827646936005,199.5281550318336,203.4408848484612,5256,905479.3436174062,200.33999633789065,201.3950042724609,0.0,201.24134119118972,202.44324385354253,17.5,100.0,0.5266087420661147,0.31873346630173494,0.44990759198122454,0.2421909237032116,1.9609913277669255,0.5972444107351427
NVDA,2026-06-11,2026-06-12,NVDAx,overnight,35,35,204.48593185744204,203.7341846079031,206.5525866884856,5670,893301.9238027012,204.6699981689453,204.72999572753903,0.0,204.99100735561163,204.70968879517116,17.5,100.0,0.029314290873339033,-0.24638910003178527,0.15684232644657126,-0.11921256053841756,1.3833722043292251,-0.13723458607745043
NVDA,2026-06-12,2026-06-15,NVDAx,weekend,131,131,208.39301267318532,204.68175986101943,211.0656241801151,14482,2579084.7784727495,205.1300048828125,208.85499572753903,0.0,204.61572069190225,209.78251000208715,65.5,100.0,1.8159171043039546,1.8460419211731471,-0.2507113433766306,-0.22119799085695835,3.118921941764796,2.5251184477485644
NVDA,2026-06-15,2026-06-16,NVDAx,overnight,35,35,210.9147206226439,210.72853288919683,212.33016522042735,3997,516353.31038559513,212.4600067138672,211.1150054931641,0.0,211.90240114632445,209.8227260941939,17.5,100.0,-0.6330608953215799,-0.4661016195840695,-0.2624520144601572,-0.09487003069835742,0.7600453100827576,-0.9814306213049795
NVDA,2026-06-16,2026-06-17,NVDAx,overnight,35,35,208.80960301568385,207.44734886561767,209.022711662172,2241,406683.29882969084,207.2899932861328,208.52999877929688,0.0,208.3051701134098,208.25351250841663,17.5,100.0,0.5981984337528612,0.24216052918870634,0.4897374982668179,0.13408345946566147,0.7594036776892299,-0.02479900281161518
NVDA,2026-06-17,2026-06-18,NVDAx,overnight,35,35,207.7858702139107,204.9291060088445,207.7858702139107,9936,854960.8495796972,204.6779937744141,207.2749938964844,0.0,204.3304728120992,208.2523305385223,17.5,100.0,1.2688223458612757,1.69108276130161,-0.16978911895038085,0.24647272100821738,1.3940256026603093,1.919369965942197
NVDA,2026-06-18,2026-06-22,NVDAx,holiday,179,179,211.17004442695563,208.2428554066377,211.17004442695563,36127,58142757.11408524,210.22999572753903,211.44500732421875,0.0,210.74035355221525,212.46610097346164,89.5,100.0,0.5779439762984007,0.2038958687776482,0.24276165868244437,-0.13003991001854232,1.4056612000454827,0.8188974689267603
NVDA,2026-06-22,2026-06-23,NVDAx,overnight,35,35,202.54937997226207,202.3245863518986,208.7002503898525,11928,1915812.2115120627,208.55999755859372,202.16000366210935,0.0,208.24177809291004,201.97195031797696,17.5,100.0,-3.0686584059276933,-2.733552398937078,-0.15257933899538445,0.1926079853082685,3.1512057693595663,-3.010840491448219
NVDA,2026-06-23,2026-06-24,NVDAx,overnight,35,35,200.1696043063866,200.1696043063866,201.6893714503172,22917,2850792.627775849,200.02099609375,200.07000732421875,0.0,200.70329233084928,200.69357364217495,17.5,100.0,0.024503042893453397,-0.26590895359251965,0.34111230841959994,0.04978106588782172,0.7592397203345591,-0.004842316516817657
NVDA,2026-06-24,2026-06-25,NVDAx,overnight,35,35,200.76108532983795,199.77647437518567,201.94932497562215,7038,1112654.6040044802,199.08999633789065,200.0800018310547,0.0,198.1939795265522,197.15076420000727,17.5,100.0,0.4972653128607396,1.29524913391319,-0.4500561694811389,0.34040558404151433,1.0876408782526603,-0.5263607547701388
NVDA,2026-06-25,2026-06-26,NVDAx,overnight,35,35,192.56009436190075,191.8288931725828,196.1368547023376,6780,1288709.0408792277,195.7400054931641,193.10499572753903,0.0,195.0966463053861,192.76658317703289,17.5,100.0,-1.346178446754509,-1.3001514846722961,-0.3286804790656239,-0.2821788030834327,2.2457313173772198,-1.1943122408705764
NVDA,2026-06-26,2026-06-29,NVDAx,weekend,131,131,194.06324414345832,192.26216237522647,195.10869130563955,9910,1111299.2153325735,191.72000122070312,193.78500366210935,0.0,193.76893263076332,194.3718461175568,65.5,100.0,1.0770928584697081,0.15188787423205952,1.068710305139997,0.14358205025715165,1.4805455713421622,0.3111507498172461
NVDA,2026-06-29,2026-06-30,NVDAx,overnight,35,35,196.6432983771895,194.7568117255124,197.51881051689185,3959,528316.4899562125,194.8999938964844,197.19500732421875,0.0,194.99584718086683,197.31650935256008,17.5,100.0,1.1775338633172483,0.8448647600143966,0.049180752890798374,-0.2797783546934163,1.4181782741813365,1.1901085101267528
NVDA,2026-06-30,2026-07-01,NVDAx,overnight,35,35,195.91306562907485,195.91306562907485,199.8077339870221,4852,717306.2406960888,199.7700042724609,196.1699981689453,0.0,199.57358337561217,197.10517592504735,17.5,100.0,-1.8020753999712813,-1.8341694750491855,-0.09832351837008035,-0.1309744314975103,1.9879574368567576,-1.2368407726182418
NVDA,2026-07-01,2026-07-02,NVDAx,overnight,35,35,197.53635056451617,195.5459714771237,198.7614279224838,5807,837033.5234706053,197.5800018310547,197.1499938964844,0.0,198.36001010039632,198.19098246882425,17.5,100.0,-0.21763737756109736,-0.415234671274356,0.3947809809256908,0.1959709256874831,1.644348089132719,-0.08521255442894837
NVDA,2026-07-02,2026-07-06,NVDAx,holiday,179,179,194.8326964527982,194.3016914395264,198.60667382099987,11288,1386603.688127104,194.6199951171875,194.38999938964844,0.0,194.3380416096012,195.1099415751238,89.5,100.0,-0.11817682319875678,0.25453320363837406,-0.14487386427922688,0.22773654228085416,2.215617553084104,0.3971944757338086
NVDA,2026-07-06,2026-07-07,NVDAx,overnight,35,35,192.4349260635879,191.2190972275967,195.76347518156163,3952,488109.0825961113,195.5749969482422,192.3699951171875,0.0,196.3090277690721,192.4046705431523,17.5,100.0,-1.6387584717196146,-1.9734709857773147,0.37531935691357265,0.03375315696236836,2.3765293424411693,-1.9888831758224979
NVDA,2026-07-07,2026-07-08,NVDAx,overnight,35,35,195.3425945891175,193.2990797379824,197.64216868211744,5344,1049594.8461155556,196.92999267578125,195.1300048828125,0.0,196.4020247415949,197.70897134127125,17.5,100.0,-0.9140242014491817,-0.5394191602002385,-0.2680993011844546,0.10894772766119054,2.2468233941010496,0.6654445652461538
NVDA,2026-07-08,2026-07-09,NVDAx,overnight,35,35,205.0401466845243,201.8177616319124,205.82538312353643,6707,1379657.860371552,204.1499938964844,204.4600067138672,0.0,204.4866183284836,202.9448092497629,17.5,100.0,0.15185541349562737,0.27069172573019884,0.1648907382137299,0.28374251765970193,1.985762531116264,-0.7539902079284011
NVDA,2026-07-09,2026-07-10,NVDAx,overnight,35,35,202.10558871920276,201.2643486005622,203.10579031741247,4102,498419.0760548434,202.72999572753903,201.9199981689453,0.0,203.3905289321295,204.66054008666327,17.5,100.0,-0.39954499860115344,-0.6317601019443453,0.3258191774828445,0.09191291201486873,0.9149368627152654,0.6244200067730521
NVDA,2026-07-10,2026-07-13,NVDAx,weekend,131,131,208.32827461607752,206.65793995926384,212.61823249395687,12390,2076535.0582349533,210.9499969482422,208.5399932861328,0.0,210.2787020760213,208.90583723011295,65.5,100.0,-1.1424525702651178,-0.9275439883772107,-0.3182246418261925,-0.10152425283950217,2.8841343022522725,-0.652878694967407
NVDA,2026-07-13,2026-07-14,NVDAx,overnight,35,35,207.69294417166105,202.87174651860872,207.69294417166105,5716,1083633.0542362449,203.47999572753903,208.1999969482422,0.0,204.0098441775177,205.6270765693472,17.5,100.0,2.319638942308244,1.8053540548457647,0.2603933856417662,-0.24354120269616253,2.3764756481800653,0.7927227229399092
NVDA,2026-07-14,2026-07-15,NVDAx,overnight,35,35,211.5622635163378,210.9517138644706,213.05424412193733,4359,535652.4233370534,211.8000030517578,212.00999450683597,0.0,211.66806702348333,212.0676102710802,17.5,100.0,0.09914610578491967,-0.04998557819011484,-0.06229274144167185,-0.21118390740948456,0.9966879239566406,0.1887593406106669
NVDA,2026-07-15,2026-07-16,NVDAx,overnight,35,35,210.05572205694224,208.96795984007716,212.24733267417025,6064,906831.2295763888,212.4900054931641,210.26499938964844,0.0,211.7826111809822,209.12123930994076,17.5,100.0,-1.0471109445132187,-0.815406474785707,-0.33290709863746937,-0.09953027527818126,1.569318491027416,-1.2566526856008564
NVDA,2026-07-16,2026-07-17,NVDAx,overnight,35,35,202.10178799843328,201.16344523965415,207.0410345041452,5714,988580.5196827702,207.47000122070312,202.3999938964844,0.0,206.8445384196266,200.5199213490013,17.5,100.0,-2.4437303197513027,-2.2929058013471226,-0.3014714403993146,-0.14733493431015043,2.9217978731119976,-3.057666941050441
NVDA,2026-07-17,2026-07-20,NVDAx,weekend,131,131,205.54808318617592,201.91818802525103,206.06659504655937,10254,1279683.0751653358,202.63999938964844,206.0379943847656,0.0,203.21707817874417,206.4484046998166,65.5,100.0,1.6768629122344558,1.1470517282909931,0.2847802955161294,-0.23777711487270592,2.0544989343850295,1.5900861039987113
NVDA,2026-07-20,2026-07-21,NVDAx,overnight,35,35,206.89431910792396,202.4531698415764,206.89431910792396,2657,479973.5703850675,203.3800048828125,207.5399932861328,0.0,203.18283284813973,206.8821393213961,17.5,100.0,2.0454264448057646,1.8266731533161717,-0.09694760052070261,-0.3111083160336592,2.193667439152902,1.8206786574440859
NVDA,2026-07-21,2026-07-22,NVDAx,overnight,35,35,205.6226844448849,204.6526254621377,206.96430365651716,2578,429972.9991017666,207.17999267578125,205.80499267578125,0.0,207.31476246490007,206.793495157696,17.5,100.0,-0.663674123278768,-0.8161879066868938,0.06504961573665646,-0.08858299719849416,1.1295619536564994,-0.25143762123178703
NVDA,2026-07-22,2026-07-23,NVDAx,overnight,35,35,209.0877760317675,209.0877760317675,213.73980526779224,5461,1096241.0058948395,212.05990600585935,209.3950042724609,0.0,212.61652638154996,209.7713052648218,17.5,100.0,-1.2566740142404886,-1.6596782996303627,0.26248260983159355,-0.1467218579358498,2.22491688625448,-1.3381937731511528
NVDA,2026-07-23,2026-07-24,NVDAx,overnight,35,35,207.80666679850333,206.62267493826752,209.46508841106436,3478,644858.5509062828,208.6999969482422,207.55999755859372,0.0,207.995756081282,207.6379499313996,17.5,100.0,-0.5462383355622102,-0.09091016390967432,-0.3374417236502558,0.11884237946184761,1.3756541839592629,-0.17202569736209927
NVDA,2026-07-24,2026-07-27,NVDAx,weekend,131,131,208.36708040265796,206.72137188058463,209.7549855673288,5343,811496.9567735406,206.9600067138672,208.1100006103516,0.0,206.4005357173309,204.72230396442836,65.5,100.0,0.5556599628808057,0.9527808048038544,-0.2703280722781254,0.12353072488222594,1.467489142098266,-0.813094669095682
NVDA,2026-07-27,2026-07-28,NVDAx,overnight,35,35,195.51269567029124,193.5876194080568,197.39007640561115,4113,1242712.3391344696,196.5200042724609,194.9499969482422,0.0,197.1339287676643,194.4644211301588,17.5,100.0,-0.7989045848187604,-0.8224018602519645,0.31239796552833266,0.2886374613273013,1.964204637249689,-1.3541594053308237
NVDA,2026-07-28,2026-07-29,NVDAx,overnight,35,35,195.8030521156688,194.79245579278648,198.0594902624828,5246,1045532.9496569812,196.9499969482422,195.84500122070312,0.0,197.5998535717762,195.68880698070683,17.5,100.0,-0.561053944991663,-0.9093131516186737,0.32996021000437636,-0.021419543400569285,1.6771873717592367,-0.9671295583097206
NVDA,2026-07-29,2026-07-30,NVDAx,overnight,35,35,193.86036201683515,189.4814890838369,194.10450295005745,4329,869626.6173969056,190.05999755859372,193.4499969482422,0.0,191.9197247041027,193.2133796347106,17.5,100.0,1.7836469710589054,1.0111713716370208,0.9784947750173689,0.2121297880933959,2.4398234827968324,0.6740604346960444
NVDA,2026-07-30,2026-07-31,NVDAx,overnight,35,35,197.9492636996426,195.92946282259985,198.64986756785893,4058,822889.8625942044,195.1499938964844,198.4405059814453,0.0,195.0642204601005,198.26509886888056,17.5,100.0,1.6861451129259741,1.4790222587910185,-0.04395256933976688,-0.2475514156614067,1.3884612891131187,1.6409356883748893
NVDA,2026-07-31,2026-08-03,NVDAx,weekend,131,131,198.34745126394208,198.34745126394208,202.682753553133,9629,1315538.6308167265,200.80999755859372,197.72999572753903,0.0,201.08389379631328,199.45733475397947,65.5,100.0,-1.5337890884421612,-1.3608462024029988,0.13639571786741023,0.31227206278499064,2.1857111153003483,-0.8088957358173166
NVDA,2026-08-03,2026-08-04,NVDAx,overnight,35,35,210.92914174794512,206.05369369473595,210.92914174794512,7875,761257.9308036936,206.69000244140625,211.4900054931641,0.0,206.90665329481808,211.01578761182247,17.5,100.0,2.3223198969764214,1.9441078327217642,0.10481922243590347,-0.26519633583209634,2.366105632851223,1.9859846223259758
NVDA,2026-08-04,2026-08-05,NVDAx,overnight,35,35,216.479431209882,211.09359329311215,217.39273790995503,10762,1516701.7887505773,211.83999633789065,216.8600006103516,0.0,212.64556899228825,219.44253622680085,17.5,100.0,2.369715048736065,1.8029353895132383,0.3802741070259019,-0.1754908232954322,2.984052958962269,3.1963831960961864
NVDA,2026-08-05,2026-08-06,NVDAx,overnight,35,35,221.2534839336726,219.2027837992765,223.1033789397381,8699,1088999.225534679,219.1999969482422,221.52999877929688,0.0,220.53448215131277,222.38802742503023,17.5,100.0,1.0629570545134914,0.32602692120795584,0.608798002577382,-0.12482049706493692,1.7794459873435642,0.840478666028166
NVDA,2026-08-06,2026-08-07,NVDAx,overnight,35,35,221.35456425024057,218.95172979864884,221.35456425024057,3248,324792.6311944704,218.9900054931641,221.5850067138672,0.0,219.42038607345535,222.2200887621512,17.5,100.0,1.1849861434813702,0.8814942911173906,0.19652978195148219,-0.1039973177987541,1.0974265669430494,1.2759537702019097
NVDA,2026-08-07,2026-08-10,NVDAx,weekend,131,131,223.3118321475896,223.01671986480815,225.8616646264088,8280,1102329.9811651073,223.97999572753903,223.4499969482422,0.0,223.55473429877415,223.14088225569336,65.5,100.0,-0.23662772988957137,-0.10865444292489368,-0.18986580805286923,-0.06183253637931374,1.2756643373309728,-0.18512336335838597
NVDA,2026-08-10,2026-08-11,NVDAx,overnight,35,35,221.8474288072837,218.41276823995528,221.8474288072837,18585,1606760.160092217,217.55999755859372,222.1499938964844,0.0,218.31110746523024,220.56266716915468,17.5,100.0,2.109761164459689,1.6198540619911883,0.34524265263158327,-0.13619855841260353,1.5725548442090176,1.0313537089646552
NVDA,2026-08-11,2026-08-12,NVDAx,overnight,35,35,220.6913608103617,217.93458905756796,221.84475689550172,3507,332852.94968478655,217.47999572753903,221.0399932861328,0.0,217.81253267034324,221.8324913896161,17.5,100.0,1.6369310412594373,1.3216999521214579,0.15290461161348023,-0.15772370899406196,1.7941933195840143,1.8456048740579156
NVDA,2026-08-12,2026-08-13,NVDAx,overnight,35,35,224.73542154443365,223.49615729536063,224.7744638247024,3515,257821.92338523618,224.1300048828125,225.05499267578125,0.0,223.3671048620596,225.65486625688416,17.5,100.0,0.4127014557700148,0.6125864787561497,-0.3403828153895727,-0.14199690819922672,0.5719590639996719,1.024215896175651
NVDA,2026-08-13,2026-08-14,NVDAx,overnight,35,35,226.42685981546936,225.035090458988,227.20512192077163,3238,274502.63429614576,225.3699951171875,226.8000030517578,0.0,225.5140984878726,226.334225580602,17.5,100.0,0.6345156700326315,0.4047469021746464,0.06394079682618958,-0.16452523424494991,0.9643080362967238,0.36366998703343256
NVDA,2026-08-14,2026-08-17,NVDAx,weekend,131,131,226.12834241956952,224.4098625633396,227.0209884392125,9698,548848.3977384213,225.16000366210935,226.0200042724609,0.0,225.36716258616465,226.14994115324657,65.5,100.0,0.38195087775985126,0.3377509947190438,0.09200520549208502,0.047932990470167525,1.163552192424655,0.34733479274409174
NVDA,2026-08-17,2026-08-18,NVDAx,overnight,35,35,220.2950725742741,220.0942595632592,225.56981442026728,3941,459919.51764517307,225.0500030517578,220.4499969482422,0.0,225.41318370653912,220.57344861770707,17.5,100.0,-2.043992908748238,-2.270546490718217,0.16137776043387841,-0.07027642372998688,2.4878226573802564,-2.1470505891673097
NVDA,2026-08-18,2026-08-19,NVDAx,overnight,35,35,221.6128315457836,218.78622717994867,223.42175611449252,3648,407534.84030464466,219.8000030517578,221.6699981689453,0.0,219.55495130764717,220.52801509387885,17.5,100.0,0.8507711970991982,0.9372962103017413,-0.11148850805654531,-0.025789066465431443,2.118748055713393,0.4431982883720931
NVDA,2026-08-19,2026-08-20,NVDAx,overnight,35,35,218.26515843911255,217.0590758632811,219.4824473275037,3023,346604.58802114613,217.6499938964844,218.3600006103516,0.0,218.33829661389572,218.53706319526597,17.5,100.0,0.3262149018046223,-0.033497639176194305,0.3162429298016356,-0.043433857379526764,1.1164571002545864,0.09103605938711734
NVDA,2026-08-20,2026-08-21,NVDAx,overnight,35,35,217.84901578435205,215.6898927992825,218.43882625326677,5246,670624.7409373242,217.0500030517578,218.4199981689453,0.0,216.86947979441743,217.470956887708,17.5,100.0,0.6311887113223502,0.4516707426343247,-0.08317127611250363,-0.2614148838842256,1.2744841301128629,0.2773452003761667
NVDA,2026-08-21,2026-08-24,NVDAx,weekend,131,131,215.5476972146379,213.89637737744235,219.59248364055455,15035,1134469.8789022965,214.75,215.3800048828125,0.0,215.15618892976715,212.15411198186865,65.5,100.0,0.2933666509022048,0.18196468659266163,0.18914501968203545,0.07785882070001637,2.6630213811713377,-1.3953012287638455
NVDA,2026-08-24,2026-08-25,NVDAx,overnight,35,35,211.31884707810397,208.5360373390085,211.36950016760605,4914,412693.6959343995,208.4600067138672,211.0249938964844,0.0,208.5938792337776,212.74275860099132,17.5,100.0,1.2304456970194444,1.3063508163978277,0.06421976187220846,0.13925041588378484,1.358740131803371,1.988974644152397
NVDA,2026-08-25,2026-08-26,NVDAx,overnight,35,35,212.7343154333082,212.7343154333082,214.48203576227735,5190,442071.9771091737,212.97999572753903,212.4199981689453,0.0,212.90774655166297,212.5469490919997,17.5,100.0,-0.26293434586698305,-0.08145834107199379,-0.03392298681820227,0.14796971427939454,0.8215507335566752,-0.16946187515808342
NVDA,2026-08-26,2026-08-27,NVDAx,overnight,35,35,223.1915355746091,208.0170108685861,225.7189280680352,23566,3782335.1157636214,209.9499969482422,222.5850067138672,0.0,209.9997605071681,223.49460813514747,17.5,100.0,6.018104286393422,6.281804815196779,0.02370257663695252,0.2724931340598369,8.50984115459299,6.426125246708914
NVDA,2026-08-27,2026-08-28,NVDAx,overnight,35,35,227.96834720470972,225.50487525369485,227.96834720470972,6270,382967.02230151906,228.0500030517578,227.3300018310547,0.0,228.2018630392286,227.1585666290888,17.5,100.0,-0.31572076784393,-0.10232862756197614,0.06659065355782978,0.28080120024343014,1.0924251408061414,-0.45718137277453996
NVDA,2026-08-28,2026-08-31,NVDAx,weekend,131,131,218.70296554491668,217.2103223875234,220.2291097140561,15649,820205.1262190966,217.5399932861328,218.86199951171875,0.0,217.8380937892363,218.24793812784463,65.5,100.0,0.6077072108056525,0.3970250292940847,0.13703250542598244,-0.0726640381413235,1.3897992016911997,0.18814172098149395
NVDA,2026-08-31,2026-09-01,NVDAx,overnight,35,35,217.24197170637453,217.24197170637453,220.9890086886651,3608,208808.24351963404,220.8800048828125,216.6100006103516,0.0,220.55701910241729,216.62553832280364,17.5,100.0,-1.9331782769229644,-1.5030341856875573,-0.14622680788447528,0.2917552717982552,1.7248218439828378,-1.7825235377288307
NVDA,2026-09-01,2026-09-02,NVDAx,overnight,35,35,218.5924615439098,216.4953207140945,218.5924615439098,5367,517366.3004086361,217.5399932861328,218.78500366210935,0.0,217.49697260887973,219.9723497707196,17.5,100.0,0.5723133283078496,0.5036800843200906,-0.019775985373182703,-0.08800517173330746,0.9686772087720064,1.1381202837665638
NVDA,2026-09-02,2026-09-03,NVDAx,overnight,35,35,226.12473382474963,223.99374121830127,226.2804914060898,4561,310296.1865314073,224.3999938964844,226.0200042724609,0.0,224.41222176767195,227.27152379256967,17.5,100.0,0.7219297772012467,0.7631099784086492,0.005449140606117453,0.04633640841917863,1.0208991444809579,1.2741293688798727
NVDA,2026-09-03,2026-09-04,NVDAx,overnight,35,35,231.38291386221485,228.97292811895468,232.0358429314988,3111,277615.4909442103,228.3999938964844,231.1419982910156,0.0,229.22022742484475,232.55609289258555,17.5,100.0,1.2005273501775715,0.9434972042679624,0.3591215193867736,0.10422838470744988,1.3376755224761228,1.4553102512885996
NVDA,2026-09-04,2026-09-08,NVDAx,holiday,179,179,233.0285179400728,229.9621939413504,233.3212060653005,63274,3322191.0335532315,230.34500122070312,233.2100067138672,0.0,230.70417060287775,231.24104703090435,89.5,100.0,1.2437888723354495,1.0075012216385293,0.15592671005284497,-0.07782203531989662,1.4606801519761126,0.2327120600480015
NVDA,2026-09-08,2026-09-09,NVDAx,overnight,35,35,224.62060208000787,224.61401929479555,226.655249237391,8757,613073.2946296118,225.7700042724609,225.2700042724609,0.0,225.82669683448376,225.60974018141889,17.5,100.0,-0.22146431790672771,-0.5340797927713026,0.025110759157542795,-0.2882772584616222,0.9087722792211039,-0.09607218991645183
NVDA,2026-09-09,2026-09-10,NVDAx,overnight,35,35,221.1726035004136,221.1726035004136,224.10740997433575,29545,1875655.6415641527,223.6999969482422,220.4850006103516,0.25,224.03708333324943,219.91894467422443,17.5,100.0,-1.4371910512964603,-1.2785739709773813,0.15068680804910528,0.3118592594319569,1.3269303826396683,-1.8381504515925906
NVDA,2026-09-10,2026-09-11,NVDAx,overnight,35,35,221.65039861944825,218.5489748493764,221.65039861944825,57194,3326119.6412814627,218.3800048828125,221.25,0.0,218.96784901273492,220.74090382054152,17.5,100.0,1.3142206488765407,1.2250883491837783,0.2691840446829685,0.18097112743424848,1.4190978348030958,0.8097329428958799
NVDA,2026-09-11,2026-09-14,NVDAx,weekend,131,131,212.52697546228936,212.2202623868771,219.75904632296087,150953,7614126.031653902,218.1999969482422,211.0800018310547,0.0,219.1351149293919,210.88011018102145,65.5,100.0,-3.2630592194171193,-3.015554795602604,0.428560034018477,0.6855095786822973,3.552339371977875,-3.767084408644561
NVDA,2026-09-14,2026-09-15,NVDAx,overnight,35,35,213.2273134758097,211.46082851148685,213.2273134758097,27455,1798401.6670176436,210.88999938964844,213.08999633789065,0.0,212.0936621453734,213.6732600131688,17.5,100.0,1.0431964316038655,0.5345050478968494,0.5707538333769024,0.06444091242148176,0.8353721948208825,0.744764295084277
NVDA,2026-09-15,2026-09-16,NVDAx,overnight,35,35,214.4708122922833,212.1633008323433,215.08066681709448,6590,534245.4905495928,212.1699981689453,214.13999938964844,0.0,212.39470650628616,214.4882246908776,17.5,100.0,0.928501313901342,0.9774752959465616,0.10590957217331276,0.15448440439795874,1.3750568422087994,0.9856734280378365
NVDA,2026-09-16,2026-09-17,NVDAx,overnight,35,35,219.0176798569435,214.7602539128809,219.0176798569435,6594,587418.248427616,213.91000366210935,218.38800048828125,0.0,214.37976278042728,218.4909878030139,17.5,100.0,2.0934022483797943,2.1634117961341737,0.21960596057954973,0.28833057093538006,1.9824086936447882,1.9177299989819652
NVDA,2026-09-17,2026-09-18,NVDAx,overnight,35,35,219.55607775164245,219.4688285394174,222.1036333424408,14811,741928.3459751838,219.3999938964844,219.3600006103516,0.0,219.9351121655762,219.5477717113139,17.5,100.0,-0.01822848096872942,-0.17233920050400142,0.24390076753797452,0.08938600508081596,1.2005371425902522,-0.17611578726486332
NVDA,2026-09-18,2026-09-21,NVDAx,weekend,131,131,223.775346981134,220.28327759831743,225.60169681201512,111877,7018098.054559905,222.08999633789065,222.93499755859372,0.0,221.63288652667197,223.55362063102223,65.5,100.0,0.38047693936535953,0.9666708258136536,-0.20582188246031086,0.3769481829874577,2.414354494668336,0.866628655363888
NVDA,2026-09-21,2026-09-22,NVDAx,overnight,35,35,226.6525591869712,226.3745805641545,227.9125000048678,79730,3196177.9654878182,227.25,226.91000366210935,0.0,227.6744694092008,228.35332223314168,17.5,100.0,-0.14961335000688303,-0.44884708631643955,0.1867852185702068,-0.11345664403651368,0.679369316502143,0.2981681809569814
NVDA,2026-09-22,2026-09-23,NVDAx,overnight,35,35,228.10053700593767,227.90114325687944,229.49294579212307,152606,6778538.05693119,228.8300018310547,228.0800018310547,0.0,229.65608452734992,228.5859322408838,17.5,100.0,-0.3277542254069177,-0.677337822167301,0.36100279232840204,0.009003496456561066,0.6984618473148352,-0.46598037612135546
NVDA,2026-09-23,2026-09-24,NVDAx,overnight,35,35,223.08055645292885,222.98732948409065,225.8661446031253,44621,6160605.439830468,225.50999450683597,222.11599731445312,0.0,225.6979280842306,222.862029370622,17.5,100.0,-1.5050318278820085,-1.1596790690630243,0.08333713891732764,0.4342591934565432,1.2910218377407912,-1.2565018818206597
NVDA,2026-09-24,2026-09-25,NVDAx,overnight,35,35,225.774861525838,223.93318498194972,226.72214785381323,33743,3121796.5140887825,224.5399932861328,225.1499938964844,0.0,224.3816328618917,225.94677182776255,17.5,100.0,0.2716667981611076,0.6209192108000305,-0.07052660059507776,0.27753393128711057,1.2454442034075086,0.6975343506989251
NVDA,2026-09-25,2026-09-28,NVDAx,weekend,131,131,229.7583735782804,223.4060231258493,229.7583735782804,119508,16011592.80420848,225.0800018310547,229.6999969482422,0.0,225.03361221100903,232.37378989252556,65.5,100.0,2.052601332683146,2.0995802897396,-0.02061028064167525,0.0254142929098089,2.8434105596395254,3.2618139172177596
NVDA,2026-09-28,2026-09-29,NVDAx,overnight,35,35,230.8563735129563,228.61343788673568,231.19372474597708,46454,4221898.96624364,228.8800048828125,230.9949951171875,0.0,229.15853847131555,230.92664069483928,17.5,100.0,0.9240607258191424,0.7408997513105087,0.12169415526082084,-0.06001065268139705,1.1286680621634293,0.7715628818888876
NVDA,2026-09-29,2026-09-30,NVDAx,overnight,35,35,229.4172841812216,228.01416493168443,229.4172841812216,208369,22469506.25229509,227.3000030517578,229.0,0.0,228.16813237618487,230.7022636373017,17.5,100.0,0.7479088981160675,0.547469881980378,0.3819310658915276,0.18222016647231332,0.615364948909014,1.110642066762746
TSLA,2025-07-08,2025-07-09,TSLAx,overnight,35,35,299.3804599084549,296.03952404183934,300.44070778638456,1404,167924.7870609043,297.8349914550781,297.6050109863281,0.0,296.8897571940784,298.38231853153815,17.5,100.0,-0.07721741076373023,0.8389318438993154,-0.31736843826903893,0.5965789743400229,1.4866878869603806,0.5027325130937621
TSLA,2025-07-09,2025-07-10,TSLAx,overnight,35,35,299.5740519645664,296.52989475052254,299.5740519645664,3101,478803.55945132393,295.82000732421875,300.13018798828125,0.0,296.96019203082903,303.551120079655,17.5,100.0,1.4570281107925576,0.8802054968586548,0.38543191074991157,-0.18529826254483073,1.0265936986235458,2.2194651760400586
TSLA,2025-07-10,2025-07-11,TSLAx,overnight,35,35,308.44485536410366,307.3151523878089,311.10971119664424,3739,659709.6470050814,309.9349975585937,307.6199951171875,0.0,308.6690387581936,307.89106769813486,17.5,100.0,-0.7469316016719074,-0.07262905116491858,-0.40845945452183674,0.2681425980134877,1.2347451075392701,-0.252040523140451
TSLA,2025-07-11,2025-07-14,TSLAx,weekend,131,131,317.5524508770608,311.0399243750475,318.8263493478826,5945,1091636.7510411313,313.5,317.7300109863281,0.0,312.8949352830561,318.70197706210854,65.5,100.0,1.349285801061595,1.488523804257591,-0.19300309950364136,-0.055883959062019706,2.5033522588715496,1.8559078860765688
TSLA,2025-07-14,2025-07-15,TSLAx,overnight,35,35,320.64393101845326,314.6015177035348,320.64393101845326,1629,470723.44457204256,316.9100036621094,319.67498779296875,0.0,316.4048429148858,320.9012998375078,17.5,100.0,0.8724824394648723,1.3397671364681951,-0.15940195682877523,0.3031026081127264,1.920656123665787,1.4211087545937362
TSLA,2025-07-15,2025-07-16,TSLAx,overnight,35,35,313.03055734686296,310.6062743964845,313.2801226191022,1714,539465.1770255686,310.6600036621094,312.79998779296875,0.0,313.5811947630596,316.16992010533227,17.5,100.0,0.6888508677116212,-0.17559644053678491,0.9403177320912892,0.07371149708830238,0.8608481035397908,0.8255359012292462
TSLA,2025-07-16,2025-07-17,TSLAx,overnight,35,35,323.9755182010348,320.6454054715188,324.54635885482605,2151,400174.46035331447,321.6700134277344,323.1099853515625,0.0,323.26755459896435,323.01744318257795,17.5,100.0,0.44765500783976453,0.2190023687804743,0.49663975644060887,0.2678756116220038,1.216594193068432,-0.07736978636679881
TSLA,2025-07-17,2025-07-18,TSLAx,overnight,35,35,321.8368661324997,318.232365835792,321.8368661324997,2435,469561.1469345709,319.3699951171875,322.0,0.0,318.7565302271556,325.4600275957478,17.5,100.0,0.8234977997377158,0.9663600940658323,-0.19208595028057385,-0.050662691770275714,1.1326630109546043,2.103014913550183
TSLA,2025-07-18,2025-07-21,TSLAx,weekend,131,131,337.0493965110169,329.1060895354727,337.9164922882747,6211,884493.6820847726,329.54998779296875,334.3599853515625,0.0,328.4971537528455,332.8450055121994,65.5,100.0,1.4595653881849024,2.60344501024381,-0.31947627950896784,0.8043459975112244,2.6770707176028585,1.3235584265138378
TSLA,2025-07-21,2025-07-22,TSLAx,overnight,35,35,332.4105498200768,329.1576858941608,333.5143501799098,2466,355828.5936852805,328.5299987792969,329.739990234375,0.0,329.1830516686855,327.35567516438874,17.5,100.0,0.3683047087249314,0.9804569630880389,0.1987802915457193,0.8098986064152047,1.323579692181287,-0.55512472316952
TSLA,2025-07-22,2025-07-23,TSLAx,overnight,35,35,334.0248403257924,333.5388764400085,338.77660631426926,1898,225580.53949595793,332.0799865722656,330.8699951171875,0.0,334.74677348895847,332.2051530964546,17.5,100.0,-0.3643674728994295,-0.21566545829302397,0.8030555963999708,0.953499941113578,1.570350638032103,-0.7592665841147261
TSLA,2025-07-23,2025-07-24,TSLAx,overnight,35,35,313.66558064314006,313.66558064314006,334.0051276737676,3910,998658.3712865746,333.0,310.06500244140625,0.0,333.59304262854886,306.8975385681754,17.5,100.0,-6.887386654232353,-5.973584409431987,0.17809087944409274,1.1612333457124757,6.484468901217455,-8.002416312410487
TSLA,2025-07-24,2025-07-25,TSLAx,overnight,35,35,308.6692917499872,306.80332672484536,310.32746078044926,2382,433359.4224937033,305.07000732421875,308.739990234375,0.0,306.7061092294792,310.61610204373085,17.5,100.0,1.2029969587459055,0.6400858872488868,0.5363037551972871,-0.02289903693204476,1.1486622694820037,1.2748336914691905
TSLA,2025-07-25,2025-07-28,TSLAx,weekend,131,131,321.7395397750175,315.9333378811126,325.54305654792813,4934,1120811.873691642,316.1050109863281,318.2099914550781,0.0,315.54280897906966,319.2373097494552,65.5,100.0,0.665911768428451,1.963832044215219,-0.17785292473038172,1.1091884022245146,3.0416918743889187,1.1708397926541325
TSLA,2025-07-28,2025-07-29,TSLAx,overnight,35,35,325.4019550552912,324.97540008870266,327.2921334270732,1733,263955.84996207495,325.5400085449219,325.6524963378906,0.0,326.32235918475425,322.46897031594085,17.5,100.0,0.03455421454079399,-0.2820536514146599,0.24032395997324318,-0.07693516414487567,0.7128949876631374,-1.180853459885578
TSLA,2025-07-29,2025-07-30,TSLAx,overnight,35,35,321.22424943567324,320.8820967410915,322.93099976360526,1458,141750.58000030485,321.3999938964844,322.19500732421875,0.0,321.8199848582313,322.5518153728352,17.5,100.0,0.24735950305911913,-0.18511448964876331,0.13067547284464354,-0.3012951369443906,0.6385220750308562,0.2274036880979713
TSLA,2025-07-30,2025-07-31,TSLAx,overnight,35,35,320.5257073110156,317.41893810835205,320.5257073110156,1188,155982.76088536083,319.0400085449219,319.5849914550781,0.0,317.347824124364,319.04181715254293,17.5,100.0,0.17081961370355447,1.0013880496644534,-0.5303988137022597,0.2943554550713934,0.9787598752545312,0.5337969569676471
TSLA,2025-07-31,2025-08-01,TSLAx,overnight,35,35,305.1545120218059,302.6633222660374,309.23170153087864,2735,540733.1259887822,308.19000244140625,306.2049865722656,0.0,309.0137611439764,303.89335296952424,17.5,100.0,-0.6440883394710495,-1.2488923172493949,0.2672892358754453,-0.3430625223380668,2.1701933407932694,-1.6570162297938729
TSLA,2025-08-01,2025-08-04,TSLAx,weekend,131,131,311.16637600901294,297.7476559256584,311.16637600901294,6123,1635391.6472056727,302.6099853515625,309.05499267578125,0.0,302.39410591805927,308.8036997518261,65.5,100.0,2.129806561647718,2.9009395088311463,-0.07133916392495498,0.6831739927420255,4.50674247682572,2.119615993938617
TSLA,2025-08-04,2025-08-05,TSLAx,overnight,35,35,309.0329169775024,308.38491244149503,312.4611960614832,1507,188587.67924323416,309.2998962402344,308.95001220703125,0.0,308.4147195927532,308.9093375634632,17.5,100.0,-0.11312129019641626,0.20044354094561623,-0.286187178929298,0.026834363876182543,1.321816812539911,0.16037430747894987
TSLA,2025-08-05,2025-08-06,TSLAx,overnight,35,35,309.2285533905976,304.761187552362,311.66257432819697,1729,413486.3291457544,308.67999267578125,307.8900146484375,0.0,308.4934916758325,313.3501382481303,17.5,100.0,-0.25592135742127375,0.23827462640200192,-0.0604188818109197,0.43474574636286345,2.264522865021723,1.5743108698711872
TSLA,2025-08-06,2025-08-07,TSLAx,overnight,35,35,320.59882163711706,318.5567872008821,322.40867610620575,961,126459.37453777093,319.9599914550781,319.6099853515625,0.0,319.22868512872026,319.97072906397545,17.5,100.0,-0.10939058409268343,0.4292021902243315,-0.2285618033155079,0.30938842053600535,1.2091686820330239,0.2324490153370773
TSLA,2025-08-07,2025-08-08,TSLAx,overnight,35,35,321.178348991444,320.2369945118199,323.16096169128554,1426,192646.35671743675,322.2900085449219,321.42999267578125,0.0,320.2760054770667,327.203482013563,17.5,100.0,-0.26684534001640836,0.281739343237164,-0.6249039729614991,-0.07828880007195727,0.9130635215718996,2.162970818303278
TSLA,2025-08-08,2025-08-11,TSLAx,weekend,131,131,336.6829456575176,328.23189131208085,336.6829456575176,5487,1047003.3126959067,329.67999267578125,335.0,0.0,328.40163702118144,338.72688634038536,65.5,100.0,1.6136882560084942,2.521701387195585,-0.3877565163188379,0.5023718380649633,2.574720668261188,3.144091915272007
TSLA,2025-08-11,2025-08-12,TSLAx,overnight,35,35,346.0542989169569,338.1553598309666,346.0542989169569,1305,317041.1502053106,339.1849975585937,345.04998779296875,0.0,340.24334507702747,340.3237350814965,17.5,100.0,1.729141995250516,1.70788170408267,0.3120266303202168,0.2910625009471701,2.3358905474509584,0.02362720847657318
TSLA,2025-08-12,2025-08-13,TSLAx,overnight,35,35,342.5639123509907,339.4074897403236,343.5877815308303,1620,354172.36089922406,340.7550048828125,341.69000244140625,0.0,341.1405692239568,345.381356213723,17.5,100.0,0.2743899708576025,0.41723068302073063,0.11315001558873661,0.255761041686986,1.2316439433039506,1.24312010131582
TSLA,2025-08-13,2025-08-14,TSLAx,overnight,35,35,336.1447964851002,336.1447964851002,342.0395156029183,2733,715226.8500578701,339.3399963378906,335.760009765625,0.0,340.30314892689813,336.6999185515877,17.5,100.0,-1.0549851508517505,-1.2219553227499569,0.2838311426303086,0.1146017120215781,1.7536249793113745,-1.0588295720074137
TSLA,2025-08-14,2025-08-15,TSLAx,overnight,35,35,337.90501064827026,334.98103181963745,337.90501064827026,1445,175800.06020816893,335.57000732421875,337.6549987792969,0.0,335.2831912851292,335.50206160800457,17.5,100.0,0.6213283099117062,0.7819716082669403,-0.08547129744299609,0.07404358587232984,0.872878924740772,0.0652792411204528
TSLA,2025-08-15,2025-08-18,TSLAx,weekend,131,131,329.6472779143394,328.01039342137625,332.8107469144241,9021,1763780.1550005653,330.6000061035156,329.5899963378906,0.0,329.9777324456816,331.708280914408,65.5,100.0,-0.3055080904350471,-0.10014449426420935,-0.1882255433592328,0.01737964655639246,1.4634760328710472,0.5244440150249385
TSLA,2025-08-18,2025-08-19,TSLAx,overnight,35,35,335.09931322939565,334.25050728278427,336.32065368227023,1833,274459.72851405,335.1499938964844,335.7900085449219,0.0,335.19356433872565,336.66849969008945,17.5,100.0,0.1909636461563391,-0.028118412570343754,0.01300028137691811,-0.205692634667487,0.6193397928741406,0.44002496118134005
TSLA,2025-08-19,2025-08-20,TSLAx,overnight,35,35,328.13121757675583,327.2422388741153,329.9088589864189,1875,261796.64955086407,329.32000732421875,329.2300109863281,0.0,329.80645493891365,326.2484105297301,17.5,100.0,-0.027327929032272547,-0.5079455956882639,0.14771274258353895,-0.33374643043033725,0.814876502947226,-1.0788280083367519
TSLA,2025-08-20,2025-08-21,TSLAx,overnight,35,35,320.94706178672857,320.94706178672857,325.4045320785144,1582,426904.7481245554,323.9150085449219,322.0,0.0,323.8869254008937,322.590857321542,17.5,100.0,-0.5912071050749979,-0.907682090138795,-0.008669911330860813,-0.3269994451153502,1.3888490727943958,-0.400160666487992
TSLA,2025-08-21,2025-08-22,TSLAx,overnight,35,35,321.27261481540154,319.233755009704,321.89173580476523,1327,157812.46759723988,320.0400085449219,321.6600036621094,0.0,321.0495832451823,324.11206619946734,17.5,100.0,0.5061851874560652,0.06946950934021423,0.31545265382615373,-0.12043426049164196,0.8326127025572339,0.953897190374553
TSLA,2025-08-22,2025-08-25,TSLAx,weekend,131,131,339.56694167946654,337.32739530755936,346.4849653156718,8382,2379094.782900789,340.010009765625,338.8900146484375,0.0,338.95084914469686,338.7596150635692,65.5,100.0,-0.3294006308695252,0.18176456448606437,-0.31150865871808486,0.1997482964292363,2.714742453622243,-0.05641941349615598
TSLA,2025-08-25,2025-08-26,TSLAx,overnight,35,35,345.12645360643705,344.15420484596166,346.8131861970928,2086,339885.5027800109,346.5950012207031,344.82000732421875,0.0,347.9664635140604,346.96911055936334,17.5,100.0,-0.512123339988424,-0.816173455034297,0.3956959242132907,0.08887137512592069,0.7726133557837134,-0.2866232982986272
TSLA,2025-08-26,2025-08-27,TSLAx,overnight,35,35,353.06645710181044,350.8185576934948,354.64627674103065,1583,159102.36932836965,351.7699890136719,351.94000244140625,0.0,350.47970568186423,352.46067468470227,17.5,100.0,0.048330850568323314,0.7380602579865947,-0.3667974449513056,0.32007008370460444,1.0910822599299541,0.56521646495451
TSLA,2025-08-27,2025-08-28,TSLAx,overnight,35,35,351.0470647205753,349.0615185195037,352.8783269892452,2852,471554.2026119369,349.5,350.9849853515625,0.0,350.6606428974961,351.49798977063,17.5,100.0,0.424888512607291,0.11019823037059506,0.3320866659502375,0.01768718651899981,1.0934486522404363,0.23879123308934158
TSLA,2025-08-28,2025-08-29,TSLAx,overnight,35,35,348.85267529429444,346.37402155536233,351.145334939702,2738,387712.9461029804,345.79998779296875,347.2300109863281,0.0,346.7438999877811,345.9961145313364,17.5,100.0,0.4135405563448158,0.6081650770461078,0.27296478546363634,0.4673168380109338,1.3775032443006374,-0.21565929680985585
TSLA,2025-08-29,2025-09-02,TSLAx,holiday,179,179,331.23415390526327,330.97329884837814,343.564249104643,8236,1563666.1386057814,333.9700012207031,328.2300109863281,0.0,334.41609701670217,329.92241721342134,89.5,100.0,-1.7187143196678134,-0.9514922098023182,0.13357361271026935,0.9152554057771045,3.8042193433956983,-1.343739085339657
TSLA,2025-09-02,2025-09-03,TSLAx,overnight,35,35,335.4372355312577,329.2228822236514,335.4372355312577,1660,257380.52590589714,329.3699951171875,335.1000061035156,0.0,328.4789602975341,331.5680153138933,17.5,100.0,1.7396882142495684,2.118332092691988,-0.2705270160800022,0.10063545854963607,1.8875824382658557,0.9404118344630508
TSLA,2025-09-03,2025-09-04,TSLAx,overnight,35,35,338.0677113831037,333.94481707061044,339.29859936830724,1172,190773.02808138964,334.0400085449219,336.1700134277344,0.0,335.6132208285645,335.66459754507287,17.5,100.0,0.6376496312794355,0.731345013310114,0.4709652267390174,0.564505422723327,1.603193708667372,0.015308311270190167
TSLA,2025-09-04,2025-09-05,TSLAx,overnight,35,35,347.70159823686083,338.1439540690895,347.70159823686083,1890,263163.6376196046,338.56451416015625,347.9800109863281,0.0,338.17616907133,351.98764708299865,17.5,100.0,2.7810052242267513,2.816706213122222,-0.1147034235970068,-0.08000825928999866,2.826501569156714,4.0841074193952
TSLA,2025-09-05,2025-09-08,TSLAx,weekend,131,131,359.5372574418716,349.9737088902205,360.73765566531387,3764,1089992.4274803204,350.79998779296875,354.68798828125,0.0,350.33764025069434,354.4051127390192,65.5,100.0,1.1083240090007829,2.6259288566864214,-0.13179804970440134,1.3671929472774735,3.075644398896782,1.1610149812661508
TSLA,2025-09-08,2025-09-09,TSLAx,overnight,35,35,348.4298323403849,345.8044618633465,349.7598222907669,2018,519740.37616490974,346.3999938964844,348.45001220703125,0.0,347.2434513379714,349.1385532777276,17.5,100.0,0.5918066820634671,0.34165683984599404,0.24349233728309105,-0.005791323271453486,1.1438141677256652,0.5457559912085186
TSLA,2025-09-09,2025-09-10,TSLAx,overnight,35,35,351.68193816917164,347.55008263308093,351.68193816917164,1579,173317.96751089185,347.0400085449219,350.70001220703125,0.0,347.56033943290254,349.0828173693426,17.5,100.0,1.0546345009196934,1.1858656666621226,0.14993397739999637,0.2799902845628477,1.1888518353347255,0.4380470852699103
TSLA,2025-09-10,2025-09-11,TSLAx,overnight,35,35,350.60348935725733,349.51776979749815,352.3264738218647,1519,188045.12311131964,347.7900085449219,350.2200012207031,0.0,349.2102761377524,350.5453998753191,17.5,100.0,0.6986953667668105,0.39896111732844464,0.4083692912204562,0.10949921055838363,0.8035940564606658,0.3823265891064631
TSLA,2025-09-11,2025-09-12,TSLAx,overnight,35,35,373.0583314867864,368.043452432663,375.7741751361622,1867,785681.609155336,368.7950134277344,371.75,0.0,368.1563548769437,378.9743931382819,17.5,100.0,0.8012544813989608,1.3314931400494778,-0.1731743997443802,0.3519385304065592,2.1004918447540266,2.938435835218489
TSLA,2025-09-12,2025-09-15,TSLAx,weekend,131,129,426.97229929929,395.03373280820426,426.97229929929,7877,2048036.223354823,396.0,423.2000122070313,0.0,394.6160835361338,417.2342098553442,65.5,98.47328244274809,6.8686899512705235,8.199416372798062,-0.3494738545116727,0.8913721605502412,8.085022578715439,5.731678779164451
TSLA,2025-09-15,2025-09-16,TSLAx,overnight,35,35,418.531066724717,409.895088347917,423.12935472657614,2127,843042.5875182262,410.2449951171875,414.0,0.0,408.66089166052376,415.32635562866886,17.5,100.0,0.9153079080806092,2.4152482573234435,-0.38613596156394925,1.0944605615258451,3.2286960138995235,1.6310501210578643
TSLA,2025-09-16,2025-09-17,TSLAx,overnight,35,35,416.8920645065855,416.8920645065855,425.9331880074749,1406,298134.464185545,421.5499877929688,415.6050109863281,0.0,422.277202334073,414.76315931354304,17.5,100.0,-1.4102661555669083,-1.2752613206969299,0.17250968145239298,0.30968190619331537,2.168696473412135,-1.7794100602630758
TSLA,2025-09-17,2025-09-18,TSLAx,overnight,35,35,429.2820835729612,426.740157468618,435.02851971445006,2373,339321.96934183675,425.5899963378906,428.864990234375,0.0,425.8539427539912,427.0805382687031,17.5,100.0,0.7695185330165222,0.8050038933067771,0.06201894273167863,0.09725516143397339,1.9422503602655627,0.2880319733050918
TSLA,2025-09-18,2025-09-19,TSLAx,overnight,35,35,421.423258597609,416.7427748459848,422.0513567965234,2174,266511.4735053178,416.7099914550781,421.9700012207031,0.0,418.2713562977208,425.2637034554961,17.5,100.0,1.2622710934427017,0.7535544216527024,0.3746886023036522,-0.1295690739892552,1.2738269913618705,1.6717250781089321
TSLA,2025-09-19,2025-09-22,TSLAx,weekend,131,131,431.2264516710266,423.38186937783104,434.4420965455343,6719,1995154.0314870547,425.8699951171875,431.1600036621094,0.0,425.7450283369891,434.65292575416856,65.5,100.0,1.2421651221204755,1.2874896873014796,-0.029343879970700204,0.01541145012358136,2.612352575219279,2.0923080304600994
TSLA,2025-09-22,2025-09-23,TSLAx,overnight,35,35,442.29886785927147,432.35173452011753,442.29886785927147,2703,445152.9128177083,434.0,437.5400085449219,0.0,435.0250328384234,436.9180492554869,17.5,100.0,0.815670171640992,1.6720497607662255,0.2361826816643653,1.0876398092543704,2.3007039280632524,0.4351511462942881
TSLA,2025-09-23,2025-09-24,TSLAx,overnight,35,35,430.30971852751776,424.73106538858553,431.3081113174175,2773,351105.34296441457,425.8299865722656,429.25,0.0,427.4113354335856,434.6483806498061,17.5,100.0,0.8031405808839098,0.6781249942732437,0.3713568586489302,0.2468767682044959,1.548520102435802,1.6932272535258974
TSLA,2025-09-24,2025-09-25,TSLAx,overnight,35,35,433.5928984658768,433.5928984658768,449.9440502273338,3789,612882.9718080875,442.7699890136719,432.0,0.0,444.2899006512313,427.6589477932316,17.5,100.0,-2.432411699280579,-2.407662692686696,0.3432734095066392,0.3687264967307424,3.7710838483079545,-3.7432660147399988
TSLA,2025-09-25,2025-09-26,TSLAx,overnight,35,35,428.4308090495816,418.7543698580329,429.0450703445482,5084,550911.527752877,423.2300109863281,428.0,0.0,425.30962793754514,430.1549685075956,17.5,100.0,1.1270441343598225,0.7338609114428074,0.49136802618758857,0.10065631999571778,2.4574550684698826,1.1392501490142593
TSLA,2025-09-26,2025-09-29,TSLAx,weekend,131,131,446.9590648380265,436.7835990662829,447.6256840592552,7350,1008409.9584623522,440.4198913574219,446.0,0.0,439.1182490914056,446.9396613525397,65.5,100.0,1.2669974158931785,1.7855818479064922,-0.2955457488544644,0.21503695919877774,2.4822555187854034,1.781163109781403
TSLA,2025-09-29,2025-09-30,TSLAx,overnight,35,35,441.4412276629208,438.538680818228,443.3963614056025,2138,275541.2597765072,443.2099914550781,442.0,0.0,441.7271173746465,439.4496518597058,17.5,100.0,-0.27300635780020954,-0.06472088773378237,-0.3345759592565223,-0.12641908078714348,1.1076971769767185,-0.5155820019555502
TSLA,2025-09-30,2025-10-01,TSLAx,overnight,35,35,443.8053410175442,441.2032443335896,445.81231369900695,4112,1741791.9068485466,444.5400085449219,444.0,0.0,443.7658443185708,446.14072429328326,17.5,100.0,-0.12147580297428018,0.008900346765994271,-0.1741495054371045,-0.04384211316571518,1.044658992111236,0.5351651113120637
TSLA,2025-10-01,2025-10-02,TSLAx,overnight,35,35,474.0793376838872,459.7536825710191,474.0793376838872,3191,767722.5658960057,459.4700012207031,470.5400085449219,0.0,461.42309281106094,461.8439625539362,17.5,100.0,2.4092992567106286,2.742872012695008,0.4250748874069954,0.7521845272860483,3.1159413520641444,0.09121124396076485
TSLA,2025-10-02,2025-10-03,TSLAx,overnight,35,35,442.89013630574686,438.7735360387556,446.657425049122,3329,937359.2256201603,435.9700012207031,443.2850036621094,0.0,441.7431315451211,442.42780773219897,17.5,100.0,1.67786829848946,0.2596542376592792,1.3242035709460254,-0.08907753546824049,1.796801393616887,0.15499418965112532
TSLA,2025-10-03,2025-10-06,TSLAx,weekend,131,131,437.5154113902964,428.5207052906245,441.1512206767768,9387,1818377.0457594937,429.8399963378906,440.9100036621094,0.0,429.2404958171297,440.1507882439812,65.5,100.0,2.5753786103042797,1.927804029164104,-0.1394706229919218,-0.7699059317362256,2.9474691024757416,2.541766802799428
TSLA,2025-10-06,2025-10-07,TSLAx,overnight,35,35,449.1262971947268,448.45841781745816,457.81812960253393,2768,646344.5454478539,453.3599853515625,447.8599853515625,0.0,451.894539716959,447.7139595929773,17.5,100.0,-1.2131639707317676,-0.6125859639654063,-0.32324106272129116,0.28274726132773154,2.087085761624752,-0.9251229560330976
TSLA,2025-10-07,2025-10-08,TSLAx,overnight,35,35,437.81033524169794,433.3096928671156,438.9140727832644,2245,256818.780974523,432.8699951171875,437.7579956054688,0.0,436.09899887046777,431.1948494027847,17.5,100.0,1.129207508817509,0.3924192386734804,0.7459523158693582,0.01195629474608495,1.2933890029243944,-1.1245495817200246
TSLA,2025-10-08,2025-10-09,TSLAx,overnight,35,35,433.4244567970473,432.4729077645294,439.5605426077733,2824,256039.58209750018,438.6000061035156,431.739990234375,0.0,438.8495003461531,431.3034510052634,17.5,100.0,-1.5640710838297545,-1.2361968157253544,0.05688423145588928,0.39015764135210684,1.6388621613039778,-1.7195073333654332
TSLA,2025-10-09,2025-10-10,TSLAx,overnight,35,35,436.6203860140649,432.6025490217695,438.00664153794287,2515,328301.955875758,435.5299987792969,437.6549987792969,0.0,434.3311192355095,439.2389270681,17.5,100.0,0.4879112818763298,0.52707869115729,-0.27526910824686723,-0.23639916557967044,1.2492049638619607,1.1299691906094589
TSLA,2025-10-10,2025-10-13,TSLAx,weekend,131,131,425.0368284354761,404.7693625226977,426.6498305955261,13763,3162635.055311322,413.2999877929688,423.7000122070313,0.0,414.1359347485565,424.4694232498471,65.5,100.0,2.51633794368078,2.6322018381568446,0.20226154857920786,0.3155100755086959,5.4056631007000755,2.495192431819415
TSLA,2025-10-13,2025-10-14,TSLAx,overnight,35,35,427.7198951812466,424.5323679210584,438.10830159503007,3669,447459.41068120784,435.8999938964844,426.7900085449219,0.0,432.8873479247856,422.422058106152,17.5,100.0,-2.0899255515304915,-1.1937176654183146,-0.6911323729942964,0.21787919532021416,3.1978559704300746,-2.417555021832596
TSLA,2025-10-14,2025-10-15,TSLAx,overnight,35,35,436.1854312965136,427.4049252663985,436.1854312965136,2623,276125.683144051,429.2300109863281,434.7999877929688,0.0,430.3407230953049,434.1591964626065,17.5,100.0,1.2976671397793016,1.3581582888948063,0.2587685111822502,0.3186392691907125,2.054376426439708,0.8873139729460133
TSLA,2025-10-15,2025-10-16,TSLAx,overnight,35,35,436.4033427342945,432.4364396609564,437.16406631918346,3144,346298.90224822005,435.1900024414063,434.75,0.0,434.0377358436777,434.85284323027406,17.5,100.0,-0.10110582479788688,0.545023322918814,-0.264773223480419,0.38029735118907393,1.09325353384504,0.18779643318616035
TSLA,2025-10-16,2025-10-17,TSLAx,overnight,35,35,427.0658850181798,415.7733414848363,429.6174679957078,3843,840079.9942974786,428.5849914550781,425.5,0.0,427.4927132808848,430.3695319401896,17.5,100.0,-0.7198085599321447,-0.0998445703154105,-0.2548568419264874,0.3680105800657696,3.329729236951673,0.6729515076937753
TSLA,2025-10-17,2025-10-20,TSLAx,weekend,131,131,446.668696684243,440.2983287803316,447.995424919561,8550,1068022.2993065056,439.2699890136719,443.7875061035156,0.0,441.1572520452585,446.1063270499167,65.5,100.0,1.0284146886490708,1.2493152075439884,0.4296362325649117,0.6492275111628087,1.7481547478390702,1.1218392039830993
TSLA,2025-10-20,2025-10-21,TSLAx,overnight,35,35,448.6162607101512,437.37184536475553,450.359930327054,2435,706142.1587995883,447.3500061035156,445.7550048828125,0.0,447.0704557982021,445.51265134652095,17.5,100.0,-0.3565443610017649,0.3457631547558293,-0.06249028758230635,0.6418897816056868,2.969574996640856,-0.348447192490009
TSLA,2025-10-21,2025-10-22,TSLAx,overnight,35,35,446.2687899505336,441.7251848790012,450.9323365572329,2960,613161.3442428187,442.510009765625,443.4500122070313,0.0,445.1519513078277,440.3572339143363,17.5,100.0,0.2124251250054554,0.25088930631993467,0.5970354305887771,0.6356472355189213,2.084361950236935,-1.0770967934443099
TSLA,2025-10-22,2025-10-23,TSLAx,overnight,35,35,423.2597906005606,422.2145320091745,437.8631830925402,4091,1529657.7693851348,438.8399963378906,420.1000061035156,0.0,438.1633744770134,420.6916430278738,17.5,100.0,-4.27034691248741,-3.401376003697598,-0.1541841825092538,0.7521505477594337,3.7063269729014747,-3.987492443884355
TSLA,2025-10-23,2025-10-24,TSLAx,overnight,35,35,447.09616133390966,445.6485115967672,448.5562213686832,2153,237278.02209452874,448.9949951171875,446.9800109863281,0.0,447.52165412321307,445.1320193343428,17.5,100.0,-0.44877652374131216,-0.09507758683476863,-0.32814196371829807,0.025985579830578587,0.6524670668140775,-0.533970762499103
TSLA,2025-10-24,2025-10-27,TSLAx,weekend,131,131,440.5277193115063,430.510678726205,440.8396783233307,5429,1041835.4288887847,433.5899963378906,439.8900146484375,0.0,432.8036847010424,443.5471378339405,65.5,100.0,1.452989774615876,1.7846508436727415,-0.18134911863497694,0.14496911542274393,2.399243528101813,2.482292437117084
TSLA,2025-10-27,2025-10-28,TSLAx,overnight,35,35,456.2872493874041,450.1869003796402,456.4104710053774,2860,445980.6146897055,452.3500061035156,454.6000061035156,0.0,451.03207783736144,456.30022177179086,17.5,100.0,0.4974024471406935,1.1651436357343892,-0.29135144210711283,0.3711489795942269,1.3824415193975925,1.1680197913393364
TSLA,2025-10-28,2025-10-29,TSLAx,overnight,35,35,465.24041680553984,458.9324935760429,466.8014747027829,1849,371066.99559016677,460.5400085449219,462.4249877929688,0.0,460.8540094442632,461.9770658691231,17.5,100.0,0.409297609995396,0.9517997611794948,0.06818102521286562,0.6088401550288891,1.7146271481943254,0.24369027975132962
TSLA,2025-10-29,2025-10-30,TSLAx,overnight,35,35,453.6023096289391,453.6023096289391,461.391157425902,3630,464461.0614868943,461.4700012207031,451.0499877929688,0.0,462.0167682320856,452.6019571261564,17.5,100.0,-2.2580045073722688,-1.8212452840931648,0.1184837605773259,0.565862300198483,1.717109377889714,-2.0377639413294735
TSLA,2025-10-30,2025-10-31,TSLAx,overnight,35,35,446.63960621437457,437.8492761295108,446.63960621437457,3515,797708.7504245469,440.0299987792969,446.7300109863281,0.0,441.17623039949854,448.4815929043375,17.5,100.0,1.522626235851643,1.2383658589060431,0.26048942648944085,-0.020237004394207947,2.0076155344067814,1.6558830692722903
TSLA,2025-10-31,2025-11-03,TSLAx,weekend,133,133,456.7714787178648,455.4423303473032,471.06842982238,8933,1792117.6241551463,456.5382080078125,455.989990234375,0.0,455.2332155127784,465.702670710175,66.5,100.0,-0.12008146609014947,0.3379066273434539,-0.2858451871375012,0.17138281546227319,3.430972141557609,2.2998003749800544
TSLA,2025-11-03,2025-11-04,TSLAx,overnight,35,35,453.3862766093456,453.3862766093456,469.7696247946846,4645,1452869.8628890538,468.4299926757813,454.3699951171875,0.0,472.1178466354121,453.1606638064373,17.5,100.0,-3.0015152271270717,-3.967562370191813,0.7872796399233328,-0.21650164368538505,3.6135518498402908,-4.0153497615213585
TSLA,2025-11-04,2025-11-05,TSLAx,overnight,35,35,451.49661366803457,434.8023508000813,452.11634781376745,4845,1431081.5014619303,444.1900024414063,451.9200134277344,0.0,447.2638849904419,448.88842025553504,17.5,100.0,1.7402487547764522,0.946360486423603,0.6920197510390969,-0.0936890925649414,3.982038501361962,0.3632162845269349
TSLA,2025-11-05,2025-11-06,TSLAx,overnight,35,35,463.9018386217802,459.1744667469794,470.2654217499543,3686,1110961.2753676358,462.25,461.9599914550781,0.0,461.4976292855376,463.4919639783799,17.5,100.0,-0.06273846293605168,0.5209581119549167,-0.1627627289264244,0.42034964122881213,2.4154119634631988,0.4321440818514821
TSLA,2025-11-06,2025-11-07,TSLAx,overnight,35,35,441.9558459070262,441.7692434898899,454.9158172665877,7189,1714677.2252095556,446.1099853515625,437.8900146484375,0.0,446.1337856093143,431.9993566302173,17.5,100.0,-1.8425883690200595,-0.9364768679381852,0.005335065013856166,0.9285051320142346,2.975891592823987,-3.1682041206076095
TSLA,2025-11-07,2025-11-10,TSLAx,weekend,131,131,439.07402486379,429.3544559907952,442.5784547865357,11590,2065313.9125709683,429.3800048828125,439.6300048828125,0.0,431.458186743158,438.2981455032873,65.5,100.0,2.3871628588754357,1.765139323956233,0.4839959561956597,-0.126465439766954,3.0799724123566685,1.5853120812842514
TSLA,2025-11-10,2025-11-11,TSLAx,overnight,35,35,441.445815800556,441.445815800556,446.402374215062,3885,745170.8537885784,445.260009765625,439.3999938964844,0.0,444.90526688891646,440.1131147651665,17.5,100.0,-1.316088519205938,-0.7775702707570442,-0.07967094931684571,0.46559443160882896,1.1228010861349835,-1.0771174181101517
TSLA,2025-11-11,2025-11-12,TSLAx,overnight,35,35,443.1444388781654,438.3752394899684,446.34858706341305,2871,858331.7572825225,439.3999938964844,442.1099853515625,0.0,438.6021902108741,439.33818565789056,17.5,100.0,0.6167481776789829,1.0356192396365982,-0.18156661281115705,0.23398103659213465,1.8188407681787089,0.1678047815179884
TSLA,2025-11-12,2025-11-13,TSLAx,overnight,35,35,424.7268930994589,424.7268930994589,436.4387995668152,3433,727945.4061106729,430.6199951171875,423.1749877929688,0.0,431.8654592019441,420.13741042637264,17.5,100.0,-1.7289042331145477,-1.6529606502165617,0.2892257904600237,0.36672897767042745,2.7575146894721625,-2.7156718662437185
TSLA,2025-11-13,2025-11-14,TSLAx,overnight,35,35,385.7952989701522,383.9054370163125,404.44229529594986,5266,1212596.4669521695,401.9400024414063,386.239990234375,0.0,402.0804820497835,389.9962064464272,17.5,100.0,-3.9060586434961797,-4.0502296944657346,0.0349503924774508,-0.11513340810539452,5.349457522469203,-3.0054370064797276
TSLA,2025-11-14,2025-11-17,TSLAx,weekend,131,131,398.3675689216044,396.9411936115063,411.3126454327109,12850,2441506.7419342184,404.3299865722656,398.8900146484375,0.0,405.9925177821307,408.2868697584741,65.5,100.0,-1.3454287597973735,-1.878100833527696,0.41118177357046815,-0.13097488220996656,3.6205493540361067,0.5651217389120999
TSLA,2025-11-17,2025-11-18,TSLAx,overnight,35,35,408.8220889646422,404.0959247059536,413.3134475485625,4856,965645.537931322,408.9400024414063,405.3800048828125,0.0,408.1219751816084,402.70213373939606,17.5,100.0,-0.8705427537879173,0.17154523049691672,-0.2000360089289943,0.8491006069292206,2.2810234597926637,-1.3279954944353523
TSLA,2025-11-18,2025-11-19,TSLAx,overnight,35,35,405.0244300260261,400.4253796754255,406.1059118325216,3353,598479.5860799729,401.239013671875,406.2099914550781,0.0,402.7257463582294,404.5683536798317,17.5,100.0,1.2389068893655208,0.5707814036185255,0.3705354254434967,-0.2918592486623073,1.4186244043023821,0.4575340261368188
TSLA,2025-11-19,2025-11-20,TSLAx,overnight,35,35,413.3601266043652,405.85332260610846,413.75993270807726,3844,1223230.3637453916,404.0700073242188,414.6300048828125,0.0,402.4467032011565,419.7378190892232,17.5,100.0,2.6134079162476676,2.711768618403565,-0.40173833584233876,-0.30626782034411937,1.9481447265721652,4.296498331463283
TSLA,2025-11-20,2025-11-21,TSLAx,overnight,35,35,401.3911805229626,393.2582642532317,401.3911805229626,7175,1264392.8002230164,395.0299987792969,402.2950134277344,0.0,398.0598636148166,399.8723676446123,17.5,100.0,1.8391045416519036,0.8368884212273997,0.7669961382382295,-0.2246691792350819,2.0680852785572634,0.45533453519683853
TSLA,2025-11-21,2025-11-24,TSLAx,weekend,131,131,400.8579491421696,392.4568063259432,400.8579491421696,12143,1269887.6369734989,391.0499877929688,402.1600036621094,0.0,396.8985529155861,406.82452046636223,65.5,100.0,2.8410730637901116,0.997583941160296,1.4956054993444212,-0.32376529443085555,2.1406541257050105,2.5008827766845654
TSLA,2025-11-24,2025-11-25,TSLAx,overnight,35,35,415.4556207772789,414.0139858774921,420.2603014240248,2608,283552.64329213876,417.5899963378906,414.4100036621094,0.0,419.28882637252497,412.03784196882026,17.5,100.0,-0.7615107410782307,-0.9142160139131383,0.4068177038560439,0.252314641521556,1.5087209030617332,-1.7293531207202784
TSLA,2025-11-25,2025-11-26,TSLAx,overnight,35,35,425.75265395977954,417.388216019494,425.75265395977954,3030,384690.5953800578,419.30999755859375,423.9825134277344,0.0,418.60284626085246,421.3391231340464,17.5,100.0,1.1143344771997077,1.7080169814401192,-0.16864641956038096,0.41750319317046536,2.0039947509909783,0.653668960360787
TSLA,2025-11-26,2025-11-28,TSLAx,holiday,83,83,429.58901666083455,425.2719089094752,431.1915098780222,6105,1605261.7733479554,426.4750061035156,429.8599853515625,0.0,425.96329325879,430.48706987878455,41.5,100.0,0.7937110497925115,0.8511821228318395,-0.1199865964950475,-0.06303650024701568,1.3919567327469684,1.062010903659294
TSLA,2025-11-28,2025-12-01,TSLAx,weekend,137,137,425.6640317553674,423.8189063341665,441.399216589908,10454,2711751.3677081964,429.6900024414063,425.3500061035156,0.0,431.0433673911581,427.9432020488892,68.5,100.0,-1.0100296290888156,-1.2479801437030646,0.3149630994582653,0.07382758842027215,4.1480712618044535,-0.7192235345209741
TSLA,2025-12-01,2025-12-02,TSLAx,overnight,35,35,431.9441273385983,429.10122092797593,432.8801504444767,2805,271308.07286491693,430.2998962402344,431.3204956054688,0.0,429.4177765221896,430.6219172012705,17.5,100.0,0.23718327012205442,0.5883200357631457,-0.2050011458873957,0.14458662166147995,0.8806615623997649,0.28041239671843243
TSLA,2025-12-02,2025-12-03,TSLAx,overnight,35,35,432.4850681421266,427.80083586087216,434.3888112220689,2914,585961.0584389041,429.010009765625,431.8450012207031,0.0,429.3729502425863,435.63384915565456,17.5,100.0,0.6608217502027447,0.7248052998639176,0.08459953583823676,0.1482168184450794,1.5399631812171855,1.458149356993954
TSLA,2025-12-03,2025-12-04,TSLAx,overnight,35,35,449.5823436697271,445.9879782311409,451.1284513615324,3057,598547.5694465139,446.8800048828125,450.0,0.0,447.5136561347604,451.1464212622159,17.5,100.0,0.698172906171024,0.46226243749392104,0.14179449629081464,-0.09281251783842537,1.1526035187718442,0.8117663176655077
TSLA,2025-12-04,2025-12-05,TSLAx,overnight,35,35,453.2450260261999,453.2450260261999,456.5681002830135,3395,1340047.0390868257,454.510009765625,452.9700012207031,0.0,452.3563939546013,455.5798583369543,17.5,100.0,-0.33882830121079177,0.19644512235805767,-0.47383242717454754,0.060715898349927855,0.7331739050615571,0.7125939691429606
TSLA,2025-12-05,2025-12-08,TSLAx,weekend,131,131,448.5852502544739,447.9549398170535,456.4473780773969,13252,4658170.219340864,454.9400024414063,447.364990234375,0.0,454.01269613459306,445.9607861686767,65.5,100.0,-1.6650574067746282,-1.195439230296358,-0.20383046156348117,0.27276609630531023,1.89582422370691,-1.7734988546508346
TSLA,2025-12-08,2025-12-09,TSLAx,overnight,35,35,436.5766123058008,436.5766123058008,441.7623112998001,2497,1036676.1088002105,439.5899963378906,439.5799865722656,0.0,438.4875134497027,440.64688577440415,17.5,100.0,-0.0022770685657924616,-0.43579374219081535,-0.2507979929871951,-0.6832372624341665,1.1878096187083464,0.49245925105438904
TSLA,2025-12-09,2025-12-10,TSLAx,overnight,35,35,446.96661890524,443.3523798051351,448.3468208225933,3049,508767.084773088,445.2099914550781,446.010009765625,0.0,447.7486418908333,446.51320998726464,17.5,100.0,0.17969459938043109,-0.17465669628630165,0.5702141651084958,0.21448154047432055,1.1265172456395467,-0.2759208600502827
TSLA,2025-12-10,2025-12-11,TSLAx,overnight,35,35,447.98738951066224,445.06289489411046,451.37021068865937,4689,1218433.823463861,451.4100036621094,448.8250122070313,0.0,453.7797106613163,445.2809056293189,17.5,100.0,-0.5726482430843505,-1.276461026036757,0.5249566868218425,-0.18662567227485383,1.4171740369525843,-1.872892249768432
TSLA,2025-12-11,2025-12-12,TSLAx,overnight,35,35,448.3474837582194,445.0610227652255,448.3474837582194,2697,543609.6708860686,446.9400024414063,448.0899963378906,0.0,446.7261452335068,455.156963049837,17.5,100.0,0.2573038640986347,0.36293790771191325,-0.04784919826626988,0.05746332710687696,0.7384292995541664,1.8872452186390998
TSLA,2025-12-12,2025-12-15,TSLAx,weekend,131,131,469.9494145905069,455.4089465304765,469.9494145905069,6817,1570201.2476442019,459.1700134277344,470.0,0.0,455.4713540530743,480.623236644126,65.5,100.0,2.3586005739832716,3.1786983766591614,-0.8055097821064838,-0.010762853083645663,3.192837595924858,5.522165635057874
TSLA,2025-12-15,2025-12-16,TSLAx,overnight,35,35,471.2154034962677,468.08357318016016,479.9852448902882,4503,1552643.5937863893,475.0700073242188,472.2850036621094,0.0,475.9490597176898,472.0312906942981,17.5,100.0,-0.5862301595917718,-0.9945720292482307,0.1850363904095209,-0.22647345512729622,2.5426381937029063,-0.8231488104452955
TSLA,2025-12-16,2025-12-17,TSLAx,overnight,35,35,488.6305777353954,485.1019590206127,496.20578819276176,6115,2432374.584995155,489.7999877929688,488.2149963378906,0.0,490.0446091543328,491.0424235287712,17.5,100.0,-0.3235997334789964,-0.2885515711268827,0.04994311299726384,0.08512262028450568,2.288968116015644,0.2036170495090861
TSLA,2025-12-17,2025-12-18,TSLAx,overnight,35,35,479.6710617327524,466.92622788741727,479.6710617327524,3798,1048781.7180007421,467.1600036621094,477.8999938964844,0.0,469.5854219993806,477.9520839703743,17.5,100.0,2.2989960934547637,2.147775305806876,0.5191836454872423,0.37059381855770734,2.7295176591382475,1.7817124593370925
TSLA,2025-12-18,2025-12-19,TSLAx,overnight,35,35,489.215431728541,483.3463144559889,492.528465950281,4242,1165497.7796845527,483.3949890136719,488.5400085449219,0.0,485.5762194529744,485.5834188006439,17.5,100.0,1.064351027251642,0.7494626239452851,0.4512314957490826,0.1382534023427917,1.899704460274343,0.0014826400843270804
TSLA,2025-12-19,2025-12-22,TSLAx,weekend,131,131,489.292289405689,482.17976682181006,489.31236089205015,7286,1352029.2579942304,480.9100036621094,489.6799926757813,0.0,482.729951619194,494.5603898071653,65.5,100.0,1.823623743920666,1.3594221291807873,0.37843836543756115,-0.07917482353603233,1.479239603364757,2.450736306767176
TSLA,2025-12-22,2025-12-23,TSLAx,overnight,35,35,488.5934961888721,488.1811941084259,492.5270402702041,2968,708728.7978535667,488.7699890136719,491.5,0.0,489.1266914463026,489.2984182870486,17.5,100.0,0.5585471791828445,-0.1090096424412823,0.0729796101742064,-0.5913537764247967,0.890211711189548,0.03510886724220619
TSLA,2025-12-23,2025-12-24,TSLAx,overnight,35,35,488.1478924170632,483.6922629980658,488.1478924170632,1613,295657.6472605839,485.6099853515625,490.0,0.0,486.1689735768287,484.5316611663648,17.5,100.0,0.9040206710863474,0.40704342477373423,0.11511052946358014,-0.3779811393748611,0.9211702894274421,-0.33677846581157134
TSLA,2025-12-24,2025-12-26,TSLAx,holiday,89,89,487.7541296531,483.5722465760388,489.0752105998444,8392,1454576.189194414,481.7676086425781,486.0,0.0,483.52932529624337,485.5941088026424,44.5,100.0,0.8785130593040424,0.8737431497599868,0.36567768817605817,0.36093202738682884,1.137981772686425,0.4270234292685249
TSLA,2025-12-26,2025-12-29,TSLAx,weekend,131,131,469.0039681759424,467.1278552493223,476.4419296174039,10840,2318904.5465958104,475.1900024414063,468.0,0.0,477.0506028119625,465.4835538452178,65.5,100.0,-1.5130794849356866,-1.6867465607609322,0.39154871966937677,0.2145231145176174,1.9939025822192535,-2.424700628940213
TSLA,2025-12-29,2025-12-30,TSLAx,overnight,35,35,462.57099248415807,457.7828097510471,470.1314997185034,3611,1518071.7107757234,459.6199951171875,460.0,0.0,461.0901492164761,457.8504089399305,17.5,100.0,0.08267805727546484,0.32116133259370017,0.31986295524715214,0.5589114095995829,2.697499710435114,-0.7026262178992271
TSLA,2025-12-30,2025-12-31,TSLAx,overnight,35,35,457.0779426943406,452.87234365203017,457.1192186142087,2015,443635.8130971779,454.4299926757813,455.0,0.0,455.8589363265597,454.94492989723625,17.5,100.0,0.12543347345150835,0.26740868076515767,0.3144474778974171,0.45669070205287543,0.9377642555805199,-0.20050203176639192
TSLA,2025-12-31,2026-01-02,TSLAx,holiday,83,83,457.2713041228427,449.1502067815114,461.7067541364084,6606,1616666.071876727,449.5499877929688,458.0,0.0,450.624237422156,453.6059198647012,41.5,100.0,1.879660201642075,1.475079711360383,0.2389611074090192,-0.15910390330945434,2.795623193602381,0.6616782221041229
TSLA,2026-01-02,2026-01-05,TSLAx,weekend,131,131,446.35601205320256,439.4460147711463,446.61589445650185,8574,1914279.2085898174,438.1000061035156,447.7200012207031,0.0,439.23977848409095,450.0532495836389,65.5,100.0,2.195844552194437,1.6201250245756915,0.2601626032175952,-0.30465227458716937,1.6315723534526816,2.461860612184874
TSLA,2026-01-05,2026-01-06,TSLAx,overnight,35,35,448.7960579201067,448.7960579201067,454.7403225157969,4122,956667.850739858,451.6900024414063,446.364990234375,0.0,452.7918504230686,441.64686549904206,17.5,100.0,-1.1789085829328472,-0.8824788916205972,0.2439389793235991,0.5446367297881505,1.3244912674229337,-2.4613925611985166
TSLA,2026-01-06,2026-01-07,TSLAx,overnight,35,35,435.35712719193526,432.7915009316207,436.3502850360204,3279,509292.97965104115,432.4898986816406,435.885009765625,0.0,434.9999898564728,434.9796396198031,17.5,100.0,0.7850151169619624,0.08210053880237655,0.5803814568811072,-0.12110592515525154,0.8222860422949951,-0.004678215435449662
TSLA,2026-01-07,2026-01-08,TSLAx,overnight,35,35,426.97972634599,426.97972634599,433.5176420988993,3294,685904.5379726931,431.4200134277344,426.0,0.0,433.8509746265085,428.4481969174084,17.5,100.0,-1.2563194240042486,-1.5837807639901613,0.563479004939893,0.22998271032628193,1.5312005112887883,-1.2453072656460562
TSLA,2026-01-08,2026-01-09,TSLAx,overnight,35,35,437.11702687152086,434.4832135458751,438.7276889406439,2376,333183.24797090323,435.8399963378906,435.9450073242188,0.0,435.90424892651095,434.9613958740592,17.5,100.0,0.024093930619151216,0.2782211799945866,0.014742242373388947,0.2688457322853166,0.9769020441846354,-0.2162982019041304
TSLA,2026-01-09,2026-01-12,TSLAx,weekend,131,131,440.4368178736186,440.4368178736186,447.3559880828696,6953,1231618.39992357,444.989990234375,441.2250061035156,0.0,444.97401583606046,445.2695636456365,65.5,100.0,-0.8460828812972498,-1.0196545867778184,-0.0035898331794181892,-0.17863634630719272,1.5709790663405387,0.06641911641080966
TSLA,2026-01-12,2026-01-13,TSLAx,overnight,35,35,451.1054370406823,446.9745153842961,451.7767665137936,2543,740181.7309313299,448.8800048828125,449.0750122070313,0.0,449.3020377148237,447.066811304272,17.5,100.0,0.043443085478878096,0.4013779539106421,0.09401907579318358,0.4521348947188697,1.0743903654929055,-0.4974885985205457
TSLA,2026-01-13,2026-01-14,TSLAx,overnight,35,35,444.0344405309602,442.2468947374311,447.1650319162288,2748,443995.0293372143,447.1300048828125,442.4299926757813,0.0,446.8600425991263,441.2242183671456,17.5,100.0,-1.0511511541845708,-0.632323725283479,-0.06037668703466892,0.3626444594036826,1.1120795278207085,-1.2612056784491954
TSLA,2026-01-14,2026-01-15,TSLAx,overnight,35,35,441.2144688353846,435.7278238798152,441.2144688353846,2180,379255.09971357766,439.260009765625,441.125,0.0,437.8953061426627,442.4292151868111,17.5,100.0,0.4245754662187684,0.7579808794845766,-0.31068241875477076,0.020281968916879833,1.2591908652321404,1.0353865365871906
TSLA,2026-01-15,2026-01-16,TSLAx,overnight,35,35,440.8275265814418,438.4222890613395,441.4122864176008,1221,133614.55011795578,438.3299865722656,439.5150146484375,0.0,438.5349623318865,443.7647430477907,17.5,100.0,0.27035067471399277,0.5227779872703175,0.0467628877558246,0.298627325406442,0.6819902707644987,1.1925573021806857
TSLA,2026-01-16,2026-01-20,TSLAx,holiday,179,179,427.0307553831011,423.68540233231965,438.4794909182998,10211,2381229.838236942,437.4700012207031,429.3450012207031,0.0,438.7027595167909,426.6051378698312,89.5,100.0,-1.8572702076321224,-2.660572307898379,0.28179264695817885,-0.5390177668360474,3.4917626391046452,-2.7575895944408013
TSLA,2026-01-20,2026-01-21,TSLAx,overnight,35,35,422.011148317132,417.52963742879575,424.9650482320696,2259,633348.5757220571,419.25,421.5799865722656,0.0,418.9876377945325,422.56405237107816,17.5,100.0,0.5557511203972965,0.7216228475175779,-0.06257893988491636,0.10227282095907064,1.7808103034462786,0.8535847490324988
TSLA,2026-01-21,2026-01-22,TSLAx,overnight,35,35,435.6909405951797,432.4496565971252,437.48841623227554,1774,233657.71379181027,431.4599914550781,435.1600036621094,0.0,432.2642987169514,434.4564862352699,17.5,100.0,0.8575562694824068,0.7927191508526832,0.18641525930613856,0.12200958925503436,1.165166756010283,0.5071405445292054
TSLA,2026-01-22,2026-01-23,TSLAx,overnight,35,35,447.0942014545906,447.0942014545906,453.8644234093885,2413,794136.1385790493,449.3699951171875,447.75,0.0,447.7994253211923,447.58580032219726,17.5,100.0,-0.3605036239157533,-0.15748655016604163,-0.3495048207625917,-0.14646533677485918,1.514271921391841,-0.04770550985897515
TSLA,2026-01-23,2026-01-26,TSLAx,weekend,131,131,445.1801284628365,440.31756154417377,449.8789022078912,7529,1750401.8569836263,449.0700073242188,445.0299987792969,0.0,448.2630299616917,440.9374716098394,65.5,100.0,-0.8996389157660101,-0.6877438675053527,-0.17969967919601038,0.03373473337784372,2.171464756069752,-1.6342097969753056
TSLA,2026-01-26,2026-01-27,TSLAx,overnight,35,35,437.4414085227257,434.8556441620737,438.7811894957765,2632,491897.84057269886,435.2000122070313,437.43499755859375,0.0,435.3122000383871,434.5902792327149,17.5,100.0,0.513553604979955,0.4891221712028271,0.025778453173019855,0.0014655809817964993,0.902723785790327,-0.16583978248451148
TSLA,2026-01-27,2026-01-28,TSLAx,overnight,35,35,433.1910517193038,431.193835377659,434.2876463388481,2921,302288.44112829346,430.9100036621094,431.7999877929688,0.0,432.07574936537816,435.2634791102935,17.5,100.0,0.20653596419109022,0.25812657978694364,0.2705311302503066,0.3221546932979491,0.7174988850384256,0.7377710388970948
TSLA,2026-01-28,2026-01-29,TSLAx,overnight,35,35,437.9304848759086,436.9874202885948,447.0275055103007,7292,2588113.8353805337,431.239990234375,437.760009765625,0.0,432.89516726927206,430.8035142769948,17.5,100.0,1.5119236802937586,1.1631725155075268,0.38381807633320886,0.03894259559589219,2.2975684780754735,-0.48317771840039603
TSLA,2026-01-29,2026-01-30,TSLAx,overnight,35,35,423.71962265217167,418.2581255047961,432.1444305309095,8239,2547855.343263961,416.4400024414063,425.5799865722656,0.0,416.36511321836304,426.4354070430242,17.5,100.0,2.194790144384684,1.7663606292469547,-0.017983196283788416,-0.43713613863232137,3.320032338727197,2.418620942283356
TSLA,2026-01-30,2026-02-02,TSLAx,weekend,131,131,422.1259403813039,419.7658366924939,429.7203930827496,24636,4446319.110632027,430.4360046386719,421.3150024414063,0.0,432.2909778901934,419.04155914839777,65.5,100.0,-2.1190146964871537,-2.351434110075623,0.43095215816777444,0.19247782186688767,2.37145463496784,-3.0649306646323593
TSLA,2026-02-02,2026-02-03,TSLAx,overnight,35,35,425.6457514720154,423.2622519282431,428.1714554513271,4349,655718.204627707,421.7850036621094,424.2699890136719,0.0,422.9853238305494,423.22182643123233,17.5,100.0,0.5891592470066209,0.6289645270368238,0.2845810443752983,0.324265796301515,1.1598491244422027,0.05591272021949756
TSLA,2026-02-03,2026-02-04,TSLAx,overnight,35,35,420.2730046678457,419.1970255112021,421.80099588347485,5291,597237.7733709895,421.80999755859375,420.4599914550781,0.0,420.7572115298695,420.7530326352034,17.5,100.0,-0.3200507601359259,-0.11507987237181494,-0.24958773732668416,-0.04447195714990526,0.6211805460921926,-0.0009931843237831472
TSLA,2026-02-04,2026-02-05,TSLAx,overnight,35,35,396.3910835088421,396.3910835088421,409.9794875628605,9890,1370938.7344989318,405.8999938964844,397.05999755859375,0.0,406.8363193753526,397.8774120178917,17.5,100.0,-2.1778754547468804,-2.567429545756361,0.2306788600511922,-0.168466744034812,3.4280296957576173,-2.2020913401281983
TSLA,2026-02-05,2026-02-06,TSLAx,overnight,35,35,400.1445221121224,383.8443936883756,404.9907105442904,12057,2244217.921885546,397.1000061035156,400.8800048828125,0.0,393.5550209482506,403.1307778775218,17.5,100.0,0.9519009622758645,1.674353219530711,-0.8927184842049352,-0.18346706289457115,5.509085765906074,2.4331431234694723
TSLA,2026-02-06,2026-02-09,TSLAx,weekend,131,131,409.6935807156676,409.4785759307844,414.1114219144337,16063,1118989.2491385457,411.010009765625,409.9049987792969,0.0,412.1428804312822,410.6087459064098,65.5,100.0,-0.26885257294785303,-0.5942841261873943,0.27563091864921674,-0.05157733237185491,1.1314013127837974,-0.37223365917834483
TSLA,2026-02-09,2026-02-10,TSLAx,overnight,35,35,419.2500869188352,416.0079944626736,420.4357887217104,3095,319133.27679332695,417.1600036621094,418.0899963378906,0.0,418.2561623129545,421.897100007835,17.5,100.0,0.22293428603346044,0.23763537646028787,0.2627669578152858,0.2774738910535923,1.0643531657981375,0.8705042562304754
TSLA,2026-02-10,2026-02-11,TSLAx,overnight,35,35,427.1367894355822,421.38851208271547,427.1367894355822,3781,607362.382692737,425.2200012207031,427.9549865722656,0.0,425.6735003170575,431.78479787011713,17.5,100.0,0.6431930162529964,0.3437585655284625,0.10665046212607887,-0.19118766280463717,1.3641276845578476,1.435677238190225
TSLA,2026-02-11,2026-02-12,TSLAx,overnight,35,35,430.8823791495768,426.94074715031934,430.8823791495768,2418,140808.43863256558,428.1499938964844,430.3500061035156,0.0,427.2385045140172,431.91875642807554,17.5,100.0,0.5138414664004776,0.852890036141396,-0.21289020097183808,0.12370699163721799,0.9232269408733007,1.0954658497791758
TSLA,2026-02-12,2026-02-13,TSLAx,overnight,35,35,416.28674834809607,413.2675932184263,417.5057148054294,3060,353452.83251920296,416.8399963378906,414.1400146484375,0.0,415.8020349777418,414.2850982266572,17.5,100.0,-0.6477261570803083,0.1165731116203439,-0.2490071416533235,0.5183594011027637,1.0255151036638654,-0.3648218679751736
TSLA,2026-02-13,2026-02-17,TSLAx,holiday,179,179,412.5563685993265,410.7918593156929,418.9229726574252,12545,1167293.670166105,417.4200134277344,412.4020080566406,0.0,417.0956341253566,408.5954855773581,89.5,100.0,-1.2021477671583902,-1.0883032941711002,-0.07771052942912027,0.03742962926229776,1.979375481120127,-2.0379375501791475
TSLA,2026-02-17,2026-02-18,TSLAx,overnight,35,35,411.4295881333203,404.7940396256287,413.7790216364765,2365,520030.97947700095,410.5899963378906,410.6700134277344,0.0,410.60254789374414,411.347270366054,17.5,100.0,0.0194883193836759,0.20142111728691514,0.0030569560791615658,0.18495986576814172,2.2196428631106935,0.18137307625829546
TSLA,2026-02-18,2026-02-19,TSLAx,overnight,35,35,406.2820141298377,406.2820141298377,411.835503440936,1838,262096.85224957563,411.2000122070313,407.33349609375,0.0,411.2208028026382,406.5176945466565,17.5,100.0,-0.9403005832924416,-1.2010065247528012,0.005056078548082432,-0.2581378585350347,1.366905035900401,-1.1436941477493634
TSLA,2026-02-19,2026-02-20,TSLAx,overnight,35,35,409.0073604226237,409.0073604226237,414.47304773583767,2050,346672.75103725167,411.72119140625,408.2850036621094,0.0,411.7852129322696,408.0999616098211,17.5,100.0,-0.8345909357748149,-0.6745877273895085,0.015549728154851117,0.17692463696563632,1.3363298175285365,-0.8949450360799194
TSLA,2026-02-20,2026-02-23,TSLAx,weekend,131,131,406.79184064062713,406.0052525323429,411.9047532870951,6667,1278554.6837123716,411.7099914550781,407.2850036621094,0.0,410.97552701452935,404.6211903930479,65.5,100.0,-1.0747827074416683,-1.0179891742688407,-0.1783936401331898,-0.12108548486882142,1.4530602049987573,-1.5461593705205612
TSLA,2026-02-23,2026-02-24,TSLAx,overnight,35,35,399.2494546982576,396.3026159563945,400.405210884383,2384,240832.97363173022,399.8500061035156,399.5499877929688,0.0,397.8483359194104,400.9582229271946,17.5,100.0,-0.07503271375945975,0.35217409559078483,-0.5006052653621973,-0.07521789610639429,1.0352177257492379,0.7816765151467564
TSLA,2026-02-24,2026-02-25,TSLAx,overnight,35,35,411.5058731355457,407.6572150794289,411.5058731355457,2819,268492.2685028635,409.3599853515625,412.1499938964844,0.0,409.97444441730687,415.8023936560493,17.5,100.0,0.6815538022178158,0.3735424827309597,0.1501023763269549,-0.15628309364974502,0.9440917304424312,1.4215396393854718
TSLA,2026-02-25,2026-02-26,TSLAx,overnight,35,35,414.72705637830416,414.034760858308,417.4906690895018,3354,345019.8698332219,417.3900146484375,414.5,0.0,416.4171513522006,412.70250617497766,17.5,100.0,-0.6924014823094682,-0.4058658411183025,-0.23308255159297797,0.054778378360476054,0.8346903588552834,-0.8920490342822496
TSLA,2026-02-26,2026-02-27,TSLAx,overnight,35,35,403.3768398946004,403.3768398946004,409.5726290673943,2964,537398.0965830394,408.4800109863281,402.9400024414063,0.0,408.2033783513559,403.4642216689285,17.5,100.0,-1.3562496073050823,-1.1823857206299637,-0.06772244113102399,0.10841253053737177,1.535980393523051,-1.1609792896785542
TSLA,2026-02-27,2026-03-02,TSLAx,weekend,131,131,391.8438317131667,389.767235620428,402.85223708834377,16628,3983777.9786608545,402.4200134277344,390.3200073242188,0.0,401.6029077883056,394.1071301443435,65.5,100.0,-3.0068102230925597,-2.430031228828433,-0.20304796286567672,0.3904038635872853,3.357132224592241,-1.8664649828465052
TSLA,2026-03-02,2026-03-03,TSLAx,overnight,35,35,393.9256695199189,391.27863336097886,402.89831980241104,3333,518123.8869333118,403.2349853515625,395.0899963378906,0.0,401.9337509023591,393.2806978846028,17.5,100.0,-2.019911294792698,-1.9923883884997662,-0.3226987975928908,-0.2946991391237219,2.9696705750636543,-2.1528555385881054
TSLA,2026-03-03,2026-03-04,TSLAx,overnight,35,35,398.64039808586233,386.9324823430737,399.7903228244146,4237,553353.1111533563,392.3500061035156,397.8450012207031,0.0,392.7936283957985,399.0775676970055,17.5,100.0,1.400533970104667,1.4885093004034955,0.1130679967839443,0.19992631872178812,3.3230191488396565,1.5998068316105618
TSLA,2026-03-04,2026-03-05,TSLAx,overnight,35,35,401.61057431835854,401.61057431835854,406.5069213996953,3671,485872.615638769,406.1900024414063,401.5700073242188,0.0,406.1372397986351,404.4062545890076,17.5,100.0,-1.1373975453406016,-1.1145654809987193,-0.012989645844074804,0.010102097616804251,1.219177829081608,-0.4262069665135315
TSLA,2026-03-05,2026-03-06,TSLAx,overnight,35,35,398.5966160252626,398.5966160252626,406.10970627283336,2728,300418.6981923118,405.4700012207031,398.18499755859375,0.0,404.38395725237694,396.4542127958062,17.5,100.0,-1.7966812933576382,-1.4311500551201228,-0.2678481675725819,0.10337367535007136,1.8848856075322384,-1.9609443733747733
TSLA,2026-03-06,2026-03-09,TSLAx,weekend,129,129,390.9622813576846,384.4410082267672,396.95743138851793,8967,1703175.8834042668,396.5499877929688,390.0499877929688,0.0,397.2656703569409,387.8866350422055,64.5,100.0,-1.6391376119253676,-1.586693608232681,0.1804772628932083,0.2338914480879417,3.2557461077013183,-2.3608975087901274
TSLA,2026-03-09,2026-03-10,TSLAx,overnight,35,35,401.1110177183604,396.017412079044,403.43843477555095,3940,615852.7210719403,398.6400146484375,402.0549926757813,0.0,398.8084107026923,403.5916786491077,17.5,100.0,0.8566571096370046,0.5773717288486857,0.042242636982470216,-0.23478752275615244,1.8739132346599296,1.1993899371348204
TSLA,2026-03-10,2026-03-11,TSLAx,overnight,35,35,400.77541262209934,398.2648873658789,401.2774792033218,3202,522089.952661919,399.2349853515625,402.2200012207031,0.0,399.41307535181136,407.38121876897947,17.5,100.0,0.7476839402017932,0.3410847952556306,0.04460781414035164,-0.35915384471671974,0.7564291839454285,1.9949630868117074
TSLA,2026-03-11,2026-03-12,TSLAx,overnight,35,35,406.4749362249529,404.6414985868587,408.6978786411694,3333,520236.19594702823,407.8399963378906,405.1000061035156,0.0,407.1346168105602,403.7294472425695,17.5,100.0,-0.6718297025740783,-0.16203008989389422,-0.1729549660808738,0.33940511002754636,1.0024626906723455,-0.8363743654780209
TSLA,2026-03-12,2026-03-13,TSLAx,overnight,35,35,399.93068311156514,394.8340504565065,399.93068311156514,3836,406126.579540427,395.0050048828125,399.1650085449219,0.0,396.8755434974047,397.861677215899,17.5,100.0,1.053152140019975,0.7697979037049052,0.47354807951032196,0.19181905985055092,1.2908290582248183,0.24847429745964433
TSLA,2026-03-13,2026-03-16,TSLAx,weekend,131,131,396.7243995743752,384.16724817826827,396.7243995743752,8200,1442736.4654527982,391.1700134277344,396.125,0.0,391.0520796704295,398.4905543012708,65.5,100.0,1.2667092062722762,1.450527998400153,-0.030148976980992614,0.15131576506788313,3.2686678668348845,1.9021698176647561
TSLA,2026-03-16,2026-03-17,TSLAx,overnight,35,35,395.854353632586,393.8437338198685,397.966580006272,3600,402225.331954372,395.489990234375,395.6900024414063,0.0,395.6370097939948,395.4785588605092,17.5,100.0,0.05057326657313954,0.05493516359966755,0.03717402797798197,0.04153534083894961,1.046822846822093,-0.04004957310947965
TSLA,2026-03-17,2026-03-18,TSLAx,overnight,35,35,398.4833448048022,398.4833448048022,403.2670330594273,3976,642488.6716014858,399.2200012207031,399.0,0.0,399.0853184894723,400.706341999682,17.5,100.0,-0.05510776514964233,-0.15083834377785932,-0.033736468818956755,-0.12948751759344068,1.2004738258178493,0.4061847016435749
TSLA,2026-03-18,2026-03-19,TSLAx,overnight,35,35,387.6594490100396,387.6594490100396,395.4811272644904,3715,416207.42141619464,392.8500061035156,387.2049865722656,0.0,394.0082557310361,383.78551235245646,17.5,100.0,-1.4369401663602233,-1.6113385008182157,0.29483253392526,0.11736998580444968,2.0176673816219015,-2.594550553163555
TSLA,2026-03-19,2026-03-20,TSLAx,overnight,35,35,380.77954138684737,379.06593191529913,384.1602255137197,4029,596218.4187976412,380.239990234375,379.3900146484375,0.0,383.12975660091655,377.3849300602287,17.5,100.0,-0.22353661050054097,-0.6134253927233435,0.7599848623918604,0.36625284924736157,1.343907001265121,-1.4994467126895228
TSLA,2026-03-20,2026-03-23,TSLAx,weekend,131,131,371.7403189894147,358.24900701573966,376.03589790142337,16016,2072307.935661091,367.9700012207031,373.0849914550781,0.0,366.9538864856468,377.3549194082442,65.5,100.0,1.3900563136686417,1.3043689357286725,-0.2761406450758064,-0.360419876559237,4.964951901430448,2.834425061472734
TSLA,2026-03-23,2026-03-24,TSLAx,overnight,35,35,377.5929993388007,377.3851903709416,382.41094953836,4118,701893.5853472198,380.8500061035156,376.6950073242188,0.0,381.07509797780745,382.6024087728945,17.5,100.0,-1.0909803630585913,-0.9137565423415595,0.0591024998515044,0.23838702322089844,1.331731953360027,0.4007899763568412
TSLA,2026-03-24,2026-03-25,TSLAx,overnight,35,35,390.8854588044439,384.96594934592906,391.1311762482137,4612,752440.3981762623,383.1099853515625,389.989990234375,0.0,383.5309700021109,392.63247578166926,17.5,100.0,1.79583021739802,1.9175736453023617,0.10988610755267025,0.22961321892664976,1.601499278769869,2.373082356167555
TSLA,2026-03-25,2026-03-26,TSLAx,overnight,35,35,381.263716792288,366.0830624072735,386.6363884907293,4137,553878.2991759526,385.9400024414063,381.8299865722656,0.0,385.7946623726696,382.1229897761141,17.5,100.0,-1.0649364779865444,-1.1744448594793733,-0.03765872099737999,-0.14830416674738167,5.614388698647277,-0.9517167951403116
TSLA,2026-03-26,2026-03-27,TSLAx,overnight,35,35,369.3419372946005,369.3419372946005,376.97930673123074,4750,559101.7701006344,372.239990234375,369.6900024414063,0.0,372.9775408180428,365.8635374804578,17.5,100.0,-0.6850386470736658,-0.974751325634371,0.19813845986924594,-0.09415054356548547,2.0678316393132556,-1.9073543468547838
TSLA,2026-03-27,2026-03-30,TSLAx,weekend,131,131,365.4469598547297,347.4084368716363,365.4469598547297,10905,1290230.9703350356,361.760009765625,365.8599853515625,0.0,361.72642049743,364.48165489266216,65.5,100.0,1.1333412967878154,1.028550624580693,-0.009284958892152861,-0.11289168353185719,5.192309992678279,0.7616901169240853
TSLA,2026-03-30,2026-03-31,TSLAx,overnight,35,35,360.9914741454824,352.35805419419864,360.9914741454824,4863,584868.148435352,355.2799987792969,361.6199951171875,0.0,354.3905140506841,363.55339102447584,17.5,100.0,1.784506969059385,1.862623245568673,-0.2503616110304474,-0.17380702953148086,2.450183796998018,2.5855311049553853
TSLA,2026-03-31,2026-04-01,TSLAx,overnight,35,35,378.0923913031082,372.3546013201307,380.2275379334584,5543,1055299.3758951973,371.75,378.7699890136719,0.0,372.1873805752135,375.79314003658106,17.5,100.0,1.8883628819561293,1.586569302475671,0.1176544923237488,-0.17889424458579217,2.11436533492948,0.9688021812547465
TSLA,2026-04-01,2026-04-02,TSLAx,overnight,35,35,366.2143090240297,366.2143090240297,380.7732865401979,6910,2232765.305789054,381.3200073242188,364.0273132324219,0.0,380.6248401201907,366.6185347339508,17.5,100.0,-4.534955879483594,-3.7860196122803114,-0.18230546278077409,0.6007779394870516,3.9755348596203666,-3.6798190527494445
TSLA,2026-04-02,2026-04-06,TSLAx,holiday,179,179,363.5564220766903,359.6034300956275,366.9654474329858,17104,2794210.7554645767,360.5499877929688,362.5899963378906,0.0,360.84397673835855,364.95285081163473,89.5,100.0,0.5658046356926238,0.7516947803450469,0.08153902519574263,0.2665340325327392,2.0472600429313204,1.138684400503509
TSLA,2026-04-06,2026-04-07,TSLAx,overnight,35,35,347.4202199100601,347.4202199100601,353.3983495917248,6163,550523.660334699,352.7900085449219,347.3999938964844,0.0,352.3408443475725,345.54258500704105,17.5,100.0,-1.5278251985277436,-1.3965523771800825,-0.1273177205902032,0.005822111091280391,1.720720136327225,-1.9294553695924033
TSLA,2026-04-07,2026-04-08,TSLAx,overnight,35,35,364.4755681707788,347.41936821835634,364.4755681707788,6093,996910.2472995976,346.5599975585937,363.7950134277344,0.0,344.5520357492736,357.8616275772272,17.5,100.0,4.973169434024682,5.782445132903891,-0.5793980330867754,0.1870709377328028,4.909398125927877,3.862868434084299
TSLA,2026-04-08,2026-04-09,TSLAx,overnight,35,35,342.2563757202935,340.90379449462773,344.4498121476127,4672,921232.2830106259,343.239990234375,343.0329895019531,0.0,342.4485329911345,342.166629778444,17.5,100.0,-0.060307871550902004,-0.05611274464009108,-0.23058421680411945,-0.22639623751267157,1.0401813386212932,-0.08231987745084268
TSLA,2026-04-09,2026-04-10,TSLAx,overnight,35,35,346.82980441633373,344.8021335368377,347.4768953810792,3796,683053.2748007467,345.5899963378906,346.2850036621094,0.0,345.647861895706,347.3207638113175,17.5,100.0,0.20110747752641878,0.34194990072999865,0.01674399098021695,0.15732727333348517,0.7757381941941421,0.4839902397881124
TSLA,2026-04-10,2026-04-13,TSLAx,weekend,131,131,348.88797171762576,341.78750496947805,352.69689075014463,13096,1583744.607768099,348.8949890136719,350.1700134277344,0.0,347.6916211980593,352.0970525588885,65.5,100.0,0.36544646790914737,0.344083793404093,-0.344908311527925,-0.36611978780222154,3.1918620844962664,1.2670513444209996
TSLA,2026-04-13,2026-04-14,TSLAx,overnight,35,35,358.48668263195503,341.4007960635425,359.25633731274826,3768,447729.4633454434,352.4049987792969,357.3550109863281,0.0,351.6469890291623,358.52824098149443,17.5,100.0,1.4046373417453406,1.9450454052446053,-0.21509619692123838,0.31667994314767967,5.230081902293637,1.956863606689807
TSLA,2026-04-14,2026-04-15,TSLAx,overnight,35,35,367.4432234206365,363.8190203959113,368.08111512781966,4085,588042.5651043163,364.1600036621094,366.7950134277344,0.0,361.5814874978175,366.6986756693802,17.5,100.0,0.7235857148304214,1.621138284313961,-0.7080723139173739,0.17672268410755532,1.1714876059174317,1.4152240500403312
TSLA,2026-04-15,2026-04-16,TSLAx,overnight,35,35,393.23931218244303,392.1449925431733,397.79408441704686,4711,609517.3723202586,392.0299987792969,393.80999755859375,0.0,392.6974366716681,387.6158152588805,17.5,100.0,0.45404657420080596,0.13798804376408125,0.1702517395223424,-0.14491388732857935,1.440562032231374,-1.2940296875521229
TSLA,2026-04-16,2026-04-17,TSLAx,overnight,35,34,397.2087766680037,385.102223351386,397.2087766680037,5604,618090.5008720375,388.7900085449219,395.9200134277344,0.0,388.4150575148352,394.9795720959057,17.5,97.14285714285714,1.8338961202982285,2.2640005795430795,-0.09644050048763786,0.32551101145699146,3.1437245963576554,1.69007726504522
TSLA,2026-04-17,2026-04-20,TSLAx,weekend,131,131,400.9027450945581,394.7896343735732,401.018402485172,14869,2284884.857619879,400.6600036621094,402.5799865722656,0.0,401.5198115647901,402.6125646094274,65.5,100.0,0.47920503484431,-0.15368269571236493,0.21459788719160322,-0.4166231640048146,1.5777435801935802,0.27215420339501417
TSLA,2026-04-20,2026-04-21,TSLAx,overnight,35,35,394.00434270401945,392.47714388371605,396.245035306524,2793,192505.39129997548,392.4599914550781,393.0499877929688,0.0,392.879804536918,391.7624711253656,17.5,100.0,0.15033286213537167,0.2862295679532112,0.10696965066003816,0.24280751575886939,0.9600282415233696,-0.28439573596036327
TSLA,2026-04-21,2026-04-22,TSLAx,overnight,35,35,388.4492657449265,387.90273095155175,390.63905951237626,4029,387856.50871652644,386.4800109863281,387.55999755859375,0.0,387.4943161859805,388.96223859537673,17.5,100.0,0.27944176711995894,0.2464422106484898,0.26244700135040766,0.2294530374483017,0.7054161629932665,0.3788242428546251
TSLA,2026-04-22,2026-04-23,TSLAx,overnight,35,35,376.21781110200897,375.0022867149807,402.42090234835774,14060,2675767.329821458,387.2000122070313,375.4849853515625,0.0,387.9709157593569,374.4064314845722,17.5,100.0,-3.025575022245841,-3.029377765171948,0.19909698554281263,0.19516779073345258,7.311586250197055,-3.4962631794797305
TSLA,2026-04-23,2026-04-24,TSLAx,overnight,35,35,375.6111760182707,372.7488365987859,377.4621336220086,3599,501062.189594339,373.6300048828125,373.260009765625,0.0,373.3709106561767,376.2206703451826,17.5,100.0,-0.0990271424543554,0.600010685930763,-0.06934513375527196,0.6299003887724419,1.2644699487810662,0.7632516641421283
TSLA,2026-04-24,2026-04-27,TSLAx,weekend,131,131,373.00685968907993,373.00685968907993,378.0086783039972,8568,820410.4322331424,376.1600036621094,372.1700134277344,0.0,376.87787149794434,369.0206442298968,65.5,100.0,-1.0607162365829481,-1.027126319058913,0.19084108593314664,0.22485590755636498,1.3409454772725926,-2.084820537968468
TSLA,2026-04-27,2026-04-28,TSLAx,overnight,35,35,374.6440356828736,373.0175592159284,378.5639855249044,4016,563072.9938616168,378.7000122070313,374.625,0.0,379.28365567690537,377.3330940742592,17.5,100.0,-1.0760528322358631,-1.223258615178513,0.15411762636938775,0.0050812633629826465,1.4869075655940867,-0.514275153556254
TSLA,2026-04-28,2026-04-29,TSLAx,overnight,35,35,375.8948066414434,375.7940652781161,378.4323910460273,3081,243616.47482326516,375.9500122070313,375.3900146484375,0.0,376.7283644867964,374.4807948635194,17.5,100.0,-0.14895532395552413,-0.22126230035494077,0.20703610971994912,0.1344713426857158,0.7020669062345775,-0.5966021768333718
TSLA,2026-04-29,2026-04-30,TSLAx,overnight,35,35,373.6643300382715,369.6460897641339,374.4322017764469,3576,580212.3475285543,372.7999877929688,372.0700073242188,0.0,373.23032322836985,371.1082833591308,17.5,100.0,-0.19581021798621423,0.11628390912816755,0.11543332872641088,0.42850073445006576,1.2947822646702356,-0.5685604135494238
TSLA,2026-04-30,2026-05-01,TSLAx,overnight,35,35,383.7783526668514,380.763226951186,384.1861677687646,2276,266634.03734909167,381.5299987792969,382.4750061035156,0.0,382.2583355585119,382.92703041740873,17.5,100.0,0.24768886515931232,0.39764132445108125,0.1908989546157036,0.3407664664453858,0.8989683286872108,0.17493270824815443
TSLA,2026-05-01,2026-05-04,TSLAx,weekend,131,131,390.4022399517558,389.25555627238754,394.9526977113256,9571,1920066.6085548205,390.6600036621094,390.05999755859375,0.0,391.9555267808402,391.3825148563423,65.5,100.0,-0.15358779959326885,-0.3962916001827188,0.33162420175765206,0.08774096172490253,1.463599259441617,-0.1461930972638914
TSLA,2026-05-04,2026-05-05,TSLAx,overnight,35,34,396.0156811023885,374.58921455406033,396.0156811023885,2473,188257.90999507453,392.5750122070313,395.18499755859375,0.0,392.3857834372414,398.7493593346465,17.5,97.14285714285714,0.6648373611171321,0.9250838889599322,-0.048201939478031974,0.21020118398384913,5.719990249541995,1.6217651520554988
TSLA,2026-05-05,2026-05-06,TSLAx,overnight,35,35,388.1276405932031,386.20059299360514,392.4570924059757,5628,882101.7685301285,389.3500061035156,386.05999755859375,0.0,391.77448255890096,388.505770095804,17.5,100.0,-0.8450002551296132,-0.9308523469620189,0.6226984505917077,0.5355755705550802,1.6200128963743232,-0.8343352128875603
TSLA,2026-05-06,2026-05-07,TSLAx,overnight,35,35,406.42369426682296,385.693522576511,406.42369426682296,4918,531618.8556972721,398.5199890136719,407.5199890136719,0.0,399.4855033498276,410.959421435745,17.5,100.0,2.2583559791504504,1.7367816501014932,0.2422750082236469,-0.2690161897339838,5.374778282982362,2.872173831016278
TSLA,2026-05-07,2026-05-08,TSLAx,overnight,35,35,415.9928847580062,407.9589882390524,417.50475407683547,5006,728707.4479533314,411.7999877929688,417.4299926757813,0.0,408.3598729547447,422.0024827855154,17.5,100.0,1.3671697546632666,1.8691875252168755,-0.8353848810587206,-0.3442751941620359,2.3398836924729105,3.34083016826745
TSLA,2026-05-08,2026-05-11,TSLAx,weekend,131,131,422.8536593306903,422.8536593306903,430.4455691879338,12245,1482511.125423894,428.3200073242188,422.1600036621094,0.0,426.47023398736445,422.4262826568379,65.5,100.0,-1.4381778942786139,-0.8480251066669608,-0.431867133270325,0.1643110817139526,1.7953988784820574,-0.9482376513635815
TSLA,2026-05-11,2026-05-12,TSLAx,overnight,35,35,440.3826461315727,436.92534545357495,444.9257693218488,6452,1230994.9951441677,445.0299987792969,441.4100036621094,0.0,444.7134976677432,441.8316578429444,17.5,100.0,-0.8134272132478748,-0.9738520550608865,-0.0711190509452897,-0.23274450556474147,1.8310734205562174,-0.6480216678630857
TSLA,2026-05-12,2026-05-13,TSLAx,overnight,35,35,435.6213829525175,430.17688490523335,438.4358042804719,5167,950036.3663661123,433.4500122070313,436.6799926757813,0.0,434.1054876158551,435.077628641232,17.5,100.0,0.7451794619415697,0.34919976363068095,0.15122283778150614,-0.24242230947589816,1.9198891584000455,0.2239411970385241
TSLA,2026-05-13,2026-05-14,TSLAx,overnight,35,35,448.0625249753612,445.1632106961754,450.4581684658163,5057,796803.1387104092,445.18499755859375,446.4249877929688,0.0,444.629779003545,444.60697804947847,17.5,100.0,0.2785336974909791,0.7720458983897283,-0.12471636692465982,0.36681127337607755,1.1894419040963333,-0.0051280762430327975
TSLA,2026-05-14,2026-05-15,TSLAx,overnight,35,35,432.4292519948802,430.4954486739047,443.188417856258,7948,1966533.787626654,443.1799926757813,434.0950012207031,0.0,443.5308771354168,428.5016636273769,17.5,100.0,-2.049955233815015,-2.503010661227789,0.07917425547958601,-0.3837291885736449,2.9484560688045836,-3.3885382693325417
TSLA,2026-05-15,2026-05-18,TSLAx,weekend,131,131,419.0762101687554,412.50307546625606,422.63151342267753,13316,1576554.711688043,422.1300048828125,419.3550109863281,0.0,423.3566283363157,416.222746891712,65.5,100.0,-0.6573789743410274,-1.0110667652426408,0.2905795464228422,-0.06648324457051435,2.4553605921539434,-1.6850761195444153
TSLA,2026-05-18,2026-05-19,TSLAx,overnight,35,35,403.8731117857064,403.8731117857064,410.58881501928505,5435,682881.3179602878,410.0700073242188,402.9849853515625,0.0,410.0243699906358,402.27977960216896,17.5,100.0,-1.7277591255423386,-1.5002177078084156,-0.011129156672728957,0.22038697877766467,1.6628250402423328,-1.8888122158796872
TSLA,2026-05-19,2026-05-20,TSLAx,overnight,35,35,407.91565161863167,402.251686925359,409.2200089267651,5155,626291.107281981,404.1600036621094,407.6449890136719,0.0,404.08647082156,410.5393773513242,17.5,100.0,0.8622786322211251,0.9476142047731617,-0.0181939924493002,0.06639664714502835,1.7323288448257257,1.5969122937089741
TSLA,2026-05-20,2026-05-21,TSLAx,overnight,35,35,422.7339225880427,414.0840060886796,424.5143727969288,7204,1232791.1715466972,417.2699890136719,422.2449951171875,0.0,415.372005405383,422.19754260305314,17.5,100.0,1.192275081962002,1.7723672002100344,-0.454857444403145,0.11579236616396926,2.518901129935336,1.6432347651856638
TSLA,2026-05-21,2026-05-22,TSLAx,overnight,35,35,421.8181726126728,416.953797907802,421.8181726126728,4051,556257.7397418842,417.7500915527344,422.6650085449219,0.0,418.9082660343237,423.55391036942257,17.5,100.0,1.176520865362174,0.6946405249760979,0.27724098809518427,-0.2003562904732581,1.1666459759520853,1.1089884616213963
TSLA,2026-05-22,2026-05-26,TSLAx,holiday,179,179,430.1439018510797,420.7761084284259,434.96789592984334,21685,2967281.69101493,425.9482116699219,430.0199890136719,0.0,425.3925236984037,430.47844992677466,89.5,100.0,0.9559324894889532,1.1169397410577542,-0.1304590455585286,0.028815599407838732,3.372764569362774,1.195584300390018
TSLA,2026-05-26,2026-05-27,TSLAx,overnight,35,35,441.5965673402197,433.0255441629013,443.2134537116443,6485,948459.483597686,433.5650024414063,442.8150024414063,0.0,432.8669225823679,441.39685262902776,17.5,100.0,2.1334747841530666,2.016704049774254,-0.1610092731441637,-0.27515668946827,2.352727151105527,1.9705663800256623
TSLA,2026-05-27,2026-05-28,TSLAx,overnight,35,35,437.3030916703621,429.4504652786994,440.131379502074,7161,910206.7155391623,440.2999877929688,437.614990234375,0.0,440.3070772559652,438.35247026666735,17.5,100.0,-0.6098109545840558,-0.6822478540032151,0.001610143809438469,-0.07127236748581955,2.4871120389735824,-0.4439190488327305
TSLA,2026-05-28,2026-05-29,TSLAx,overnight,35,35,440.2548721206989,438.89265181582687,441.9683253402372,4088,459358.36643699073,442.1000061035156,439.8450012207031,0.0,442.866220793696,438.59341971410566,17.5,100.0,-0.5100666934359843,-0.5896472908493933,0.17331252648773443,0.09318530365429734,0.7007803643295007,-0.9648062730846174
TSLA,2026-05-29,2026-06-01,TSLAx,weekend,131,131,428.7945728449185,428.7945728449185,439.3783586688386,11828,1463626.3589482657,435.55999755859375,427.3800048828125,0.0,436.0473917719671,425.46085407446674,65.5,100.0,-1.8780403897584397,-1.663309783272715,0.11190059144672304,0.3309859951201588,2.4682648741797264,-2.427841078117643
TSLA,2026-06-01,2026-06-02,TSLAx,overnight,35,35,418.2409488865064,412.2227462014316,418.6222735181032,6433,703867.2057208873,415.7099914550781,418.0799865722656,0.0,416.9161713657481,415.91873687756186,17.5,100.0,0.5701078073423238,0.31775632890864713,0.29014936745881403,0.03850036342576413,1.5524440064606404,-0.23924101694563493
TSLA,2026-06-02,2026-06-03,TSLAx,overnight,35,35,419.08325361984754,418.1892668795844,423.4921733904749,5190,528557.3452838816,423.739990234375,418.7000122070313,0.0,421.9514458423674,421.4119005147821,17.5,100.0,-1.1894034416142896,-0.6797446129835794,-0.422085343188483,0.0915312638268384,1.268063752678139,-0.12786905529098558
TSLA,2026-06-03,2026-06-04,TSLAx,overnight,35,35,420.90704077547593,418.8888702826907,423.7966448140371,8680,888183.1017610262,423.7300109863281,419.7900085449219,0.0,422.740275049003,422.7016729509553,17.5,100.0,-0.9298379485170316,-0.43365498433158844,-0.23357702113694367,0.2660930960281638,1.171617314166018,-0.009131398242867572
TSLA,2026-06-04,2026-06-05,TSLAx,overnight,35,35,419.60586844294727,412.15359317988174,420.49055262144617,8185,948594.1286784597,418.4599914550781,420.5450134277344,0.0,418.76485185228296,417.5198495534851,17.5,100.0,0.49826076930465923,0.20083265989119248,0.07285293777901103,-0.22331616231338058,2.0227797548099558,-0.2973034373087824
TSLA,2026-06-05,2026-06-08,TSLAx,weekend,131,131,398.44945853860025,385.8493304966369,400.0802332405956,22838,2795006.5617576474,390.9700012207031,396.3200073242188,0.0,391.6424961327178,398.6541270048505,65.5,100.0,1.3683929935319084,1.7380551071699335,0.17200678054964946,0.5373060090401616,3.6882020050784226,1.790314110794733
TSLA,2026-06-08,2026-06-09,TSLAx,overnight,35,35,412.6104821657274,406.43315442942674,414.9435887508369,5809,694071.5447589059,409.010009765625,411.0299987792969,0.0,408.83795483545725,413.335692890436,17.5,100.0,0.49387275749788184,0.9227439100629509,-0.04206619057228744,0.38451777026600187,2.093932108800911,1.1001273247218224
TSLA,2026-06-09,2026-06-10,TSLAx,overnight,35,35,392.4941530024623,389.5673154984505,397.2060333012151,6836,1141630.6079380596,396.5700073242188,391.4100036621094,0.0,395.7716582145803,393.7720383514271,17.5,100.0,-1.3011583243335956,-0.8281303484194869,-0.20131353730585833,0.27698559827531444,1.960821018311254,-0.5052458460956921
TSLA,2026-06-10,2026-06-11,TSLAx,overnight,35,35,387.2348626217725,378.8060346545026,388.1770091758401,7651,1362067.6925679075,381.6199951171875,388.25,0.0,382.3987489082396,384.82194938673314,17.5,100.0,1.7373316303241904,1.2646782258938227,0.2040652484189165,-0.26146487526786943,2.4738186998220613,0.6336842067114157
TSLA,2026-06-11,2026-06-12,TSLAx,overnight,35,35,399.4356306202322,396.22595306520185,403.20334891565824,9358,1704121.421593916,399.0,399.4599914550781,0.0,397.8648643370968,399.6046835138356,17.5,100.0,0.11528607896695853,0.39479894404663707,-0.2844951536098317,-0.006098441738111582,1.7609638632904545,0.4372889723845308
TSLA,2026-06-12,2026-06-15,TSLAx,weekend,131,131,411.35301556286976,402.9894070900214,412.4661747959084,20116,2858093.499620623,406.4450073242188,412.0799865722656,0.0,403.6998580868155,411.5891482573597,65.5,100.0,1.3864063148773864,1.8957543141886468,-0.6754048365548049,-0.17641502453028535,2.351617074582313,1.9542464562490869
TSLA,2026-06-15,2026-06-16,TSLAx,overnight,35,35,404.9351979379414,403.773038981241,410.8972812384941,6005,1094648.6777973147,411.2200012207031,404.1099853515625,0.0,409.4009857988914,405.7828173815261,17.5,100.0,-1.7290053616153434,-1.090810236383677,-0.44234604747143136,0.20420494822985802,1.7644175240695281,-0.8837713007224135
TSLA,2026-06-16,2026-06-17,TSLAx,overnight,35,35,401.568696198465,401.4865617647682,404.3226783749543,8706,1166689.1309469575,404.6700134277344,401.5299987792969,0.0,405.3126073361246,401.31986132410736,17.5,100.0,-0.7759444842083019,-0.9237095194906675,0.15879454544880378,0.009637491416758515,0.7064038700871356,-0.985102841547203
TSLA,2026-06-17,2026-06-18,TSLAx,overnight,35,35,398.5620395295001,396.70911995169496,399.77419782728055,23166,2326901.6106629344,396.3200073242188,398.0849914550781,0.0,395.8752376445483,392.36197883720456,17.5,100.0,0.4453431818332243,0.678699153030693,-0.11222488682148812,0.11983573474556586,0.7726260177630451,-0.887466169454687
TSLA,2026-06-18,2026-06-22,TSLAx,holiday,179,179,395.53215046727024,392.6859231674009,401.9509805450082,133204,17511082.315892708,400.4299926757813,394.8500061035156,0.0,399.2072918109044,400.2315734128603,89.5,100.0,-1.393498657525305,-0.9206097731739304,-0.30534697381344733,0.17276037817148815,2.3594065462992475,0.25657888093915115
TSLA,2026-06-22,2026-06-23,TSLAx,overnight,35,35,393.4271607077022,392.2144000030104,404.6812946877891,12864,3279106.2796789203,405.0400085449219,392.4599914550781,0.0,405.6582135047423,389.689696670517,17.5,100.0,-3.1058702410748484,-3.0151128190819,0.1526281223529713,0.24643766847118886,3.1785917816079756,-3.936446077663025
TSLA,2026-06-23,2026-06-24,TSLAx,overnight,35,35,381.1984583443217,380.28629768511024,384.6951766468964,43190,11669055.31405725,381.5700073242188,380.0079956054688,0.0,383.24259755795765,382.6782374161926,17.5,100.0,-0.40936438629013416,-0.5333799600204525,0.43834426229356627,0.3132730765193825,1.1593578282004913,-0.14725924136856916
TSLA,2026-06-24,2026-06-25,TSLAx,overnight,35,35,375.9107139606011,374.37976119165216,379.15898823881616,4706,796696.076531926,375.3599853515625,375.3999938964844,0.0,376.47277517544734,374.8741286261017,17.5,100.0,0.010658713364031236,-0.14929664292041567,0.2964593636273216,0.13604690261597163,1.2765719578301304,-0.4246380229222746
TSLA,2026-06-25,2026-06-26,TSLAx,overnight,35,35,369.3306081379162,368.3728099660475,379.0423472075056,6436,1061848.9784809868,375.1499938964844,370.1400146484375,0.0,374.1852433735904,371.7279340155978,17.5,100.0,-1.3354603037603385,-1.2973882112254476,-0.25716394471277937,-0.21867576551810597,2.896396518093036,-0.6567093175128824
TSLA,2026-06-26,2026-06-29,TSLAx,weekend,131,131,382.11370919934086,376.9074867191375,383.18827040891154,10566,1179385.7717123127,379.1900024414063,381.7900085449219,0.0,380.3298922471174,387.542672640911,65.5,100.0,0.6856736957133513,0.4690183413362581,0.3006117773074024,0.08478499886697133,1.6663992918915627,1.8964537210520271
TSLA,2026-06-29,2026-06-30,TSLAx,overnight,35,35,405.2300984278486,405.2300984278486,412.3247411571416,4405,860399.6166883036,411.7900085449219,406.0,0.0,411.84594485943467,409.7740292547586,17.5,100.0,-1.4060585309928042,-1.6063886300602293,0.013583698815433642,-0.1896309291013365,1.750768947523329,-0.5030802489467856
TSLA,2026-06-30,2026-07-01,TSLAx,overnight,35,35,420.3922153848726,414.5485497168196,420.3922153848726,4451,611532.6382745113,420.3200073242188,421.5700073242188,0.0,421.7349882003665,421.97140223740905,17.5,100.0,0.2973924577032605,-0.3183925576637159,0.3366437122885424,-0.2793822897463327,1.4096456668452495,0.056057487203364786
TSLA,2026-07-01,2026-07-02,TSLAx,overnight,35,35,431.45108041536815,421.9054980674081,434.61049046593104,8385,2040005.0722145773,425.3699951171875,428.2300109863281,0.0,426.1180819786383,420.8419784756297,17.5,100.0,0.6723595697794016,1.251530658348643,0.17586733197876292,0.7521820858890971,3.0113360590747984,-1.238178741092033
TSLA,2026-07-02,2026-07-06,TSLAx,holiday,179,179,398.5398626277004,393.2073490982928,401.1713945240371,13555,1804427.475241637,392.8200073242188,397.3200073242188,0.0,392.5539362152158,396.9067206026816,89.5,100.0,1.1455628318559397,1.524867250140849,-0.06773359402323376,0.3070208600107538,2.025406046964151,1.1088372796443924
TSLA,2026-07-06,2026-07-07,TSLAx,overnight,35,35,416.069998848675,412.3989584242522,419.3302966163218,4239,761020.4606750121,419.7699890136719,416.9700012207031,0.0,418.0226480301925,415.68339598621,17.5,100.0,-0.6670290554948499,-0.4671156433075474,-0.41626153112686026,-0.2158434346339777,1.6807361052883607,-0.5595993554429524
TSLA,2026-07-07,2026-07-08,TSLAx,overnight,35,35,399.6733468462362,396.9845236723532,404.1631389766838,4962,911970.1624321085,402.9800109863281,399.375,0.0,403.6917204881187,396.844903934279,17.5,100.0,-0.8945880411052043,-0.9954065040084781,0.17661161407200865,0.07470343567730353,1.8082859346565838,-1.6960507749727793
TSLA,2026-07-08,2026-07-09,TSLAx,overnight,35,35,394.6053997864232,393.27903784357846,398.0048008265411,3198,483734.6934478329,393.8699951171875,393.93798828125,0.0,394.583693572836,394.0215988663505,17.5,100.0,0.017262844315490966,0.005501041715816335,0.1812015295646452,0.169420448148494,1.201631037564277,-0.1424525938707566
TSLA,2026-07-09,2026-07-10,TSLAx,overnight,35,35,409.1254785103053,402.8773662688323,409.1254785103053,3872,564310.6931333465,406.5400085449219,410.489990234375,0.0,405.1411796382788,409.05979849190646,17.5,100.0,0.9716095848944395,0.9834346820986717,-0.34408148699798247,-0.33241047444070304,1.5508719934650639,0.9672230448473096
TSLA,2026-07-10,2026-07-13,TSLAx,weekend,131,131,403.928463050986,398.96846720797794,409.1374365077272,8689,1610811.8623926588,407.7449951171875,404.6099853515625,0.0,408.635470683952,398.6320823401084,65.5,100.0,-0.7688652964885523,-1.151884251528057,0.2183903119420405,-0.1684393181706323,2.5488152913218265,-2.447998047526434
TSLA,2026-07-13,2026-07-14,TSLAx,overnight,35,35,398.30189482710887,392.8514932798336,398.4726924122832,3495,644699.832619484,394.75,399.1000061035156,0.0,393.6540147917626,397.9076056766005,17.5,100.0,1.101964814063483,1.180701799219519,-0.2776403314090903,-0.19997776602382888,1.4308712652507438,1.080540455579504
TSLA,2026-07-14,2026-07-15,TSLAx,overnight,35,35,399.0206837451072,395.3224372255486,399.0206837451072,2713,413017.5731114355,396.05999755859375,399.3949890136719,0.0,396.29944382290233,402.048588694279,17.5,100.0,0.8420419824359371,0.6866625640335133,0.060457068571584394,-0.09371806829351348,0.9355012949716857,1.4507072772844465
TSLA,2026-07-15,2026-07-16,TSLAx,overnight,35,35,392.301723995482,392.2686906981861,395.4886846221934,2852,312604.2871243091,394.1900024414063,392.3500061035156,0.0,394.70654792801935,388.38153900214337,17.5,100.0,-0.4667790472855038,-0.60926882139688,0.13103972282753062,-0.01230587671275929,0.8208643718865538,-1.6024585756376775
TSLA,2026-07-16,2026-07-17,TSLAx,overnight,35,35,381.9776472445985,381.9776472445985,390.836712063264,3332,494007.98343121895,391.1000061035156,381.7799987792969,0.0,390.9300944981839,380.3027701656456,17.5,100.0,-2.3830240804833758,-2.2900378813447975,-0.043444541723358654,0.051770251436322745,2.3192626276879125,-2.718471788717125
TSLA,2026-07-17,2026-07-20,TSLAx,weekend,131,130,384.6224035263605,378.2827095800994,385.1141546620292,5903,641412.855470359,380.6900024414063,386.0880126953125,0.0,382.02591560615406,381.487528903463,65.5,99.23664122137404,1.417954298586288,0.6796627700208724,0.3509188988889633,-0.3796049400033086,1.8059099474868612,-0.14092936648991694
TSLA,2026-07-20,2026-07-21,TSLAx,overnight,35,35,371.3034376542541,369.59726493835626,374.5072741786834,1951,1243155.0084456708,369.5899963378906,370.9800109863281,0.0,370.92057550662616,374.7978717695989,17.5,100.0,0.3760963938987949,0.10321944181850284,0.36001493057704614,0.08718169668118225,1.3284755343484722,1.0453171161176167
TSLA,2026-07-21,2026-07-22,TSLAx,overnight,35,35,375.7746309832825,375.57456430450384,379.7384212603084,2186,376629.34326529445,378.9198913574219,375.3710021972656,0.0,378.4983056024401,377.6267156336967,17.5,100.0,-0.9365803276895512,-0.7196002145432145,-0.11125986378585084,0.1075279613113933,1.1086631927578194,-0.23027579142161914
TSLA,2026-07-22,2026-07-23,TSLAx,overnight,35,35,344.7528830758218,344.7528830758218,365.8391950977036,11704,3098866.916600615,374.0509948730469,341.0,0.0,374.4543259269734,335.2086019897561,17.5,100.0,-8.835959622100297,-7.931926751713913,0.10782782547160696,1.1005522216486208,6.116355527980977,-10.480777285737929
TSLA,2026-07-23,2026-07-24,TSLAx,overnight,35,35,322.20854365264154,321.3619804702128,325.43082938989784,5214,1853874.3932098926,319.4599914550781,320.8800048828125,0.0,318.82083453742337,319.2140780317304,17.5,100.0,0.44450430905806915,1.0625745711171586,-0.20007416726692817,0.4140297773662205,1.2661264141238915,0.1233430979746375
TSLA,2026-07-24,2026-07-27,TSLAx,weekend,131,131,314.64393925359553,309.5070624106198,318.1121831223524,5321,1194182.0793059673,313.0,313.2300109863281,0.0,311.49889548122405,313.3698084703788,65.5,100.0,0.07348593812399606,1.0096484507634562,-0.4795861082351305,0.45140255329145784,2.7802663515045234,0.6006162513881419
TSLA,2026-07-27,2026-07-28,TSLAx,overnight,35,35,305.98042362188545,303.4441725170898,309.69162056780897,2413,387896.6700242703,309.239990234375,305.92498779296875,0.0,308.46336972392425,304.8906483382528,17.5,100.0,-1.0719837492213724,-0.8049403416233947,-0.2511384474763956,0.018120726036996437,2.0588459481347687,-1.1582319770639393
TSLA,2026-07-28,2026-07-29,TSLAx,overnight,35,35,307.09253357605564,302.572312934421,308.470570667315,3433,598116.9737340063,307.4873962402344,307.32000732421875,0.0,306.37910198189485,306.13386603193425,17.5,100.0,-0.05443765112402854,0.23285909174148856,-0.36043567049935943,-0.0740185288109596,1.9493712678768205,-0.08004330203145171
TSLA,2026-07-29,2026-07-30,TSLAx,overnight,35,35,304.0430080706188,294.498525565703,305.1825434458889,3290,834552.3594870758,298.3500061035156,302.885009765625,0.0,299.24014979491244,305.3070814174268,17.5,100.0,1.5200280105025055,1.6050180027640026,0.2983555130506632,0.3823227520866279,3.627868037594717,2.027445724336241
TSLA,2026-07-30,2026-07-31,TSLAx,overnight,35,35,309.8732148474912,307.9645451078835,318.511979377939,6341,1617608.4041362358,308.8900146484375,309.6000061035156,0.0,309.5620113562872,310.94759261307416,17.5,100.0,0.22985251105840376,0.10053025881326949,0.21755209815199628,0.0882457165986894,3.4248858959918804,0.44759408646954935
TSLA,2026-07-31,2026-08-03,TSLAx,weekend,131,131,311.191947439406,306.4759238367437,315.3263440407367,5086,795372.086136773,311.1199951171875,311.010009765625,0.0,311.7549854787805,314.965564398056,65.5,100.0,-0.035351424944918275,-0.1806027379192665,0.204098216623394,0.0584989769037092,2.8878027654490657,1.0298404416355433
TSLA,2026-08-03,2026-08-04,TSLAx,overnight,35,35,323.8431903612952,321.30627418406283,325.8122478054152,1925,330735.67537803564,322.1282958984375,324.0299987792969,0.0,322.04179236557616,323.45084881260266,17.5,100.0,0.5903557387144209,0.5593677710233891,-0.026853751738908915,-0.05765158124414471,1.4023920425441538,0.4375383817970313
TSLA,2026-08-04,2026-08-05,TSLAx,overnight,35,35,323.0288170627096,323.0288170627096,328.16832508798336,3557,1053009.372864052,327.4200134277344,323.6499938964844,0.0,327.5306783707667,323.1780261471349,17.5,100.0,-1.1514322205847916,-1.3744853857509343,0.033799077177287806,-0.1919285788627101,1.5910370077837355,-1.3289296273812035
TSLA,2026-08-05,2026-08-06,TSLAx,overnight,35,35,318.8550238379325,318.8550238379325,322.50244998736315,1958,243014.00295438268,321.4599914550781,317.04998779296875,0.0,321.9589846436383,317.7611172223708,17.5,100.0,-1.3718670376825504,-0.9640857853808416,0.15522715169047352,0.5693222250310992,1.1439136525208227,-1.3038516151098967
TSLA,2026-08-06,2026-08-07,TSLAx,overnight,35,35,322.20682310500644,319.255789177788,322.58433782595813,1320,190266.53486250067,319.6199951171875,322.3349914550781,0.0,319.28104689830724,324.67645532647776,17.5,100.0,0.8494450845902835,0.9163638853987743,-0.10604725112894897,-0.039762468695414555,1.0425961755438973,1.6898617943610583
TSLA,2026-08-07,2026-08-10,TSLAx,weekend,131,131,327.99599756961146,327.6932446333212,332.6360567411474,4498,528393.2753272451,328.5849914550781,326.6449890136719,0.0,327.9271358547996,328.2548434210375,65.5,100.0,-0.5904111544520974,0.020999090127871156,-0.20020865754255546,0.41360149439888527,1.5083655793261874,0.09993304316937568
TSLA,2026-08-10,2026-08-11,TSLAx,overnight,35,35,332.4373440715511,329.8839467245699,332.6963535573402,1061,308923.55241890805,330.8529968261719,332.989990234375,0.0,330.3930818576208,331.7871443602839,17.5,100.0,0.6459042017763261,0.6187363858941808,-0.1390088567922776,-0.16596479745080162,0.8525443146581768,0.42194058508278065
TSLA,2026-08-11,2026-08-12,TSLAx,overnight,35,35,334.74616620081764,332.3549847184549,334.74616620081764,1882,176612.0611822979,332.7699890136719,335.0,0.0,332.35434168675835,331.0054512258921,17.5,100.0,0.6701358475678321,0.7196609804825727,-0.12490529213451396,-0.07577128333802197,0.7194661107274625,-0.4058591363724551
TSLA,2026-08-12,2026-08-13,TSLAx,overnight,35,35,326.5081191014759,325.2158164566673,328.3271467864617,1418,106142.61005747844,327.45001220703125,327.3299865722656,0.0,327.4410179040068,329.4611019867188,17.5,100.0,-0.03665464354594139,-0.28490590717756836,-0.00274677132054979,-0.25108224253944655,0.9566971138406988,0.6169306752229264
TSLA,2026-08-13,2026-08-14,TSLAx,overnight,35,35,343.9363114152054,339.4538064286875,343.9363114152054,2922,523118.6991420676,340.07000732421875,342.3299865722656,0.0,339.54619779839214,347.230517586326,17.5,100.0,0.6645629427390887,1.292935584400201,-0.1540299098847675,0.4692328764487774,1.3205051472768181,2.2631146623813825
TSLA,2026-08-14,2026-08-17,TSLAx,weekend,131,131,340.72936497830506,338.79159895333083,345.0094720879245,4171,702840.1031370792,342.32000732421875,340.69000244140625,0.0,342.4222993347699,340.0010370400495,65.5,100.0,-0.4761640710262971,-0.49439956444242705,0.029881984214341628,0.011553769296646088,1.8353091262603094,-0.707098310893961
TSLA,2026-08-17,2026-08-18,TSLAx,overnight,35,35,333.8991696146841,333.5330887503584,340.3977558587927,2123,553799.2599791083,339.3399963378906,333.1820068359375,0.0,339.0716073859305,337.16964213410364,17.5,100.0,-1.81469604774247,-1.525470625843095,-0.07909145837700082,0.21524655114397717,2.0581667426623262,-0.5609332100938946
TSLA,2026-08-18,2026-08-19,TSLAx,overnight,35,35,338.14144880223824,334.5802075895379,338.14144880223824,1508,317577.3090980072,336.885009765625,338.9049987792969,0.0,336.6661071992618,338.7920382526931,17.5,100.0,0.5996078647361625,0.4382210063406333,-0.06497842290920097,-0.22529911916580048,1.064390879053212,0.6314657186959005
TSLA,2026-08-19,2026-08-20,TSLAx,overnight,35,35,345.5777358555733,345.5777358555733,351.7365220012212,2548,533621.1734524234,351.110107421875,345.8900146484375,0.0,349.1187403791437,344.9437895810704,17.5,100.0,-1.4867395335803613,-1.0142693914754752,-0.5671631208094552,-0.09028268514245097,1.7821709869127345,-1.1958541078428642
TSLA,2026-08-20,2026-08-21,TSLAx,overnight,35,35,349.2391353902544,345.7178127833332,350.69200103747016,3107,629322.8530663749,345.2799987792969,349.7550048828125,0.0,343.0683809736757,349.73666767005074,17.5,100.0,1.2960513552295438,1.7986951753073965,-0.6405287921223746,-0.14749452769974303,1.4388001052333177,1.9437194058658402
TSLA,2026-08-21,2026-08-24,TSLAx,weekend,131,131,361.3498547823849,360.6592517587512,366.4831536386088,11474,1130255.8153841936,362.8800048828125,361.75,0.0,364.056523930097,356.053950678972,65.5,100.0,-0.31139904861317014,-0.7434749742959657,0.324217105228608,-0.11061374363927623,1.6147934238363248,-2.1981677912909947
TSLA,2026-08-24,2026-08-25,TSLAx,overnight,35,35,350.7560696476912,348.08963207751134,351.9243124696882,3005,228930.8458900115,348.94000244140625,349.6300048828125,0.0,349.9138714890904,351.4154938989381,17.5,100.0,0.19774243038304107,0.2406872739902477,0.2790935521494786,0.3220732629215073,1.101635911788068,0.42914057778200565
TSLA,2026-08-25,2026-08-26,TSLAx,overnight,35,35,346.21617337113173,346.21617337113173,351.3805576597656,1811,167661.02879973556,350.1400146484375,345.25,0.0,351.1128834621561,347.049789265474,17.5,100.0,-1.396588348620298,-1.3946255810212027,0.27785136603009075,0.2798474644842175,1.4916646551626611,-1.1572045310949242
TSLA,2026-08-26,2026-08-27,TSLAx,overnight,35,35,346.2875635325038,345.5227876969138,347.752513454418,10474,605548.0641457782,345.8800048828125,346.29998779296875,0.0,346.30079156173497,349.1238964272785,17.5,100.0,0.12142445478990904,-0.0038198091236063547,0.12165683849374442,-0.0035877161140396296,0.645319451248505,0.8152175606680023
TSLA,2026-08-27,2026-08-28,TSLAx,overnight,35,35,356.1347743863458,354.00680391418126,357.56311092686724,3320,263383.3039001283,354.5899963378906,357.0950012207031,0.0,354.74481376234604,356.62762074535937,17.5,100.0,0.7064510867998308,0.39181985756411297,0.04366096789372165,-0.2688995452400311,1.0045871924959204,0.5307496853991234
TSLA,2026-08-28,2026-08-31,TSLAx,weekend,131,131,347.3390001659038,345.9211603163344,353.0450700026161,7115,712052.2095845444,348.760009765625,347.1499938964844,0.0,348.4711013958628,354.89340212792854,65.5,100.0,-0.46164004589361873,-0.32487664699428764,-0.08283873198546843,0.054445131137126346,2.0594026915748964,1.842993782365343
TSLA,2026-08-31,2026-09-01,TSLAx,overnight,35,35,360.43388453551154,360.43388453551154,368.384862635156,2205,329306.9959124774,367.9200134277344,360.8550109863281,0.0,367.5274850569271,357.90048563794534,17.5,100.0,-1.9202549966186977,-1.9300870845936346,-0.10668850741504254,-0.11670239791474746,2.205946344331866,-2.6193957759351294
TSLA,2026-09-01,2026-09-02,TSLAx,overnight,35,35,359.8687945964202,355.1452269954739,359.8687945964202,2437,541275.0213439249,356.1199951171875,360.6099853515625,0.0,356.08211798372474,354.806449157779,17.5,100.0,1.2608082376552643,1.0634279065000696,-0.010636059188506852,-0.2055380564184084,1.3300383172561991,-0.35825130258410054
TSLA,2026-09-02,2026-09-03,TSLAx,overnight,35,35,364.53129568629487,355.49447051721893,364.53129568629487,2928,372289.905874862,356.989990234375,365.9150085449219,0.0,355.4248410110016,371.7926920934824,17.5,100.0,2.500075227511922,2.5621323060566192,-0.43842944233417613,-0.3781514358018323,2.542043806174532,4.605151130101848
TSLA,2026-09-03,2026-09-04,TSLAx,overnight,35,35,363.29702129576486,363.29702129576486,377.6435132269896,6266,995968.6755950203,376.3550109863281,362.1799926757813,0.0,378.2666191068562,360.7652965902794,17.5,100.0,-3.7663955299539698,-3.957419728559919,0.5079268416058103,0.3084180911626211,3.9489704264723535,-4.626716086632232
TSLA,2026-09-04,2026-09-08,TSLAx,holiday,179,179,356.5951236311092,352.9628368309712,357.1461925350744,33710,2390780.1798868636,353.94989013671875,357.2699890136719,0.0,354.373533346995,358.92597823930413,89.5,100.0,0.9380138176256159,0.6269063784565709,0.11969016577815239,-0.1888950662847,1.185211378530071,1.2846458507530523
TSLA,2026-09-08,2026-09-09,TSLAx,overnight,35,35,366.2356013719405,364.1935627859085,368.1249009830512,4075,358238.01035513944,368.0400085449219,368.3550109863281,0.0,367.92973828039976,371.72070569045513,17.5,100.0,0.08558918435297436,-0.4604512036393671,-0.029961488414831372,-0.5753714626312689,1.0794639441372267,1.0303509109574227
TSLA,2026-09-09,2026-09-10,TSLAx,overnight,35,35,360.6900935920302,360.6900935920302,367.42841332720064,12119,818593.2076667324,367.7999877929688,360.3999938964844,0.0,368.5386544642982,362.44016262346577,17.5,100.0,-2.0119614306919997,-2.129643872411835,0.2008337944114258,0.08049381255794685,1.8681743288442076,-1.6547767152667037
TSLA,2026-09-10,2026-09-11,TSLAx,overnight,35,35,364.30941453472064,361.2673789579601,365.26084252655454,6454,501051.9749680744,363.6099853515625,364.1400146484375,0.0,363.50830246178793,364.96899990379865,17.5,100.0,0.14576863073838542,0.22038343209971334,-0.027964823264203797,0.04652053591163163,1.105403864614951,0.40183330947833884
TSLA,2026-09-11,2026-09-14,TSLAx,weekend,131,131,358.86063266100507,358.0590892981497,368.2264149632822,64050,3592190.438419114,365.4700012207031,359.95001220703125,0.0,365.4828534468453,362.83554048020056,65.5,100.0,-1.510380878111639,-1.8119101138087568,0.0035166295726751784,-0.3026474535579693,2.8395664204648563,-0.7243330136224135
TSLA,2026-09-14,2026-09-15,TSLAx,overnight,35,35,358.89162590752704,357.1271142075741,361.0301048029788,5963,382048.8240911342,358.9700012207031,358.7250061035156,0.0,360.2054203726706,358.84837397384933,17.5,100.0,-0.06824946829940837,-0.3647347848858784,0.34415665592286704,0.046447780661074134,1.0928855413470995,-0.3767423592396901
TSLA,2026-09-15,2026-09-16,TSLAx,overnight,35,35,357.75372278707755,355.76608319746333,358.0355261154788,3110,294008.1672929416,356.6400146484375,357.7099914550781,0.0,355.38838072554114,357.8462180802373,17.5,100.0,0.3000159159637139,0.6655653898159031,-0.35095162390293977,0.012225359381634604,0.6379031125223422,0.6915919281543115
TSLA,2026-09-16,2026-09-17,TSLAx,overnight,35,35,365.95341980734014,357.9568564660684,365.95341980734014,2645,284115.4729654261,358.1300048828125,367.5899963378906,0.0,357.87531134562056,367.174041845152,17.5,100.0,2.641496475050631,2.257241057324033,-0.07111762033881197,-0.445217918565477,2.233946129770459,2.5983157274996005
TSLA,2026-09-17,2026-09-18,TSLAx,overnight,35,35,368.360636135134,365.201729045122,369.18501774620415,2510,216902.85205296884,366.0400085449219,369.2799987792969,0.0,366.7104590434018,368.2014780048109,17.5,100.0,0.8851464754507488,0.44999455320604564,0.18316317419646566,-0.24896085550313307,1.0907091572367689,0.40659297400422734
TSLA,2026-09-18,2026-09-21,TSLAx,weekend,131,131,370.6877253445951,362.4138640777877,370.6877253445951,20678,1227321.6819846323,364.2300109863281,371.6400146484375,0.0,363.7656879068702,374.5032238037864,65.5,100.0,2.034429739066046,1.9028835505499941,-0.12748073070655286,-0.256239712169648,2.282986962394884,2.9517725980976017
TSLA,2026-09-21,2026-09-22,TSLAx,overnight,35,35,378.6843757855757,374.6522571650592,378.6843757855757,25593,1227129.4327852821,375.3200073242188,379.0690002441406,0.0,374.9219258977552,375.3750097107074,17.5,100.0,0.9988790490146338,1.0035289024004745,-0.10606453658084103,-0.10146555332068985,1.0762296351894296,0.12084751028291763
TSLA,2026-09-22,2026-09-23,TSLAx,overnight,35,35,378.5810334214873,377.7897149899848,380.1742639769234,27355,414037.7372533117,378.8599853515625,379.93499755859375,0.0,379.442414761173,382.466426037381,17.5,100.0,0.28374920778020396,-0.22701240192872785,0.15373209949052224,-0.356367311726169,0.631184199125645,0.7969618467960071
TSLA,2026-09-23,2026-09-24,TSLAx,overnight,35,35,376.93404672892245,375.1205434660004,380.2357815378661,14284,1377535.8168211656,380.239990234375,377.3500061035156,0.0,379.2774164968211,377.7460202735139,17.5,100.0,-0.7600421326220963,-0.6178511205710779,-0.25314900122961337,-0.11023171269780585,1.3636251495592333,-0.4037667830190994
TSLA,2026-09-24,2026-09-25,TSLAx,overnight,35,35,380.5335144046109,377.2957070201172,382.20769918535535,7423,776813.1744162791,377.9100036621094,384.8989868164063,0.0,378.9145485992548,375.5651038728706,17.5,100.0,1.8493776525021044,0.42726409195450454,0.26581591580294717,-1.1341865168062126,1.3018945283086003,-0.8839578049367969
TSLA,2026-09-25,2026-09-28,TSLAx,weekend,131,131,369.3937873734823,367.0434236917735,373.4406864536653,12267,958078.1343850994,372.0799865722656,368.05999755859375,0.0,371.9900577975481,365.56106935971405,65.5,100.0,-1.080409900759638,-0.6979408104177853,-0.02416920499970221,0.3623838025690995,1.7429171452105763,-1.728268888662865
TSLA,2026-09-28,2026-09-29,TSLAx,overnight,35,35,358.6127377104121,356.0352367393919,359.24873652111285,6214,651715.7546742483,357.3900146484375,358.4200134277344,0.0,357.68241550322944,354.95092937235773,17.5,100.0,0.2882002118358207,0.26009727256894877,0.08181561957727457,0.05377051377086772,0.9025791410846029,-0.7636624034281114
TSLA,2026-09-29,2026-09-30,TSLAx,overnight,35,35,352.66548051862577,350.21234106046404,355.07895948065567,4432,492604.31897792383,352.8999938964844,351.7909851074219,0.0,352.7481556247732,348.6442574410056,17.5,100.0,-0.31425582551520836,-0.023437431161321687,-0.043025864079704323,0.24858380351526765,1.389619339357151,-1.1634074107344072
