ticker,day,open,close,open_utc,close_utc,early_close,dividend
AAPL,2025-07-01,206.6649932861328,207.8600006103516,2025-07-01 13:30:00+00:00,2025-07-01 20:00:00+00:00,False,0.0
AAPL,2025-07-02,209.0800018310547,212.41000366210935,2025-07-02 13:30:00+00:00,2025-07-02 20:00:00+00:00,False,0.0
AAPL,2025-07-03,212.1450042724609,214.1000061035156,2025-07-03 13:30:00+00:00,2025-07-03 17:00:00+00:00,True,0.0
AAPL,2025-07-07,212.67999267578125,209.94000244140625,2025-07-07 13:30:00+00:00,2025-07-07 20:00:00+00:00,False,0.0
AAPL,2025-07-08,210.1300048828125,210.03500366210935,2025-07-08 13:30:00+00:00,2025-07-08 20:00:00+00:00,False,0.0
AAPL,2025-07-09,209.52999877929688,211.1100006103516,2025-07-09 13:30:00+00:00,2025-07-09 20:00:00+00:00,False,0.0
AAPL,2025-07-10,210.5050048828125,212.4199981689453,2025-07-10 13:30:00+00:00,2025-07-10 20:00:00+00:00,False,0.0
AAPL,2025-07-11,210.56500244140625,211.0749969482422,2025-07-11 13:30:00+00:00,2025-07-11 20:00:00+00:00,False,0.0
AAPL,2025-07-14,209.90899658203125,208.5399932861328,2025-07-14 13:30:00+00:00,2025-07-14 20:00:00+00:00,False,0.0
AAPL,2025-07-15,209.1499938964844,209.00999450683597,2025-07-15 13:30:00+00:00,2025-07-15 20:00:00+00:00,False,0.0
AAPL,2025-07-16,210.2899932861328,210.22000122070312,2025-07-16 13:30:00+00:00,2025-07-16 20:00:00+00:00,False,0.0
AAPL,2025-07-17,210.625,210.06100463867188,2025-07-17 13:30:00+00:00,2025-07-17 20:00:00+00:00,False,0.0
AAPL,2025-07-18,210.7550048828125,211.22000122070312,2025-07-18 13:30:00+00:00,2025-07-18 20:00:00+00:00,False,0.0
AAPL,2025-07-21,212.0500030517578,212.5399932861328,2025-07-21 13:30:00+00:00,2025-07-21 20:00:00+00:00,False,0.0
AAPL,2025-07-22,213.2350006103516,214.38999938964844,2025-07-22 13:30:00+00:00,2025-07-22 20:00:00+00:00,False,0.0
AAPL,2025-07-23,215.0449981689453,214.30999755859372,2025-07-23 13:30:00+00:00,2025-07-23 20:00:00+00:00,False,0.0
AAPL,2025-07-24,214.05999755859372,213.75999450683597,2025-07-24 13:30:00+00:00,2025-07-24 20:00:00+00:00,False,0.0
AAPL,2025-07-25,214.6999969482422,213.9600067138672,2025-07-25 13:30:00+00:00,2025-07-25 20:00:00+00:00,False,0.0
AAPL,2025-07-28,214.02999877929688,214.0399932861328,2025-07-28 13:30:00+00:00,2025-07-28 20:00:00+00:00,False,0.0
AAPL,2025-07-29,214.16000366210935,211.3500061035156,2025-07-29 13:30:00+00:00,2025-07-29 20:00:00+00:00,False,0.0
AAPL,2025-07-30,211.8950042724609,209.0200042724609,2025-07-30 13:30:00+00:00,2025-07-30 20:00:00+00:00,False,0.0
AAPL,2025-07-31,208.3800048828125,207.6100006103516,2025-07-31 13:30:00+00:00,2025-07-31 20:00:00+00:00,False,0.0
AAPL,2025-08-01,210.88999938964844,202.2700042724609,2025-08-01 13:30:00+00:00,2025-08-01 20:00:00+00:00,False,0.0
AAPL,2025-08-04,204.5050048828125,203.33999633789065,2025-08-04 13:30:00+00:00,2025-08-04 20:00:00+00:00,False,0.0
AAPL,2025-08-05,203.43499755859372,202.92999267578125,2025-08-05 13:30:00+00:00,2025-08-05 20:00:00+00:00,False,0.0
AAPL,2025-08-06,205.6000061035156,213.25,2025-08-06 13:30:00+00:00,2025-08-06 20:00:00+00:00,False,0.0
AAPL,2025-08-07,218.875,220.1300048828125,2025-08-07 13:30:00+00:00,2025-08-07 20:00:00+00:00,False,0.0
AAPL,2025-08-08,220.82000732421875,229.3699951171875,2025-08-08 13:30:00+00:00,2025-08-08 20:00:00+00:00,False,0.0
AAPL,2025-08-11,227.9199981689453,227.2050018310547,2025-08-11 13:30:00+00:00,2025-08-11 20:00:00+00:00,False,0.26
AAPL,2025-08-12,228.0050048828125,229.6499938964844,2025-08-12 13:30:00+00:00,2025-08-12 20:00:00+00:00,False,0.0
AAPL,2025-08-13,231.07000732421875,233.3300018310547,2025-08-13 13:30:00+00:00,2025-08-13 20:00:00+00:00,False,0.0
AAPL,2025-08-14,234.05499267578125,232.8300018310547,2025-08-14 13:30:00+00:00,2025-08-14 20:00:00+00:00,False,0.0
AAPL,2025-08-15,233.72999572753903,231.6499938964844,2025-08-15 13:30:00+00:00,2025-08-15 20:00:00+00:00,False,0.0
AAPL,2025-08-18,231.77999877929688,230.8800048828125,2025-08-18 13:30:00+00:00,2025-08-18 20:00:00+00:00,False,0.0
AAPL,2025-08-19,231.2749938964844,230.5399932861328,2025-08-19 13:30:00+00:00,2025-08-19 20:00:00+00:00,False,0.0
AAPL,2025-08-20,229.97000122070312,225.9600067138672,2025-08-20 13:30:00+00:00,2025-08-20 20:00:00+00:00,False,0.0
AAPL,2025-08-21,226.27999877929688,224.91000366210935,2025-08-21 13:30:00+00:00,2025-08-21 20:00:00+00:00,False,0.0
AAPL,2025-08-22,226.1699981689453,227.75,2025-08-22 13:30:00+00:00,2025-08-22 20:00:00+00:00,False,0.0
AAPL,2025-08-25,226.40499877929688,227.1499938964844,2025-08-25 13:30:00+00:00,2025-08-25 20:00:00+00:00,False,0.0
AAPL,2025-08-26,226.8699951171875,229.3000030517578,2025-08-26 13:30:00+00:00,2025-08-26 20:00:00+00:00,False,0.0
AAPL,2025-08-27,228.5800018310547,230.44000244140625,2025-08-27 13:30:00+00:00,2025-08-27 20:00:00+00:00,False,0.0
AAPL,2025-08-28,230.80999755859372,232.4900054931641,2025-08-28 13:30:00+00:00,2025-08-28 20:00:00+00:00,False,0.0
AAPL,2025-08-29,232.55999755859372,232.2700042724609,2025-08-29 13:30:00+00:00,2025-08-29 20:00:00+00:00,False,0.0
AAPL,2025-09-02,229.6999969482422,229.7100067138672,2025-09-02 13:30:00+00:00,2025-09-02 20:00:00+00:00,False,0.0
AAPL,2025-09-03,237.1999969482422,238.4900054931641,2025-09-03 13:30:00+00:00,2025-09-03 20:00:00+00:00,False,0.0
AAPL,2025-09-04,238.4499969482422,239.7100067138672,2025-09-04 13:30:00+00:00,2025-09-04 20:00:00+00:00,False,0.0
AAPL,2025-09-05,239.9900054931641,239.6699981689453,2025-09-05 13:30:00+00:00,2025-09-05 20:00:00+00:00,False,0.0
AAPL,2025-09-08,239.3000030517578,237.9199981689453,2025-09-08 13:30:00+00:00,2025-09-08 20:00:00+00:00,False,0.0
AAPL,2025-09-09,237.0,234.3500061035156,2025-09-09 13:30:00+00:00,2025-09-09 20:00:00+00:00,False,0.0
AAPL,2025-09-10,232.0249938964844,226.77999877929688,2025-09-10 13:30:00+00:00,2025-09-10 20:00:00+00:00,False,0.0
AAPL,2025-09-11,226.875,230.0200042724609,2025-09-11 13:30:00+00:00,2025-09-11 20:00:00+00:00,False,0.0
AAPL,2025-09-12,230.0,234.05999755859372,2025-09-12 13:30:00+00:00,2025-09-12 20:00:00+00:00,False,0.0
AAPL,2025-09-15,237.0,236.75999450683597,2025-09-15 13:30:00+00:00,2025-09-15 20:00:00+00:00,False,0.0
AAPL,2025-09-16,237.0,238.13999938964844,2025-09-16 13:30:00+00:00,2025-09-16 20:00:00+00:00,False,0.0
AAPL,2025-09-17,238.97000122070312,238.97000122070312,2025-09-17 13:30:00+00:00,2025-09-17 20:00:00+00:00,False,0.0
AAPL,2025-09-18,239.9499969482422,237.8500061035156,2025-09-18 13:30:00+00:00,2025-09-18 20:00:00+00:00,False,0.0
AAPL,2025-09-19,241.1750030517578,245.2899932861328,2025-09-19 13:30:00+00:00,2025-09-19 20:00:00+00:00,False,0.0
AAPL,2025-09-22,248.33999633789065,256.0899963378906,2025-09-22 13:30:00+00:00,2025-09-22 20:00:00+00:00,False,0.0
AAPL,2025-09-23,256.5,254.52999877929688,2025-09-23 13:30:00+00:00,2025-09-23 20:00:00+00:00,False,0.0
AAPL,2025-09-24,255.0,252.2400054931641,2025-09-24 13:30:00+00:00,2025-09-24 20:00:00+00:00,False,0.0
AAPL,2025-09-25,253.0,256.94000244140625,2025-09-25 13:30:00+00:00,2025-09-25 20:00:00+00:00,False,0.0
AAPL,2025-09-26,254.0,255.4600067138672,2025-09-26 13:30:00+00:00,2025-09-26 20:00:00+00:00,False,0.0
AAPL,2025-09-29,254.0,254.3500061035156,2025-09-29 13:30:00+00:00,2025-09-29 20:00:00+00:00,False,0.0
AAPL,2025-09-30,255.0,254.55999755859372,2025-09-30 13:30:00+00:00,2025-09-30 20:00:00+00:00,False,0.0
AAPL,2025-10-01,255.25,255.41000366210935,2025-10-01 13:30:00+00:00,2025-10-01 20:00:00+00:00,False,0.0
AAPL,2025-10-02,256.5899963378906,257.1400146484375,2025-10-02 13:30:00+00:00,2025-10-02 20:00:00+00:00,False,0.0
AAPL,2025-10-03,254.6649932861328,258.0150146484375,2025-10-03 13:30:00+00:00,2025-10-03 20:00:00+00:00,False,0.0
AAPL,2025-10-06,257.94500732421875,256.6499938964844,2025-10-06 13:30:00+00:00,2025-10-06 20:00:00+00:00,False,0.0
AAPL,2025-10-07,256.82000732421875,256.489990234375,2025-10-07 13:30:00+00:00,2025-10-07 20:00:00+00:00,False,0.0
AAPL,2025-10-08,256.5299987792969,258.0299987792969,2025-10-08 13:30:00+00:00,2025-10-08 20:00:00+00:00,False,0.0
AAPL,2025-10-09,257.3299865722656,253.97999572753903,2025-10-09 13:30:00+00:00,2025-10-09 20:00:00+00:00,False,0.0
AAPL,2025-10-10,255.32000732421875,245.27999877929688,2025-10-10 13:30:00+00:00,2025-10-10 20:00:00+00:00,False,0.0
AAPL,2025-10-13,249.3800048828125,247.58999633789065,2025-10-13 13:30:00+00:00,2025-10-13 20:00:00+00:00,False,0.0
AAPL,2025-10-14,246.6150054931641,247.8500061035156,2025-10-14 13:30:00+00:00,2025-10-14 20:00:00+00:00,False,0.0
AAPL,2025-10-15,249.3800048828125,249.42999267578125,2025-10-15 13:30:00+00:00,2025-10-15 20:00:00+00:00,False,0.0
AAPL,2025-10-16,248.2700042724609,247.42999267578125,2025-10-16 13:30:00+00:00,2025-10-16 20:00:00+00:00,False,0.0
AAPL,2025-10-17,248.0200042724609,252.3000030517578,2025-10-17 13:30:00+00:00,2025-10-17 20:00:00+00:00,False,0.0
AAPL,2025-10-20,255.88499450683597,262.2300109863281,2025-10-20 13:30:00+00:00,2025-10-20 20:00:00+00:00,False,0.0
AAPL,2025-10-21,261.8800048828125,262.8399963378906,2025-10-21 13:30:00+00:00,2025-10-21 20:00:00+00:00,False,0.0
AAPL,2025-10-22,262.7900085449219,258.42999267578125,2025-10-22 13:30:00+00:00,2025-10-22 20:00:00+00:00,False,0.0
AAPL,2025-10-23,259.8900146484375,259.5799865722656,2025-10-23 13:30:00+00:00,2025-10-23 20:00:00+00:00,False,0.0
AAPL,2025-10-24,261.19000244140625,262.739990234375,2025-10-24 13:30:00+00:00,2025-10-24 20:00:00+00:00,False,0.0
AAPL,2025-10-27,264.8800048828125,268.739990234375,2025-10-27 13:30:00+00:00,2025-10-27 20:00:00+00:00,False,0.0
AAPL,2025-10-28,269.135009765625,269.0299987792969,2025-10-28 13:30:00+00:00,2025-10-28 20:00:00+00:00,False,0.0
AAPL,2025-10-29,269.2749938964844,269.7300109863281,2025-10-29 13:30:00+00:00,2025-10-29 20:00:00+00:00,False,0.0
AAPL,2025-10-30,271.989990234375,271.2900085449219,2025-10-30 13:30:00+00:00,2025-10-30 20:00:00+00:00,False,0.0
AAPL,2025-10-31,276.989990234375,270.25,2025-10-31 13:30:00+00:00,2025-10-31 20:00:00+00:00,False,0.0
AAPL,2025-11-03,270.4200134277344,269.0599975585937,2025-11-03 14:30:00+00:00,2025-11-03 21:00:00+00:00,False,0.0
AAPL,2025-11-04,268.24249267578125,270.2099914550781,2025-11-04 14:30:00+00:00,2025-11-04 21:00:00+00:00,False,0.0
AAPL,2025-11-05,268.5899963378906,270.1099853515625,2025-11-05 14:30:00+00:00,2025-11-05 21:00:00+00:00,False,0.0
AAPL,2025-11-06,267.8900146484375,269.6600036621094,2025-11-06 14:30:00+00:00,2025-11-06 21:00:00+00:00,False,0.0
AAPL,2025-11-07,269.7950134277344,268.4200134277344,2025-11-07 14:30:00+00:00,2025-11-07 21:00:00+00:00,False,0.0
AAPL,2025-11-10,268.95001220703125,269.3599853515625,2025-11-10 14:30:00+00:00,2025-11-10 21:00:00+00:00,False,0.26
AAPL,2025-11-11,269.8099975585937,275.29998779296875,2025-11-11 14:30:00+00:00,2025-11-11 21:00:00+00:00,False,0.0
AAPL,2025-11-12,275.07501220703125,273.4700012207031,2025-11-12 14:30:00+00:00,2025-11-12 21:00:00+00:00,False,0.0
AAPL,2025-11-13,274.2699890136719,273.0400085449219,2025-11-13 14:30:00+00:00,2025-11-13 21:00:00+00:00,False,0.0
AAPL,2025-11-14,271.04998779296875,272.4100036621094,2025-11-14 14:30:00+00:00,2025-11-14 21:00:00+00:00,False,0.0
AAPL,2025-11-17,268.7200012207031,267.4599914550781,2025-11-17 14:30:00+00:00,2025-11-17 21:00:00+00:00,False,0.0
AAPL,2025-11-18,269.9150085449219,267.510009765625,2025-11-18 14:30:00+00:00,2025-11-18 21:00:00+00:00,False,0.0
AAPL,2025-11-19,265.5249938964844,268.57000732421875,2025-11-19 14:30:00+00:00,2025-11-19 21:00:00+00:00,False,0.0
AAPL,2025-11-20,270.8099975585937,266.3800048828125,2025-11-20 14:30:00+00:00,2025-11-20 21:00:00+00:00,False,0.0
AAPL,2025-11-21,265.8800048828125,271.489990234375,2025-11-21 14:30:00+00:00,2025-11-21 21:00:00+00:00,False,0.0
AAPL,2025-11-24,270.8999938964844,275.9800109863281,2025-11-24 14:30:00+00:00,2025-11-24 21:00:00+00:00,False,0.0
AAPL,2025-11-25,275.29998779296875,276.95001220703125,2025-11-25 14:30:00+00:00,2025-11-25 21:00:00+00:00,False,0.0
AAPL,2025-11-26,276.9599914550781,277.4700012207031,2025-11-26 14:30:00+00:00,2025-11-26 21:00:00+00:00,False,0.0
AAPL,2025-11-28,277.260009765625,277.0599975585937,2025-11-28 14:30:00+00:00,2025-11-28 18:00:00+00:00,True,0.0
AAPL,2025-12-01,278.1499938964844,283.32000732421875,2025-12-01 14:30:00+00:00,2025-12-01 21:00:00+00:00,False,0.0
AAPL,2025-12-02,283.0,286.2300109863281,2025-12-02 14:30:00+00:00,2025-12-02 21:00:00+00:00,False,0.0
AAPL,2025-12-03,286.20001220703125,284.1499938964844,2025-12-03 14:30:00+00:00,2025-12-03 21:00:00+00:00,False,0.0
AAPL,2025-12-04,284.1099853515625,280.6499938964844,2025-12-04 14:30:00+00:00,2025-12-04 21:00:00+00:00,False,0.0
AAPL,2025-12-05,280.5400085449219,278.7900085449219,2025-12-05 14:30:00+00:00,2025-12-05 21:00:00+00:00,False,0.0
AAPL,2025-12-08,278.1684875488281,277.9599914550781,2025-12-08 14:30:00+00:00,2025-12-08 21:00:00+00:00,False,0.0
AAPL,2025-12-09,277.8900146484375,277.2300109863281,2025-12-09 14:30:00+00:00,2025-12-09 21:00:00+00:00,False,0.0
AAPL,2025-12-10,277.8699951171875,278.7200012207031,2025-12-10 14:30:00+00:00,2025-12-10 21:00:00+00:00,False,0.0
AAPL,2025-12-11,279.0950012207031,278.0599975585937,2025-12-11 14:30:00+00:00,2025-12-11 21:00:00+00:00,False,0.0
AAPL,2025-12-12,277.7950134277344,278.3699951171875,2025-12-12 14:30:00+00:00,2025-12-12 21:00:00+00:00,False,0.0
AAPL,2025-12-15,280.0,274.114990234375,2025-12-15 14:30:00+00:00,2025-12-15 21:00:00+00:00,False,0.0
AAPL,2025-12-16,272.82000732421875,274.4700012207031,2025-12-16 14:30:00+00:00,2025-12-16 21:00:00+00:00,False,0.0
AAPL,2025-12-17,275.010009765625,271.8599853515625,2025-12-17 14:30:00+00:00,2025-12-17 21:00:00+00:00,False,0.0
AAPL,2025-12-18,273.6050109863281,272.1600036621094,2025-12-18 14:30:00+00:00,2025-12-18 21:00:00+00:00,False,0.0
AAPL,2025-12-19,272.1449890136719,273.6700134277344,2025-12-19 14:30:00+00:00,2025-12-19 21:00:00+00:00,False,0.0
AAPL,2025-12-22,272.8599853515625,270.82000732421875,2025-12-22 14:30:00+00:00,2025-12-22 21:00:00+00:00,False,0.0
AAPL,2025-12-23,270.3599853515625,272.239990234375,2025-12-23 14:30:00+00:00,2025-12-23 21:00:00+00:00,False,0.0
AAPL,2025-12-24,273.25,275.3550109863281,2025-12-24 14:30:00+00:00,2025-12-24 18:00:00+00:00,True,0.0
AAPL,2025-12-26,274.25,273.25,2025-12-26 14:30:00+00:00,2025-12-26 21:00:00+00:00,False,0.0
AAPL,2025-12-29,272.5,273.79901123046875,2025-12-29 14:30:00+00:00,2025-12-29 21:00:00+00:00,False,0.0
AAPL,2025-12-30,274.0,272.989990234375,2025-12-30 14:30:00+00:00,2025-12-30 21:00:00+00:00,False,0.0
AAPL,2025-12-31,273.3599853515625,271.8399963378906,2025-12-31 14:30:00+00:00,2025-12-31 21:00:00+00:00,False,0.0
AAPL,2026-01-02,272.0,270.9800109863281,2026-01-02 14:30:00+00:00,2026-01-02 21:00:00+00:00,False,0.0
AAPL,2026-01-05,270.7149963378906,267.260009765625,2026-01-05 14:30:00+00:00,2026-01-05 21:00:00+00:00,False,0.0
AAPL,2026-01-06,267.00799560546875,262.42498779296875,2026-01-06 14:30:00+00:00,2026-01-06 21:00:00+00:00,False,0.0
AAPL,2026-01-07,263.2699890136719,260.3599853515625,2026-01-07 14:30:00+00:00,2026-01-07 21:00:00+00:00,False,0.0
AAPL,2026-01-08,256.375,259.0599975585937,2026-01-08 14:30:00+00:00,2026-01-08 21:00:00+00:00,False,0.0
AAPL,2026-01-09,259.07501220703125,259.3500061035156,2026-01-09 14:30:00+00:00,2026-01-09 21:00:00+00:00,False,0.0
AAPL,2026-01-12,259.4100036621094,260.2099914550781,2026-01-12 14:30:00+00:00,2026-01-12 21:00:00+00:00,False,0.0
AAPL,2026-01-13,258.8999938964844,261.04998779296875,2026-01-13 14:30:00+00:00,2026-01-13 21:00:00+00:00,False,0.0
AAPL,2026-01-14,259.489990234375,259.95001220703125,2026-01-14 14:30:00+00:00,2026-01-14 21:00:00+00:00,False,0.0
AAPL,2026-01-15,260.6499938964844,258.3299865722656,2026-01-15 14:30:00+00:00,2026-01-15 21:00:00+00:00,False,0.0
AAPL,2026-01-16,257.8800048828125,255.47999572753903,2026-01-16 14:30:00+00:00,2026-01-16 21:00:00+00:00,False,0.0
AAPL,2026-01-20,252.50999450683597,246.69000244140625,2026-01-20 14:30:00+00:00,2026-01-20 21:00:00+00:00,False,0.0
AAPL,2026-01-21,248.7100067138672,247.6300048828125,2026-01-21 14:30:00+00:00,2026-01-21 21:00:00+00:00,False,0.0
AAPL,2026-01-22,249.1999969482422,248.3600006103516,2026-01-22 14:30:00+00:00,2026-01-22 21:00:00+00:00,False,0.0
AAPL,2026-01-23,245.75,247.97000122070312,2026-01-23 14:30:00+00:00,2026-01-23 21:00:00+00:00,False,0.0
AAPL,2026-01-26,251.47999572753903,255.4199981689453,2026-01-26 14:30:00+00:00,2026-01-26 21:00:00+00:00,False,0.0
AAPL,2026-01-27,259.1400146484375,258.2699890136719,2026-01-27 14:30:00+00:00,2026-01-27 21:00:00+00:00,False,0.0
AAPL,2026-01-28,257.5599975585937,256.44000244140625,2026-01-28 14:30:00+00:00,2026-01-28 21:00:00+00:00,False,0.0
AAPL,2026-01-29,258.07000732421875,258.17498779296875,2026-01-29 14:30:00+00:00,2026-01-29 21:00:00+00:00,False,0.0
AAPL,2026-01-30,255.1649932861328,259.4800109863281,2026-01-30 14:30:00+00:00,2026-01-30 21:00:00+00:00,False,0.0
AAPL,2026-02-02,260.0199890136719,269.9599914550781,2026-02-02 14:30:00+00:00,2026-02-02 21:00:00+00:00,False,0.0
AAPL,2026-02-03,269.1300048828125,269.4599914550781,2026-02-03 14:30:00+00:00,2026-02-03 21:00:00+00:00,False,0.0
AAPL,2026-02-04,272.3099975585937,276.4599914550781,2026-02-04 14:30:00+00:00,2026-02-04 21:00:00+00:00,False,0.0
AAPL,2026-02-05,278.0199890136719,275.9200134277344,2026-02-05 14:30:00+00:00,2026-02-05 21:00:00+00:00,False,0.0
AAPL,2026-02-06,277.1600036621094,278.0799865722656,2026-02-06 14:30:00+00:00,2026-02-06 21:00:00+00:00,False,0.0
AAPL,2026-02-09,277.9049987792969,274.5400085449219,2026-02-09 14:30:00+00:00,2026-02-09 21:00:00+00:00,False,0.26
AAPL,2026-02-10,274.885009765625,273.7900085449219,2026-02-10 14:30:00+00:00,2026-02-10 21:00:00+00:00,False,0.0
AAPL,2026-02-11,274.69500732421875,275.5400085449219,2026-02-11 14:30:00+00:00,2026-02-11 21:00:00+00:00,False,0.0
AAPL,2026-02-12,275.6000061035156,261.5899963378906,2026-02-12 14:30:00+00:00,2026-02-12 21:00:00+00:00,False,0.0
AAPL,2026-02-13,262.010009765625,255.82000732421875,2026-02-13 14:30:00+00:00,2026-02-13 21:00:00+00:00,False,0.0
AAPL,2026-02-17,258.04998779296875,263.75,2026-02-17 14:30:00+00:00,2026-02-17 21:00:00+00:00,False,0.0
AAPL,2026-02-18,263.5,264.32000732421875,2026-02-18 14:30:00+00:00,2026-02-18 21:00:00+00:00,False,0.0
AAPL,2026-02-19,262.6000061035156,260.510009765625,2026-02-19 14:30:00+00:00,2026-02-19 21:00:00+00:00,False,0.0
AAPL,2026-02-20,258.9549865722656,264.5899963378906,2026-02-20 14:30:00+00:00,2026-02-20 21:00:00+00:00,False,0.0
AAPL,2026-02-23,263.489990234375,266.3900146484375,2026-02-23 14:30:00+00:00,2026-02-23 21:00:00+00:00,False,0.0
AAPL,2026-02-24,268.0,272.1700134277344,2026-02-24 14:30:00+00:00,2026-02-24 21:00:00+00:00,False,0.0
AAPL,2026-02-25,271.67999267578125,274.17999267578125,2026-02-25 14:30:00+00:00,2026-02-25 21:00:00+00:00,False,0.0
AAPL,2026-02-26,274.9549865722656,272.989990234375,2026-02-26 14:30:00+00:00,2026-02-26 21:00:00+00:00,False,0.0
AAPL,2026-02-27,272.8099975585937,264.1700134277344,2026-02-27 14:30:00+00:00,2026-02-27 21:00:00+00:00,False,0.0
AAPL,2026-03-02,262.44000244140625,264.6000061035156,2026-03-02 14:30:00+00:00,2026-03-02 21:00:00+00:00,False,0.0
AAPL,2026-03-03,263.4800109863281,263.7099914550781,2026-03-03 14:30:00+00:00,2026-03-03 21:00:00+00:00,False,0.0
AAPL,2026-03-04,264.6499938964844,262.45001220703125,2026-03-04 14:30:00+00:00,2026-03-04 21:00:00+00:00,False,0.0
AAPL,2026-03-05,260.7449951171875,260.3099975585937,2026-03-05 14:30:00+00:00,2026-03-05 21:00:00+00:00,False,0.0
AAPL,2026-03-06,258.739990234375,257.5350036621094,2026-03-06 14:30:00+00:00,2026-03-06 21:00:00+00:00,False,0.0
AAPL,2026-03-09,255.69000244140625,259.8900146484375,2026-03-09 13:30:00+00:00,2026-03-09 20:00:00+00:00,False,0.0
AAPL,2026-03-10,257.69500732421875,260.7200012207031,2026-03-10 13:30:00+00:00,2026-03-10 20:00:00+00:00,False,0.0
AAPL,2026-03-11,261.2099914550781,260.8099975585937,2026-03-11 13:30:00+00:00,2026-03-11 20:00:00+00:00,False,0.0
AAPL,2026-03-12,258.6400146484375,255.75,2026-03-12 13:30:00+00:00,2026-03-12 20:00:00+00:00,False,0.0
AAPL,2026-03-13,255.3999938964844,250.1150054931641,2026-03-13 13:30:00+00:00,2026-03-13 20:00:00+00:00,False,0.0
AAPL,2026-03-16,252.10499572753903,252.77999877929688,2026-03-16 13:30:00+00:00,2026-03-16 20:00:00+00:00,False,0.0
AAPL,2026-03-17,253.07850646972656,254.22999572753903,2026-03-17 13:30:00+00:00,2026-03-17 20:00:00+00:00,False,0.0
AAPL,2026-03-18,252.625,249.91000366210935,2026-03-18 13:30:00+00:00,2026-03-18 20:00:00+00:00,False,0.0
AAPL,2026-03-19,249.3999938964844,248.9069976806641,2026-03-19 13:30:00+00:00,2026-03-19 20:00:00+00:00,False,0.0
AAPL,2026-03-20,248.1100006103516,248.19000244140625,2026-03-20 13:30:00+00:00,2026-03-20 20:00:00+00:00,False,0.0
AAPL,2026-03-23,253.9900054931641,251.44000244140625,2026-03-23 13:30:00+00:00,2026-03-23 20:00:00+00:00,False,0.0
AAPL,2026-03-24,250.4900054931641,251.75,2026-03-24 13:30:00+00:00,2026-03-24 20:00:00+00:00,False,0.0
AAPL,2026-03-25,254.0200042724609,252.57000732421875,2026-03-25 13:30:00+00:00,2026-03-25 20:00:00+00:00,False,0.0
AAPL,2026-03-26,251.9949951171875,252.8800048828125,2026-03-26 13:30:00+00:00,2026-03-26 20:00:00+00:00,False,0.0
AAPL,2026-03-27,253.91000366210935,248.6199951171875,2026-03-27 13:30:00+00:00,2026-03-27 20:00:00+00:00,False,0.0
AAPL,2026-03-30,249.9949951171875,246.5399932861328,2026-03-30 13:30:00+00:00,2026-03-30 20:00:00+00:00,False,0.0
AAPL,2026-03-31,247.88999938964844,253.7899932861328,2026-03-31 13:30:00+00:00,2026-03-31 20:00:00+00:00,False,0.0
AAPL,2026-04-01,254.3000030517578,255.69000244140625,2026-04-01 13:30:00+00:00,2026-04-01 20:00:00+00:00,False,0.0
AAPL,2026-04-02,254.13999938964844,255.88999938964844,2026-04-02 13:30:00+00:00,2026-04-02 20:00:00+00:00,False,0.0
AAPL,2026-04-06,256.9624938964844,258.8869934082031,2026-04-06 13:30:00+00:00,2026-04-06 20:00:00+00:00,False,0.0
AAPL,2026-04-07,254.25,253.4900054931641,2026-04-07 13:30:00+00:00,2026-04-07 20:00:00+00:00,False,0.0
AAPL,2026-04-08,258.510009765625,258.92999267578125,2026-04-08 13:30:00+00:00,2026-04-08 20:00:00+00:00,False,0.0
AAPL,2026-04-09,259.3699951171875,260.3900146484375,2026-04-09 13:30:00+00:00,2026-04-09 20:00:00+00:00,False,0.0
AAPL,2026-04-10,259.95001220703125,260.3800048828125,2026-04-10 13:30:00+00:00,2026-04-10 20:00:00+00:00,False,0.0
AAPL,2026-04-13,259.8599853515625,259.2099914550781,2026-04-13 13:30:00+00:00,2026-04-13 20:00:00+00:00,False,0.0
AAPL,2026-04-14,259.1000061035156,258.8550109863281,2026-04-14 13:30:00+00:00,2026-04-14 20:00:00+00:00,False,0.0
AAPL,2026-04-15,258.0950012207031,266.3699951171875,2026-04-15 13:30:00+00:00,2026-04-15 20:00:00+00:00,False,0.0
AAPL,2026-04-16,266.79998779296875,263.3599853515625,2026-04-16 13:30:00+00:00,2026-04-16 20:00:00+00:00,False,0.0
AAPL,2026-04-17,267.0979919433594,270.1849975585937,2026-04-17 13:30:00+00:00,2026-04-17 20:00:00+00:00,False,0.0
AAPL,2026-04-20,270.3299865722656,272.92999267578125,2026-04-20 13:30:00+00:00,2026-04-20 20:00:00+00:00,False,0.0
AAPL,2026-04-21,271.44500732421875,266.2200012207031,2026-04-21 13:30:00+00:00,2026-04-21 20:00:00+00:00,False,0.0
AAPL,2026-04-22,267.82000732421875,273.19000244140625,2026-04-22 13:30:00+00:00,2026-04-22 20:00:00+00:00,False,0.0
AAPL,2026-04-23,275.0450134277344,273.44000244140625,2026-04-23 13:30:00+00:00,2026-04-23 20:00:00+00:00,False,0.0
AAPL,2026-04-24,272.760009765625,271.0599975585937,2026-04-24 13:30:00+00:00,2026-04-24 20:00:00+00:00,False,0.0
AAPL,2026-04-27,266.0899963378906,267.67999267578125,2026-04-27 13:30:00+00:00,2026-04-27 20:00:00+00:00,False,0.0
AAPL,2026-04-28,272.3349914550781,270.760009765625,2026-04-28 13:30:00+00:00,2026-04-28 20:00:00+00:00,False,0.0
AAPL,2026-04-29,267.54998779296875,270.19000244140625,2026-04-29 13:30:00+00:00,2026-04-29 20:00:00+00:00,False,0.0
AAPL,2026-04-30,270.5,271.3599853515625,2026-04-30 13:30:00+00:00,2026-04-30 20:00:00+00:00,False,0.0
AAPL,2026-05-01,278.94000244140625,280.1499938964844,2026-05-01 13:30:00+00:00,2026-05-01 20:00:00+00:00,False,0.0
AAPL,2026-05-04,279.6549987792969,276.8399963378906,2026-05-04 13:30:00+00:00,2026-05-04 20:00:00+00:00,False,0.0
AAPL,2026-05-05,276.8999938964844,284.1700134277344,2026-05-05 13:30:00+00:00,2026-05-05 20:00:00+00:00,False,0.0
AAPL,2026-05-06,281.9150085449219,287.5299987792969,2026-05-06 13:30:00+00:00,2026-05-06 20:00:00+00:00,False,0.0
AAPL,2026-05-07,289.2699890136719,287.4700012207031,2026-05-07 13:30:00+00:00,2026-05-07 20:00:00+00:00,False,0.0
AAPL,2026-05-08,290.1099853515625,293.2799987792969,2026-05-08 13:30:00+00:00,2026-05-08 20:00:00+00:00,False,0.0
AAPL,2026-05-11,291.97900390625,292.739990234375,2026-05-11 13:30:00+00:00,2026-05-11 20:00:00+00:00,False,0.27
AAPL,2026-05-12,292.7550048828125,294.8699951171875,2026-05-12 13:30:00+00:00,2026-05-12 20:00:00+00:00,False,0.0
AAPL,2026-05-13,293.6300048828125,298.8800048828125,2026-05-13 13:30:00+00:00,2026-05-13 20:00:00+00:00,False,0.0
AAPL,2026-05-14,299.82000732421875,298.1650085449219,2026-05-14 13:30:00+00:00,2026-05-14 20:00:00+00:00,False,0.0
AAPL,2026-05-15,297.7550048828125,300.2200012207031,2026-05-15 13:30:00+00:00,2026-05-15 20:00:00+00:00,False,0.0
AAPL,2026-05-18,300.239990234375,297.8999938964844,2026-05-18 13:30:00+00:00,2026-05-18 20:00:00+00:00,False,0.0
AAPL,2026-05-19,296.9700012207031,298.9800109863281,2026-05-19 13:30:00+00:00,2026-05-19 20:00:00+00:00,False,0.0
AAPL,2026-05-20,298.17999267578125,302.2650146484375,2026-05-20 13:30:00+00:00,2026-05-20 20:00:00+00:00,False,0.0
AAPL,2026-05-21,301.04998779296875,305.0899963378906,2026-05-21 13:30:00+00:00,2026-05-21 20:00:00+00:00,False,0.0
AAPL,2026-05-22,306.0599975585937,308.8800048828125,2026-05-22 13:30:00+00:00,2026-05-22 20:00:00+00:00,False,0.0
AAPL,2026-05-26,309.3999938964844,308.3800048828125,2026-05-26 13:30:00+00:00,2026-05-26 20:00:00+00:00,False,0.0
AAPL,2026-05-27,308.44000244140625,310.92999267578125,2026-05-27 13:30:00+00:00,2026-05-27 20:00:00+00:00,False,0.0
AAPL,2026-05-28,310.67999267578125,312.5,2026-05-28 13:30:00+00:00,2026-05-28 20:00:00+00:00,False,0.0
AAPL,2026-05-29,311.7749938964844,312.07000732421875,2026-05-29 13:30:00+00:00,2026-05-29 20:00:00+00:00,False,0.0
AAPL,2026-06-01,309.5350036621094,306.32000732421875,2026-06-01 13:30:00+00:00,2026-06-01 20:00:00+00:00,False,0.0
AAPL,2026-06-02,307.4599914550781,315.19000244140625,2026-06-02 13:30:00+00:00,2026-06-02 20:00:00+00:00,False,0.0
AAPL,2026-06-03,314.17498779296875,310.3800048828125,2026-06-03 13:30:00+00:00,2026-06-03 20:00:00+00:00,False,0.0
AAPL,2026-06-04,313.30499267578125,311.1600036621094,2026-06-04 13:30:00+00:00,2026-06-04 20:00:00+00:00,False,0.0
AAPL,2026-06-05,312.989990234375,307.3900146484375,2026-06-05 13:30:00+00:00,2026-06-05 20:00:00+00:00,False,0.0
AAPL,2026-06-08,308.739013671875,301.57000732421875,2026-06-08 13:30:00+00:00,2026-06-08 20:00:00+00:00,False,0.0
AAPL,2026-06-09,300.2749938964844,290.3599853515625,2026-06-09 13:30:00+00:00,2026-06-09 20:00:00+00:00,False,0.0
AAPL,2026-06-10,290.7650146484375,291.5,2026-06-10 13:30:00+00:00,2026-06-10 20:00:00+00:00,False,0.0
AAPL,2026-06-11,293.7200012207031,295.3599853515625,2026-06-11 13:30:00+00:00,2026-06-11 20:00:00+00:00,False,0.0
AAPL,2026-06-12,296.0799865722656,291.0799865722656,2026-06-12 13:30:00+00:00,2026-06-12 20:00:00+00:00,False,0.0
AAPL,2026-06-15,294.1199951171875,296.4200134277344,2026-06-15 13:30:00+00:00,2026-06-15 20:00:00+00:00,False,0.0
AAPL,2026-06-16,295.2449951171875,299.25,2026-06-16 13:30:00+00:00,2026-06-16 20:00:00+00:00,False,0.0
AAPL,2026-06-17,300.8450012207031,295.8800048828125,2026-06-17 13:30:00+00:00,2026-06-17 20:00:00+00:00,False,0.0
AAPL,2026-06-18,298.44000244140625,297.8900146484375,2026-06-18 13:30:00+00:00,2026-06-18 20:00:00+00:00,False,0.0
AAPL,2026-06-22,297.5,296.7900085449219,2026-06-22 13:30:00+00:00,2026-06-22 20:00:00+00:00,False,0.0
AAPL,2026-06-23,297.5379943847656,294.2799987792969,2026-06-23 13:30:00+00:00,2026-06-23 20:00:00+00:00,False,0.0
AAPL,2026-06-24,295.375,293.260009765625,2026-06-24 13:30:00+00:00,2026-06-24 20:00:00+00:00,False,0.0
AAPL,2026-06-25,287.510009765625,275.04998779296875,2026-06-25 13:30:00+00:00,2026-06-25 20:00:00+00:00,False,0.0
AAPL,2026-06-26,275.0,281.20001220703125,2026-06-26 13:30:00+00:00,2026-06-26 20:00:00+00:00,False,0.0
AAPL,2026-06-29,286.8599853515625,281.6300048828125,2026-06-29 13:30:00+00:00,2026-06-29 20:00:00+00:00,False,0.0
AAPL,2026-06-30,281.1700134277344,289.0899963378906,2026-06-30 13:30:00+00:00,2026-06-30 20:00:00+00:00,False,0.0
AAPL,2026-07-01,293.3299865722656,294.25,2026-07-01 13:30:00+00:00,2026-07-01 20:00:00+00:00,False,0.0
AAPL,2026-07-02,294.0849914550781,308.2200012207031,2026-07-02 13:30:00+00:00,2026-07-02 20:00:00+00:00,False,0.0
AAPL,2026-07-06,307.67999267578125,312.8099975585937,2026-07-06 13:30:00+00:00,2026-07-06 20:00:00+00:00,False,0.0
AAPL,2026-07-07,315.2900085449219,310.6600036621094,2026-07-07 13:30:00+00:00,2026-07-07 20:00:00+00:00,False,0.0
AAPL,2026-07-08,311.6600036621094,313.260009765625,2026-07-08 13:30:00+00:00,2026-07-08 20:00:00+00:00,False,0.0
AAPL,2026-07-09,310.44500732421875,316.17999267578125,2026-07-09 13:30:00+00:00,2026-07-09 20:00:00+00:00,False,0.0
AAPL,2026-07-10,314.7200012207031,315.32989501953125,2026-07-10 13:30:00+00:00,2026-07-10 20:00:00+00:00,False,0.0
AAPL,2026-07-13,317.0150146484375,317.4200134277344,2026-07-13 13:30:00+00:00,2026-07-13 20:00:00+00:00,False,0.0
AAPL,2026-07-14,313.6400146484375,314.9200134277344,2026-07-14 13:30:00+00:00,2026-07-14 20:00:00+00:00,False,0.0
AAPL,2026-07-15,317.625,327.57000732421875,2026-07-15 13:30:00+00:00,2026-07-15 20:00:00+00:00,False,0.0
AAPL,2026-07-16,328.0050048828125,333.2699890136719,2026-07-16 13:30:00+00:00,2026-07-16 20:00:00+00:00,False,0.0
AAPL,2026-07-17,331.9800109863281,333.739990234375,2026-07-17 13:30:00+00:00,2026-07-17 20:00:00+00:00,False,0.0
AAPL,2026-07-20,333.0249938964844,326.70001220703125,2026-07-20 13:30:00+00:00,2026-07-20 20:00:00+00:00,False,0.0
AAPL,2026-07-21,323.3450012207031,327.5899963378906,2026-07-21 13:30:00+00:00,2026-07-21 20:00:00+00:00,False,0.0
AAPL,2026-07-22,327.875,325.8699951171875,2026-07-22 13:30:00+00:00,2026-07-22 20:00:00+00:00,False,0.0
AAPL,2026-07-23,321.7300109863281,321.6099853515625,2026-07-23 13:30:00+00:00,2026-07-23 20:00:00+00:00,False,0.0
AAPL,2026-07-24,322.0400085449219,333.07000732421875,2026-07-24 13:30:00+00:00,2026-07-24 20:00:00+00:00,False,0.0
AAPL,2026-07-27,334.8999938964844,336.9200134277344,2026-07-27 13:30:00+00:00,2026-07-27 20:00:00+00:00,False,0.0
AAPL,2026-07-28,340.0299987792969,340.1600036621094,2026-07-28 13:30:00+00:00,2026-07-28 20:00:00+00:00,False,0.0
AAPL,2026-07-29,339.69000244140625,338.07000732421875,2026-07-29 13:30:00+00:00,2026-07-29 20:00:00+00:00,False,0.0
AAPL,2026-07-30,333.1300048828125,333.8500061035156,2026-07-30 13:30:00+00:00,2026-07-30 20:00:00+00:00,False,0.0
AAPL,2026-07-31,304.8099975585937,309.0299987792969,2026-07-31 13:30:00+00:00,2026-07-31 20:00:00+00:00,False,0.0
AAPL,2026-08-03,309.6700134277344,303.2699890136719,2026-08-03 13:30:00+00:00,2026-08-03 20:00:00+00:00,False,0.0
AAPL,2026-08-04,302.7250061035156,309.3900146484375,2026-08-04 13:30:00+00:00,2026-08-04 20:00:00+00:00,False,0.0
AAPL,2026-08-05,309.3599853515625,310.9200134277344,2026-08-05 13:30:00+00:00,2026-08-05 20:00:00+00:00,False,0.0
AAPL,2026-08-06,314.3399963378906,312.45001220703125,2026-08-06 13:30:00+00:00,2026-08-06 20:00:00+00:00,False,0.0
AAPL,2026-08-07,311.32000732421875,313.29998779296875,2026-08-07 13:30:00+00:00,2026-08-07 20:00:00+00:00,False,0.0
AAPL,2026-08-10,306.8299865722656,308.19000244140625,2026-08-10 13:30:00+00:00,2026-08-10 20:00:00+00:00,False,0.27
AAPL,2026-08-11,307.75,304.8999938964844,2026-08-11 13:30:00+00:00,2026-08-11 20:00:00+00:00,False,0.0
AAPL,2026-08-12,305.1300048828125,302.2250061035156,2026-08-12 13:30:00+00:00,2026-08-12 20:00:00+00:00,False,0.0
AAPL,2026-08-13,304.25799560546875,305.32000732421875,2026-08-13 13:30:00+00:00,2026-08-13 20:00:00+00:00,False,0.0
AAPL,2026-08-14,306.02801513671875,305.95001220703125,2026-08-14 13:30:00+00:00,2026-08-14 20:00:00+00:00,False,0.0
AAPL,2026-08-17,306.2099914550781,305.69000244140625,2026-08-17 13:30:00+00:00,2026-08-17 20:00:00+00:00,False,0.0
AAPL,2026-08-18,307.5299987792969,310.20001220703125,2026-08-18 13:30:00+00:00,2026-08-18 20:00:00+00:00,False,0.0
AAPL,2026-08-19,310.1300048828125,316.8800048828125,2026-08-19 13:30:00+00:00,2026-08-19 20:00:00+00:00,False,0.0
AAPL,2026-08-20,317.4549865722656,311.3399963378906,2026-08-20 13:30:00+00:00,2026-08-20 20:00:00+00:00,False,0.0
AAPL,2026-08-21,312.04998779296875,309.4200134277344,2026-08-21 13:30:00+00:00,2026-08-21 20:00:00+00:00,False,0.0
AAPL,2026-08-24,311.4700012207031,310.3500061035156,2026-08-24 13:30:00+00:00,2026-08-24 20:00:00+00:00,False,0.0
AAPL,2026-08-25,310.9349975585937,309.8999938964844,2026-08-25 13:30:00+00:00,2026-08-25 20:00:00+00:00,False,0.0
AAPL,2026-08-26,310.2449951171875,313.4800109863281,2026-08-26 13:30:00+00:00,2026-08-26 20:00:00+00:00,False,0.0
AAPL,2026-08-27,310.5450134277344,314.57501220703125,2026-08-27 13:30:00+00:00,2026-08-27 20:00:00+00:00,False,0.0
AAPL,2026-08-28,317.0880126953125,319.6400146484375,2026-08-28 13:30:00+00:00,2026-08-28 20:00:00+00:00,False,0.0
AAPL,2026-08-31,319.5599975585937,317.2300109863281,2026-08-31 13:30:00+00:00,2026-08-31 20:00:00+00:00,False,0.0
AAPL,2026-09-01,316.9800109863281,325.1400146484375,2026-09-01 13:30:00+00:00,2026-09-01 20:00:00+00:00,False,0.0
AAPL,2026-09-02,326.9700012207031,324.989990234375,2026-09-02 13:30:00+00:00,2026-09-02 20:00:00+00:00,False,0.0
AAPL,2026-09-03,324.9476928710937,328.2099914550781,2026-09-03 13:30:00+00:00,2026-09-03 20:00:00+00:00,False,0.0
AAPL,2026-09-04,328.30499267578125,319.989990234375,2026-09-04 13:30:00+00:00,2026-09-04 20:00:00+00:00,False,0.0
AAPL,2026-09-08,317.1199951171875,316.3500061035156,2026-09-08 13:30:00+00:00,2026-09-08 20:00:00+00:00,False,0.0
AAPL,2026-09-09,315.4106140136719,315.4100036621094,2026-09-09 13:30:00+00:00,2026-09-09 20:00:00+00:00,False,0.0
AAPL,2026-09-10,316.7900085449219,326.5950012207031,2026-09-10 13:30:00+00:00,2026-09-10 20:00:00+00:00,False,0.0
AAPL,2026-09-11,327.6300048828125,332.2300109863281,2026-09-11 13:30:00+00:00,2026-09-11 20:00:00+00:00,False,0.0
AAPL,2026-09-14,334.8299865722656,333.04998779296875,2026-09-14 13:30:00+00:00,2026-09-14 20:00:00+00:00,False,0.0
AAPL,2026-09-15,330.260009765625,331.3349914550781,2026-09-15 13:30:00+00:00,2026-09-15 20:00:00+00:00,False,0.0
AAPL,2026-09-16,332.4200134277344,332.5,2026-09-16 13:30:00+00:00,2026-09-16 20:00:00+00:00,False,0.0
AAPL,2026-09-17,334.7550048828125,337.0799865722656,2026-09-17 13:30:00+00:00,2026-09-17 20:00:00+00:00,False,0.0
AAPL,2026-09-18,337.989990234375,335.5899963378906,2026-09-18 13:30:00+00:00,2026-09-18 20:00:00+00:00,False,0.0
AAPL,2026-09-21,335.20001220703125,338.8900146484375,2026-09-21 13:30:00+00:00,2026-09-21 20:00:00+00:00,False,0.0
AAPL,2026-09-22,340.3299865722656,339.7300109863281,2026-09-22 13:30:00+00:00,2026-09-22 20:00:00+00:00,False,0.0
AAPL,2026-09-23,341.07501220703125,336.95001220703125,2026-09-23 13:30:00+00:00,2026-09-23 20:00:00+00:00,False,0.0
AAPL,2026-09-24,336.32000732421875,335.8699951171875,2026-09-24 13:30:00+00:00,2026-09-24 20:00:00+00:00,False,0.0
AAPL,2026-09-25,336.0400085449219,341.0400085449219,2026-09-25 13:30:00+00:00,2026-09-25 20:00:00+00:00,False,0.0
AAPL,2026-09-28,340.3699951171875,338.364990234375,2026-09-28 13:30:00+00:00,2026-09-28 20:00:00+00:00,False,0.0
AAPL,2026-09-29,337.0599975585937,329.5899963378906,2026-09-29 13:30:00+00:00,2026-09-29 20:00:00+00:00,False,0.0
AAPL,2026-09-30,330.79998779296875,333.010009765625,2026-09-30 13:30:00+00:00,2026-09-30 20:00:00+00:00,False,0.0
AMZN,2025-07-01,219.6499938964844,220.4499969482422,2025-07-01 13:30:00+00:00,2025-07-01 20:00:00+00:00,False,0.0
AMZN,2025-07-02,219.7100067138672,219.8800048828125,2025-07-02 13:30:00+00:00,2025-07-02 20:00:00+00:00,False,0.0
AMZN,2025-07-03,221.7050018310547,222.9850006103516,2025-07-03 13:30:00+00:00,2025-07-03 17:00:00+00:00,True,0.0
AMZN,2025-07-07,223.0,223.47999572753903,2025-07-07 13:30:00+00:00,2025-07-07 20:00:00+00:00,False,0.0
AMZN,2025-07-08,223.9149932861328,219.33999633789065,2025-07-08 13:30:00+00:00,2025-07-08 20:00:00+00:00,False,0.0
AMZN,2025-07-09,221.07000732421875,222.47000122070312,2025-07-09 13:30:00+00:00,2025-07-09 20:00:00+00:00,False,0.0
AMZN,2025-07-10,221.6699981689453,222.27999877929688,2025-07-10 13:30:00+00:00,2025-07-10 20:00:00+00:00,False,0.0
AMZN,2025-07-11,223.4949951171875,224.9900054931641,2025-07-11 13:30:00+00:00,2025-07-11 20:00:00+00:00,False,0.0
AMZN,2025-07-14,225.08999633789065,225.6300048828125,2025-07-14 13:30:00+00:00,2025-07-14 20:00:00+00:00,False,0.0
AMZN,2025-07-15,226.1100006103516,226.3000030517578,2025-07-15 13:30:00+00:00,2025-07-15 20:00:00+00:00,False,0.0
AMZN,2025-07-16,225.875,223.1699981689453,2025-07-16 13:30:00+00:00,2025-07-16 20:00:00+00:00,False,0.0
AMZN,2025-07-17,223.32000732421875,223.9900054931641,2025-07-17 13:30:00+00:00,2025-07-17 20:00:00+00:00,False,0.0
AMZN,2025-07-18,225.19500732421875,226.1199951171875,2025-07-18 13:30:00+00:00,2025-07-18 20:00:00+00:00,False,0.0
AMZN,2025-07-21,225.8350067138672,229.30999755859372,2025-07-21 13:30:00+00:00,2025-07-21 20:00:00+00:00,False,0.0
AMZN,2025-07-22,229.63999938964844,227.5200042724609,2025-07-22 13:30:00+00:00,2025-07-22 20:00:00+00:00,False,0.0
AMZN,2025-07-23,228.4600067138672,228.2700042724609,2025-07-23 13:30:00+00:00,2025-07-23 20:00:00+00:00,False,0.0
AMZN,2025-07-24,229.0749969482422,232.24899291992188,2025-07-24 13:30:00+00:00,2025-07-24 20:00:00+00:00,False,0.0
AMZN,2025-07-25,232.22000122070312,231.4499969482422,2025-07-25 13:30:00+00:00,2025-07-25 20:00:00+00:00,False,0.0
AMZN,2025-07-28,233.4499969482422,232.80999755859372,2025-07-28 13:30:00+00:00,2025-07-28 20:00:00+00:00,False,0.0
AMZN,2025-07-29,234.1499938964844,231.0,2025-07-29 13:30:00+00:00,2025-07-29 20:00:00+00:00,False,0.0
AMZN,2025-07-30,231.63999938964844,230.25999450683597,2025-07-30 13:30:00+00:00,2025-07-30 20:00:00+00:00,False,0.0
AMZN,2025-07-31,235.7749938964844,234.1100006103516,2025-07-31 13:30:00+00:00,2025-07-31 20:00:00+00:00,False,0.0
AMZN,2025-08-01,217.1999969482422,214.80999755859372,2025-08-01 13:30:00+00:00,2025-08-01 20:00:00+00:00,False,0.0
AMZN,2025-08-04,217.33999633789065,211.72000122070312,2025-08-04 13:30:00+00:00,2025-08-04 20:00:00+00:00,False,0.0
AMZN,2025-08-05,213.17999267578125,213.80999755859372,2025-08-05 13:30:00+00:00,2025-08-05 20:00:00+00:00,False,0.0
AMZN,2025-08-06,214.69500732421875,222.3300018310547,2025-08-06 13:30:00+00:00,2025-08-06 20:00:00+00:00,False,0.0
AMZN,2025-08-07,220.9499969482422,223.1750030517578,2025-08-07 13:30:00+00:00,2025-08-07 20:00:00+00:00,False,0.0
AMZN,2025-08-08,223.13999938964844,222.69000244140625,2025-08-08 13:30:00+00:00,2025-08-08 20:00:00+00:00,False,0.0
AMZN,2025-08-11,222.0,221.3699951171875,2025-08-11 13:30:00+00:00,2025-08-11 20:00:00+00:00,False,0.0
AMZN,2025-08-12,222.25,221.44000244140625,2025-08-12 13:30:00+00:00,2025-08-12 20:00:00+00:00,False,0.0
AMZN,2025-08-13,222.07000732421875,224.55499267578125,2025-08-13 13:30:00+00:00,2025-08-13 20:00:00+00:00,False,0.0
AMZN,2025-08-14,227.3999938964844,230.88999938964844,2025-08-14 13:30:00+00:00,2025-08-14 20:00:00+00:00,False,0.0
AMZN,2025-08-15,232.5,231.05999755859372,2025-08-15 13:30:00+00:00,2025-08-15 20:00:00+00:00,False,0.0
AMZN,2025-08-18,230.13999938964844,231.4199981689453,2025-08-18 13:30:00+00:00,2025-08-18 20:00:00+00:00,False,0.0
AMZN,2025-08-19,230.1898956298828,228.0200042724609,2025-08-19 13:30:00+00:00,2025-08-19 20:00:00+00:00,False,0.0
AMZN,2025-08-20,227.09500122070312,223.80999755859372,2025-08-20 13:30:00+00:00,2025-08-20 20:00:00+00:00,False,0.0
AMZN,2025-08-21,222.6499938964844,221.9499969482422,2025-08-21 13:30:00+00:00,2025-08-21 20:00:00+00:00,False,0.0
AMZN,2025-08-22,222.75999450683597,228.83999633789065,2025-08-22 13:30:00+00:00,2025-08-22 20:00:00+00:00,False,0.0
AMZN,2025-08-25,227.3500061035156,227.8950042724609,2025-08-25 13:30:00+00:00,2025-08-25 20:00:00+00:00,False,0.0
AMZN,2025-08-26,227.1750030517578,228.72000122070312,2025-08-26 13:30:00+00:00,2025-08-26 20:00:00+00:00,False,0.0
AMZN,2025-08-27,228.57000732421875,229.0500030517578,2025-08-27 13:30:00+00:00,2025-08-27 20:00:00+00:00,False,0.0
AMZN,2025-08-28,229.1000061035156,231.55999755859372,2025-08-28 13:30:00+00:00,2025-08-28 20:00:00+00:00,False,0.0
AMZN,2025-08-29,231.31500244140625,229.0500030517578,2025-08-29 13:30:00+00:00,2025-08-29 20:00:00+00:00,False,0.0
AMZN,2025-09-02,223.6150054931641,225.3300018310547,2025-09-02 13:30:00+00:00,2025-09-02 20:00:00+00:00,False,0.0
AMZN,2025-09-03,225.2100067138672,226.0,2025-09-03 13:30:00+00:00,2025-09-03 20:00:00+00:00,False,0.0
AMZN,2025-09-04,231.18499755859372,235.69000244140625,2025-09-04 13:30:00+00:00,2025-09-04 20:00:00+00:00,False,0.0
AMZN,2025-09-05,235.1100006103516,232.32000732421875,2025-09-05 13:30:00+00:00,2025-09-05 20:00:00+00:00,False,0.0
AMZN,2025-09-08,234.96749877929688,235.8600006103516,2025-09-08 13:30:00+00:00,2025-09-08 20:00:00+00:00,False,0.0
AMZN,2025-09-09,236.35499572753903,238.22999572753903,2025-09-09 13:30:00+00:00,2025-09-09 20:00:00+00:00,False,0.0
AMZN,2025-09-10,237.51499938964844,230.3600006103516,2025-09-10 13:30:00+00:00,2025-09-10 20:00:00+00:00,False,0.0
AMZN,2025-09-11,231.3699951171875,229.9550018310547,2025-09-11 13:30:00+00:00,2025-09-11 20:00:00+00:00,False,0.0
AMZN,2025-09-12,230.30499267578125,228.1100006103516,2025-09-12 13:30:00+00:00,2025-09-12 20:00:00+00:00,False,0.0
AMZN,2025-09-15,230.7400054931641,231.44000244140625,2025-09-15 13:30:00+00:00,2025-09-15 20:00:00+00:00,False,0.0
AMZN,2025-09-16,233.25,234.0200042724609,2025-09-16 13:30:00+00:00,2025-09-16 20:00:00+00:00,False,0.0
AMZN,2025-09-17,233.7700042724609,231.63999938964844,2025-09-17 13:30:00+00:00,2025-09-17 20:00:00+00:00,False,0.0
AMZN,2025-09-18,232.46499633789065,231.2100067138672,2025-09-18 13:30:00+00:00,2025-09-18 20:00:00+00:00,False,0.0
AMZN,2025-09-19,232.3800048828125,231.6000061035156,2025-09-19 13:30:00+00:00,2025-09-19 20:00:00+00:00,False,0.0
AMZN,2025-09-22,230.32000732421875,227.6199951171875,2025-09-22 13:30:00+00:00,2025-09-22 20:00:00+00:00,False,0.0
AMZN,2025-09-23,227.75,220.7400054931641,2025-09-23 13:30:00+00:00,2025-09-23 20:00:00+00:00,False,0.0
AMZN,2025-09-24,224.0,220.2100067138672,2025-09-24 13:30:00+00:00,2025-09-24 20:00:00+00:00,False,0.0
AMZN,2025-09-25,220.0,218.1300048828125,2025-09-25 13:30:00+00:00,2025-09-25 20:00:00+00:00,False,0.0
AMZN,2025-09-26,219.0,219.8000030517578,2025-09-26 13:30:00+00:00,2025-09-26 20:00:00+00:00,False,0.0
AMZN,2025-09-29,220.0,222.1699981689453,2025-09-29 13:30:00+00:00,2025-09-29 20:00:00+00:00,False,0.0
AMZN,2025-09-30,222.0,219.55999755859372,2025-09-30 13:30:00+00:00,2025-09-30 20:00:00+00:00,False,0.0
AMZN,2025-10-01,217.0,220.6000061035156,2025-10-01 13:30:00+00:00,2025-10-01 20:00:00+00:00,False,0.0
AMZN,2025-10-02,220.9499969482422,222.41000366210935,2025-10-02 13:30:00+00:00,2025-10-02 20:00:00+00:00,False,0.0
AMZN,2025-10-03,223.42999267578125,219.4900054931641,2025-10-03 13:30:00+00:00,2025-10-03 20:00:00+00:00,False,0.0
AMZN,2025-10-06,220.9199981689453,220.8800048828125,2025-10-06 13:30:00+00:00,2025-10-06 20:00:00+00:00,False,0.0
AMZN,2025-10-07,220.8800048828125,221.8000030517578,2025-10-07 13:30:00+00:00,2025-10-07 20:00:00+00:00,False,0.0
AMZN,2025-10-08,222.94500732421875,225.1999969482422,2025-10-08 13:30:00+00:00,2025-10-08 20:00:00+00:00,False,0.0
AMZN,2025-10-09,224.00999450683597,227.6199951171875,2025-10-09 13:30:00+00:00,2025-10-09 20:00:00+00:00,False,0.0
AMZN,2025-10-10,226.5500030517578,216.17999267578125,2025-10-10 13:30:00+00:00,2025-10-10 20:00:00+00:00,False,0.0
AMZN,2025-10-13,217.6999969482422,220.0,2025-10-13 13:30:00+00:00,2025-10-13 20:00:00+00:00,False,0.0
AMZN,2025-10-14,215.3999938964844,216.44000244140625,2025-10-14 13:30:00+00:00,2025-10-14 20:00:00+00:00,False,0.0
AMZN,2025-10-15,216.6999969482422,215.6300048828125,2025-10-15 13:30:00+00:00,2025-10-15 20:00:00+00:00,False,0.0
AMZN,2025-10-16,215.6699981689453,214.47000122070312,2025-10-16 13:30:00+00:00,2025-10-16 20:00:00+00:00,False,0.0
AMZN,2025-10-17,214.55999755859372,213.0500030517578,2025-10-17 13:30:00+00:00,2025-10-17 20:00:00+00:00,False,0.0
AMZN,2025-10-20,213.8000030517578,216.47000122070312,2025-10-20 13:30:00+00:00,2025-10-20 20:00:00+00:00,False,0.0
AMZN,2025-10-21,218.40499877929688,222.02999877929688,2025-10-21 13:30:00+00:00,2025-10-21 20:00:00+00:00,False,0.0
AMZN,2025-10-22,219.42999267578125,217.97000122070312,2025-10-22 13:30:00+00:00,2025-10-22 20:00:00+00:00,False,0.0
AMZN,2025-10-23,218.94500732421875,221.08999633789065,2025-10-23 13:30:00+00:00,2025-10-23 20:00:00+00:00,False,0.0
AMZN,2025-10-24,221.97000122070312,224.25999450683597,2025-10-24 13:30:00+00:00,2025-10-24 20:00:00+00:00,False,0.0
AMZN,2025-10-27,227.80999755859372,226.97999572753903,2025-10-27 13:30:00+00:00,2025-10-27 20:00:00+00:00,False,0.0
AMZN,2025-10-28,228.22000122070312,229.2400054931641,2025-10-28 13:30:00+00:00,2025-10-28 20:00:00+00:00,False,0.0
AMZN,2025-10-29,231.6719970703125,230.33999633789065,2025-10-29 13:30:00+00:00,2025-10-29 20:00:00+00:00,False,0.0
AMZN,2025-10-30,226.87249755859372,222.7700042724609,2025-10-30 13:30:00+00:00,2025-10-30 20:00:00+00:00,False,0.0
AMZN,2025-10-31,250.1999969482422,244.22000122070312,2025-10-31 13:30:00+00:00,2025-10-31 20:00:00+00:00,False,0.0
AMZN,2025-11-03,255.63999938964844,254.05999755859372,2025-11-03 14:30:00+00:00,2025-11-03 21:00:00+00:00,False,0.0
AMZN,2025-11-04,250.3800048828125,249.42999267578125,2025-11-04 14:30:00+00:00,2025-11-04 21:00:00+00:00,False,0.0
AMZN,2025-11-05,248.80499267578125,250.2400054931641,2025-11-05 14:30:00+00:00,2025-11-05 21:00:00+00:00,False,0.0
AMZN,2025-11-06,249.22000122070312,243.0800018310547,2025-11-06 14:30:00+00:00,2025-11-06 21:00:00+00:00,False,0.0
AMZN,2025-11-07,242.8999938964844,244.41000366210935,2025-11-07 14:30:00+00:00,2025-11-07 21:00:00+00:00,False,0.0
AMZN,2025-11-10,248.30999755859372,248.41000366210935,2025-11-10 14:30:00+00:00,2025-11-10 21:00:00+00:00,False,0.0
AMZN,2025-11-11,248.44500732421875,249.13999938964844,2025-11-11 14:30:00+00:00,2025-11-11 21:00:00+00:00,False,0.0
AMZN,2025-11-12,250.18499755859372,244.25,2025-11-12 14:30:00+00:00,2025-11-12 21:00:00+00:00,False,0.0
AMZN,2025-11-13,243.1000061035156,237.5800018310547,2025-11-13 14:30:00+00:00,2025-11-13 21:00:00+00:00,False,0.0
AMZN,2025-11-14,235.1199951171875,234.6999969482422,2025-11-14 14:30:00+00:00,2025-11-14 21:00:00+00:00,False,0.0
AMZN,2025-11-17,232.94500732421875,232.88999938964844,2025-11-17 14:30:00+00:00,2025-11-17 21:00:00+00:00,False,0.0
AMZN,2025-11-18,228.1199951171875,222.55499267578125,2025-11-18 14:30:00+00:00,2025-11-18 21:00:00+00:00,False,0.0
AMZN,2025-11-19,223.7350006103516,222.69000244140625,2025-11-19 14:30:00+00:00,2025-11-19 21:00:00+00:00,False,0.0
AMZN,2025-11-20,227.13999938964844,217.1499938964844,2025-11-20 14:30:00+00:00,2025-11-20 21:00:00+00:00,False,0.0
AMZN,2025-11-21,216.3800048828125,220.6450042724609,2025-11-21 14:30:00+00:00,2025-11-21 21:00:00+00:00,False,0.0
AMZN,2025-11-24,222.5800018310547,226.1000061035156,2025-11-24 14:30:00+00:00,2025-11-24 21:00:00+00:00,False,0.0
AMZN,2025-11-25,226.3800048828125,229.6000061035156,2025-11-25 14:30:00+00:00,2025-11-25 21:00:00+00:00,False,0.0
AMZN,2025-11-26,230.7400054931641,229.1199951171875,2025-11-26 14:30:00+00:00,2025-11-26 21:00:00+00:00,False,0.0
AMZN,2025-11-28,231.21499633789065,232.1000061035156,2025-11-28 14:30:00+00:00,2025-11-28 18:00:00+00:00,True,0.0
AMZN,2025-12-01,233.21499633789065,233.9499969482422,2025-12-01 14:30:00+00:00,2025-12-01 21:00:00+00:00,False,0.0
AMZN,2025-12-02,235.5,234.3699951171875,2025-12-02 14:30:00+00:00,2025-12-02 21:00:00+00:00,False,0.0
AMZN,2025-12-03,233.3500061035156,232.3699951171875,2025-12-03 14:30:00+00:00,2025-12-03 21:00:00+00:00,False,0.0
AMZN,2025-12-04,232.6450042724609,229.1000061035156,2025-12-04 14:30:00+00:00,2025-12-04 21:00:00+00:00,False,0.0
AMZN,2025-12-05,230.3800048828125,229.5500030517578,2025-12-05 14:30:00+00:00,2025-12-05 21:00:00+00:00,False,0.0
AMZN,2025-12-08,229.5200042724609,226.9900054931641,2025-12-08 14:30:00+00:00,2025-12-08 21:00:00+00:00,False,0.0
AMZN,2025-12-09,226.88999938964844,227.8999938964844,2025-12-09 14:30:00+00:00,2025-12-09 21:00:00+00:00,False,0.0
AMZN,2025-12-10,228.58999633789065,231.69000244140625,2025-12-10 14:30:00+00:00,2025-12-10 21:00:00+00:00,False,0.0
AMZN,2025-12-11,230.7100067138672,230.2700042724609,2025-12-11 14:30:00+00:00,2025-12-11 21:00:00+00:00,False,0.0
AMZN,2025-12-12,230.0200042724609,226.19000244140625,2025-12-12 14:30:00+00:00,2025-12-12 21:00:00+00:00,False,0.0
AMZN,2025-12-15,227.0,222.5500030517578,2025-12-15 14:30:00+00:00,2025-12-15 21:00:00+00:00,False,0.0
AMZN,2025-12-16,223.13999938964844,222.52999877929688,2025-12-16 14:30:00+00:00,2025-12-16 21:00:00+00:00,False,0.0
AMZN,2025-12-17,224.55999755859372,221.24099731445312,2025-12-17 14:30:00+00:00,2025-12-17 21:00:00+00:00,False,0.0
AMZN,2025-12-18,225.7050018310547,226.75999450683597,2025-12-18 14:30:00+00:00,2025-12-18 21:00:00+00:00,False,0.0
AMZN,2025-12-19,226.7519989013672,227.3699951171875,2025-12-19 14:30:00+00:00,2025-12-19 21:00:00+00:00,False,0.0
AMZN,2025-12-22,228.5200042724609,228.44000244140625,2025-12-22 14:30:00+00:00,2025-12-22 21:00:00+00:00,False,0.0
AMZN,2025-12-23,229.05499267578125,232.1199951171875,2025-12-23 14:30:00+00:00,2025-12-23 21:00:00+00:00,False,0.0
AMZN,2025-12-24,232.0,232.79200744628903,2025-12-24 14:30:00+00:00,2025-12-24 18:00:00+00:00,True,0.0
AMZN,2025-12-26,231.5,232.5,2025-12-26 14:30:00+00:00,2025-12-26 21:00:00+00:00,False,0.0
AMZN,2025-12-29,231.0,232.0800018310547,2025-12-29 14:30:00+00:00,2025-12-29 21:00:00+00:00,False,0.0
AMZN,2025-12-30,230.5,232.48989868164065,2025-12-30 14:30:00+00:00,2025-12-30 21:00:00+00:00,False,0.0
AMZN,2025-12-31,232.2700042724609,230.83999633789065,2025-12-31 14:30:00+00:00,2025-12-31 21:00:00+00:00,False,0.0
AMZN,2026-01-02,231.0,226.5,2026-01-02 14:30:00+00:00,2026-01-02 21:00:00+00:00,False,0.0
AMZN,2026-01-05,228.8650054931641,233.0500030517578,2026-01-05 14:30:00+00:00,2026-01-05 21:00:00+00:00,False,0.0
AMZN,2026-01-06,232.1999969482422,241.05499267578125,2026-01-06 14:30:00+00:00,2026-01-06 21:00:00+00:00,False,0.0
AMZN,2026-01-07,239.6100006103516,241.5749969482422,2026-01-07 14:30:00+00:00,2026-01-07 21:00:00+00:00,False,0.0
AMZN,2026-01-08,244.0,246.25900268554688,2026-01-08 14:30:00+00:00,2026-01-08 21:00:00+00:00,False,0.0
AMZN,2026-01-09,244.5679931640625,247.3500061035156,2026-01-09 14:30:00+00:00,2026-01-09 21:00:00+00:00,False,0.0
AMZN,2026-01-12,246.8000030517578,246.4199981689453,2026-01-12 14:30:00+00:00,2026-01-12 21:00:00+00:00,False,0.0
AMZN,2026-01-13,245.2350006103516,242.6100006103516,2026-01-13 14:30:00+00:00,2026-01-13 21:00:00+00:00,False,0.0
AMZN,2026-01-14,241.1999969482422,236.6750030517578,2026-01-14 14:30:00+00:00,2026-01-14 21:00:00+00:00,False,0.0
AMZN,2026-01-15,239.27999877929688,238.1699981689453,2026-01-15 14:30:00+00:00,2026-01-15 21:00:00+00:00,False,0.0
AMZN,2026-01-16,239.0850067138672,239.05999755859372,2026-01-16 14:30:00+00:00,2026-01-16 21:00:00+00:00,False,0.0
AMZN,2026-01-20,233.6649932861328,231.1100006103516,2026-01-20 14:30:00+00:00,2026-01-20 21:00:00+00:00,False,0.0
AMZN,2026-01-21,231.2899932861328,231.3500061035156,2026-01-21 14:30:00+00:00,2026-01-21 21:00:00+00:00,False,0.0
AMZN,2026-01-22,234.0449981689453,234.2899932861328,2026-01-22 14:30:00+00:00,2026-01-22 21:00:00+00:00,False,0.0
AMZN,2026-01-23,236.22000122070312,239.19000244140625,2026-01-23 14:30:00+00:00,2026-01-23 21:00:00+00:00,False,0.0
AMZN,2026-01-26,239.97999572753903,238.4199981689453,2026-01-26 14:30:00+00:00,2026-01-26 21:00:00+00:00,False,0.0
AMZN,2026-01-27,239.6750030517578,244.67999267578125,2026-01-27 14:30:00+00:00,2026-01-27 21:00:00+00:00,False,0.0
AMZN,2026-01-28,246.3000030517578,243.0200042724609,2026-01-28 14:30:00+00:00,2026-01-28 21:00:00+00:00,False,0.0
AMZN,2026-01-29,242.9550018310547,241.67999267578125,2026-01-29 14:30:00+00:00,2026-01-29 21:00:00+00:00,False,0.0
AMZN,2026-01-30,239.8800048828125,239.25999450683597,2026-01-30 14:30:00+00:00,2026-01-30 21:00:00+00:00,False,0.0
AMZN,2026-02-02,238.30999755859372,242.9409942626953,2026-02-02 14:30:00+00:00,2026-02-02 21:00:00+00:00,False,0.0
AMZN,2026-02-03,245.07000732421875,238.63299560546875,2026-02-03 14:30:00+00:00,2026-02-03 21:00:00+00:00,False,0.0
AMZN,2026-02-04,238.6999969482422,232.92999267578125,2026-02-04 14:30:00+00:00,2026-02-04 21:00:00+00:00,False,0.0
AMZN,2026-02-05,224.9900054931641,222.5,2026-02-05 14:30:00+00:00,2026-02-05 21:00:00+00:00,False,0.0
AMZN,2026-02-06,202.6300048828125,210.31500244140625,2026-02-06 14:30:00+00:00,2026-02-06 21:00:00+00:00,False,0.0
AMZN,2026-02-09,209.0,208.66000366210935,2026-02-09 14:30:00+00:00,2026-02-09 21:00:00+00:00,False,0.0
AMZN,2026-02-10,208.7449951171875,206.9900054931641,2026-02-10 14:30:00+00:00,2026-02-10 21:00:00+00:00,False,0.0
AMZN,2026-02-11,208.07000732421875,204.00999450683597,2026-02-11 14:30:00+00:00,2026-02-11 21:00:00+00:00,False,0.0
AMZN,2026-02-12,203.6199951171875,199.4499969482422,2026-02-12 14:30:00+00:00,2026-02-12 21:00:00+00:00,False,0.0
AMZN,2026-02-13,198.9900054931641,198.7700042724609,2026-02-13 14:30:00+00:00,2026-02-13 21:00:00+00:00,False,0.0
AMZN,2026-02-17,198.125,201.2100067138672,2026-02-17 14:30:00+00:00,2026-02-17 21:00:00+00:00,False,0.0
AMZN,2026-02-18,202.1100006103516,204.65499877929688,2026-02-18 14:30:00+00:00,2026-02-18 21:00:00+00:00,False,0.0
AMZN,2026-02-19,203.6300048828125,204.8999938964844,2026-02-19 14:30:00+00:00,2026-02-19 21:00:00+00:00,False,0.0
AMZN,2026-02-20,204.75999450683597,210.17999267578125,2026-02-20 14:30:00+00:00,2026-02-20 21:00:00+00:00,False,0.0
AMZN,2026-02-23,208.0399932861328,205.2899932861328,2026-02-23 14:30:00+00:00,2026-02-23 21:00:00+00:00,False,0.0
AMZN,2026-02-24,205.47000122070312,208.55499267578125,2026-02-24 14:30:00+00:00,2026-02-24 21:00:00+00:00,False,0.0
AMZN,2026-02-25,210.4600067138672,210.66000366210935,2026-02-25 14:30:00+00:00,2026-02-25 21:00:00+00:00,False,0.0
AMZN,2026-02-26,210.72999572753903,207.91000366210935,2026-02-26 14:30:00+00:00,2026-02-26 21:00:00+00:00,False,0.0
AMZN,2026-02-27,206.7899932861328,210.00999450683597,2026-02-27 14:30:00+00:00,2026-02-27 21:00:00+00:00,False,0.0
AMZN,2026-03-02,204.5500030517578,208.1999969482422,2026-03-02 14:30:00+00:00,2026-03-02 21:00:00+00:00,False,0.0
AMZN,2026-03-03,203.22999572753903,208.75999450683597,2026-03-03 14:30:00+00:00,2026-03-03 21:00:00+00:00,False,0.0
AMZN,2026-03-04,210.47000122070312,216.82000732421875,2026-03-04 14:30:00+00:00,2026-03-04 21:00:00+00:00,False,0.0
AMZN,2026-03-05,215.8500061035156,218.8699951171875,2026-03-05 14:30:00+00:00,2026-03-05 21:00:00+00:00,False,0.0
AMZN,2026-03-06,214.9900054931641,213.1100006103516,2026-03-06 14:30:00+00:00,2026-03-06 21:00:00+00:00,False,0.0
AMZN,2026-03-09,210.4600067138672,213.4199981689453,2026-03-09 13:30:00+00:00,2026-03-09 20:00:00+00:00,False,0.0
AMZN,2026-03-10,214.125,214.33999633789065,2026-03-10 13:30:00+00:00,2026-03-10 20:00:00+00:00,False,0.0
AMZN,2026-03-11,215.88499450683597,212.63999938964844,2026-03-11 13:30:00+00:00,2026-03-11 20:00:00+00:00,False,0.0
AMZN,2026-03-12,210.3300018310547,209.5200042724609,2026-03-12 13:30:00+00:00,2026-03-12 20:00:00+00:00,False,0.0
AMZN,2026-03-13,209.3999938964844,207.7100067138672,2026-03-13 13:30:00+00:00,2026-03-13 20:00:00+00:00,False,0.0
AMZN,2026-03-16,208.3500061035156,211.75999450683597,2026-03-16 13:30:00+00:00,2026-03-16 20:00:00+00:00,False,0.0
AMZN,2026-03-17,212.88499450683597,215.1999969482422,2026-03-17 13:30:00+00:00,2026-03-17 20:00:00+00:00,False,0.0
AMZN,2026-03-18,213.9600067138672,209.8600006103516,2026-03-18 13:30:00+00:00,2026-03-18 20:00:00+00:00,False,0.0
AMZN,2026-03-19,207.05999755859372,208.80999755859372,2026-03-19 13:30:00+00:00,2026-03-19 20:00:00+00:00,False,0.0
AMZN,2026-03-20,207.5,205.3600006103516,2026-03-20 13:30:00+00:00,2026-03-20 20:00:00+00:00,False,0.0
AMZN,2026-03-23,209.77999877929688,210.1100006103516,2026-03-23 13:30:00+00:00,2026-03-23 20:00:00+00:00,False,0.0
AMZN,2026-03-24,207.88499450683597,207.27999877929688,2026-03-24 13:30:00+00:00,2026-03-24 20:00:00+00:00,False,0.0
AMZN,2026-03-25,211.6199951171875,211.7050018310547,2026-03-25 13:30:00+00:00,2026-03-25 20:00:00+00:00,False,0.0
AMZN,2026-03-26,210.57000732421875,207.52999877929688,2026-03-26 13:30:00+00:00,2026-03-26 20:00:00+00:00,False,0.0
AMZN,2026-03-27,206.3249969482422,199.32000732421875,2026-03-27 13:30:00+00:00,2026-03-27 20:00:00+00:00,False,0.0
AMZN,2026-03-30,201.3500061035156,200.8999938964844,2026-03-30 13:30:00+00:00,2026-03-30 20:00:00+00:00,False,0.0
AMZN,2026-03-31,204.875,208.2899932861328,2026-03-31 13:30:00+00:00,2026-03-31 20:00:00+00:00,False,0.0
AMZN,2026-04-01,210.43499755859372,210.57000732421875,2026-04-01 13:30:00+00:00,2026-04-01 20:00:00+00:00,False,0.0
AMZN,2026-04-02,206.5500030517578,209.7700042724609,2026-04-02 13:30:00+00:00,2026-04-02 20:00:00+00:00,False,0.0
AMZN,2026-04-06,209.7400054931641,212.7899932861328,2026-04-06 13:30:00+00:00,2026-04-06 20:00:00+00:00,False,0.0
AMZN,2026-04-07,211.0,213.77999877929688,2026-04-07 13:30:00+00:00,2026-04-07 20:00:00+00:00,False,0.0
AMZN,2026-04-08,223.94000244140625,221.25,2026-04-08 13:30:00+00:00,2026-04-08 20:00:00+00:00,False,0.0
AMZN,2026-04-09,224.48899841308597,233.6499938964844,2026-04-09 13:30:00+00:00,2026-04-09 20:00:00+00:00,False,0.0
AMZN,2026-04-10,235.3800048828125,238.3600006103516,2026-04-10 13:30:00+00:00,2026-04-10 20:00:00+00:00,False,0.0
AMZN,2026-04-13,237.2700042724609,239.8600006103516,2026-04-13 13:30:00+00:00,2026-04-13 20:00:00+00:00,False,0.0
AMZN,2026-04-14,241.77999877929688,249.02999877929688,2026-04-14 13:30:00+00:00,2026-04-14 20:00:00+00:00,False,0.0
AMZN,2026-04-15,249.1999969482422,248.41000366210935,2026-04-15 13:30:00+00:00,2026-04-15 20:00:00+00:00,False,0.0
AMZN,2026-04-16,248.97999572753903,249.7100067138672,2026-04-16 13:30:00+00:00,2026-04-16 20:00:00+00:00,False,0.0
AMZN,2026-04-17,254.9499969482422,250.47000122070312,2026-04-17 13:30:00+00:00,2026-04-17 20:00:00+00:00,False,0.0
AMZN,2026-04-20,249.3800048828125,248.2899932861328,2026-04-20 13:30:00+00:00,2026-04-20 20:00:00+00:00,False,0.0
AMZN,2026-04-21,254.72000122070312,249.9499969482422,2026-04-21 13:30:00+00:00,2026-04-21 20:00:00+00:00,False,0.0
AMZN,2026-04-22,252.44500732421875,255.33999633789065,2026-04-22 13:30:00+00:00,2026-04-22 20:00:00+00:00,False,0.0
AMZN,2026-04-23,255.3000030517578,255.1199951171875,2026-04-23 13:30:00+00:00,2026-04-23 20:00:00+00:00,False,0.0
AMZN,2026-04-24,259.8800048828125,263.8800048828125,2026-04-24 13:30:00+00:00,2026-04-24 20:00:00+00:00,False,0.0
AMZN,2026-04-27,263.42498779296875,261.0799865722656,2026-04-27 13:30:00+00:00,2026-04-27 20:00:00+00:00,False,0.0
AMZN,2026-04-28,258.4200134277344,259.7699890136719,2026-04-28 13:30:00+00:00,2026-04-28 20:00:00+00:00,False,0.0
AMZN,2026-04-29,258.2149963378906,263.2699890136719,2026-04-29 13:30:00+00:00,2026-04-29 20:00:00+00:00,False,0.0
AMZN,2026-04-30,273.0400085449219,265.0299987792969,2026-04-30 13:30:00+00:00,2026-04-30 20:00:00+00:00,False,0.0
AMZN,2026-05-01,265.42999267578125,268.3399963378906,2026-05-01 13:30:00+00:00,2026-05-01 20:00:00+00:00,False,0.0
AMZN,2026-05-04,268.9949951171875,272.04998779296875,2026-05-04 13:30:00+00:00,2026-05-04 20:00:00+00:00,False,0.0
AMZN,2026-05-05,276.20001220703125,273.5,2026-05-05 13:30:00+00:00,2026-05-05 20:00:00+00:00,False,0.0
AMZN,2026-05-06,272.8900146484375,274.9100036621094,2026-05-06 13:30:00+00:00,2026-05-06 20:00:00+00:00,False,0.0
AMZN,2026-05-07,275.0,271.25,2026-05-07 13:30:00+00:00,2026-05-07 20:00:00+00:00,False,0.0
AMZN,2026-05-08,271.6300048828125,272.67999267578125,2026-05-08 13:30:00+00:00,2026-05-08 20:00:00+00:00,False,0.0
AMZN,2026-05-11,269.8349914550781,268.989990234375,2026-05-11 13:30:00+00:00,2026-05-11 20:00:00+00:00,False,0.0
AMZN,2026-05-12,266.2699890136719,265.8900146484375,2026-05-12 13:30:00+00:00,2026-05-12 20:00:00+00:00,False,0.0
AMZN,2026-05-13,264.45001220703125,270.0799865722656,2026-05-13 13:30:00+00:00,2026-05-13 20:00:00+00:00,False,0.0
AMZN,2026-05-14,269.2796936035156,267.25,2026-05-14 13:30:00+00:00,2026-05-14 20:00:00+00:00,False,0.0
AMZN,2026-05-15,262.5899963378906,264.2099914550781,2026-05-15 13:30:00+00:00,2026-05-15 20:00:00+00:00,False,0.0
AMZN,2026-05-18,263.864990234375,264.9200134277344,2026-05-18 13:30:00+00:00,2026-05-18 20:00:00+00:00,False,0.0
AMZN,2026-05-19,262.0199890136719,259.4200134277344,2026-05-19 13:30:00+00:00,2026-05-19 20:00:00+00:00,False,0.0
AMZN,2026-05-20,260.1319885253906,265.010009765625,2026-05-20 13:30:00+00:00,2026-05-20 20:00:00+00:00,False,0.0
AMZN,2026-05-21,263.54998779296875,268.3900146484375,2026-05-21 13:30:00+00:00,2026-05-21 20:00:00+00:00,False,0.0
AMZN,2026-05-22,268.6499938964844,266.29998779296875,2026-05-22 13:30:00+00:00,2026-05-22 20:00:00+00:00,False,0.0
AMZN,2026-05-26,267.57501220703125,265.3099975585937,2026-05-26 13:30:00+00:00,2026-05-26 20:00:00+00:00,False,0.0
AMZN,2026-05-27,266.1499938964844,271.8673095703125,2026-05-27 13:30:00+00:00,2026-05-27 20:00:00+00:00,False,0.0
AMZN,2026-05-28,272.239990234375,273.9599914550781,2026-05-28 13:30:00+00:00,2026-05-28 20:00:00+00:00,False,0.0
AMZN,2026-05-29,271.31500244140625,270.6499938964844,2026-05-29 13:30:00+00:00,2026-05-29 20:00:00+00:00,False,0.0
AMZN,2026-06-01,266.2900085449219,261.239990234375,2026-06-01 13:30:00+00:00,2026-06-01 20:00:00+00:00,False,0.0
AMZN,2026-06-02,257.1600036621094,256.5,2026-06-02 13:30:00+00:00,2026-06-02 20:00:00+00:00,False,0.0
AMZN,2026-06-03,254.6999969482422,249.97000122070312,2026-06-03 13:30:00+00:00,2026-06-03 20:00:00+00:00,False,0.0
AMZN,2026-06-04,253.32000732421875,253.91000366210935,2026-06-04 13:30:00+00:00,2026-06-04 20:00:00+00:00,False,0.0
AMZN,2026-06-05,254.0,245.97000122070312,2026-06-05 13:30:00+00:00,2026-06-05 20:00:00+00:00,False,0.0
AMZN,2026-06-08,246.6100006103516,245.2100067138672,2026-06-08 13:30:00+00:00,2026-06-08 20:00:00+00:00,False,0.0
AMZN,2026-06-09,247.6999969482422,244.0399932861328,2026-06-09 13:30:00+00:00,2026-06-09 20:00:00+00:00,False,0.0
AMZN,2026-06-10,243.60499572753903,237.94500732421875,2026-06-10 13:30:00+00:00,2026-06-10 20:00:00+00:00,False,0.0
AMZN,2026-06-11,237.92999267578125,241.2899932861328,2026-06-11 13:30:00+00:00,2026-06-11 20:00:00+00:00,False,0.0
AMZN,2026-06-12,243.2100067138672,238.52999877929688,2026-06-12 13:30:00+00:00,2026-06-12 20:00:00+00:00,False,0.0
AMZN,2026-06-15,245.16400146484372,246.1000061035156,2026-06-15 13:30:00+00:00,2026-06-15 20:00:00+00:00,False,0.0
AMZN,2026-06-16,248.0,246.07000732421875,2026-06-16 13:30:00+00:00,2026-06-16 20:00:00+00:00,False,0.0
AMZN,2026-06-17,245.00999450683597,237.44000244140625,2026-06-17 13:30:00+00:00,2026-06-17 20:00:00+00:00,False,0.0
AMZN,2026-06-18,240.22000122070312,244.3524932861328,2026-06-18 13:30:00+00:00,2026-06-18 20:00:00+00:00,False,0.0
AMZN,2026-06-22,240.4900054931641,232.7899932861328,2026-06-22 13:30:00+00:00,2026-06-22 20:00:00+00:00,False,0.0
AMZN,2026-06-23,232.5500030517578,234.1000061035156,2026-06-23 13:30:00+00:00,2026-06-23 20:00:00+00:00,False,0.0
AMZN,2026-06-24,233.84500122070312,234.3500061035156,2026-06-24 13:30:00+00:00,2026-06-24 20:00:00+00:00,False,0.0
AMZN,2026-06-25,231.92999267578125,227.1300048828125,2026-06-25 13:30:00+00:00,2026-06-25 20:00:00+00:00,False,0.0
AMZN,2026-06-26,227.38999938964844,230.5500030517578,2026-06-26 13:30:00+00:00,2026-06-26 20:00:00+00:00,False,0.0
AMZN,2026-06-29,234.2449951171875,240.1199951171875,2026-06-29 13:30:00+00:00,2026-06-29 20:00:00+00:00,False,0.0
AMZN,2026-06-30,237.42999267578125,238.25,2026-06-30 13:30:00+00:00,2026-06-30 20:00:00+00:00,False,0.0
AMZN,2026-07-01,239.97999572753903,241.6699981689453,2026-07-01 13:30:00+00:00,2026-07-01 20:00:00+00:00,False,0.0
AMZN,2026-07-02,241.6024932861328,242.27999877929688,2026-07-02 13:30:00+00:00,2026-07-02 20:00:00+00:00,False,0.0
AMZN,2026-07-06,243.7949981689453,244.22999572753903,2026-07-06 13:30:00+00:00,2026-07-06 20:00:00+00:00,False,0.0
AMZN,2026-07-07,247.32000732421875,245.9499969482422,2026-07-07 13:30:00+00:00,2026-07-07 20:00:00+00:00,False,0.0
AMZN,2026-07-08,244.13999938964844,243.55999755859372,2026-07-08 13:30:00+00:00,2026-07-08 20:00:00+00:00,False,0.0
AMZN,2026-07-09,239.7449951171875,247.0200042724609,2026-07-09 13:30:00+00:00,2026-07-09 20:00:00+00:00,False,0.0
AMZN,2026-07-10,249.63999938964844,245.30999755859372,2026-07-10 13:30:00+00:00,2026-07-10 20:00:00+00:00,False,0.0
AMZN,2026-07-13,244.25999450683597,247.3699951171875,2026-07-13 13:30:00+00:00,2026-07-13 20:00:00+00:00,False,0.0
AMZN,2026-07-14,245.52999877929688,247.5,2026-07-14 13:30:00+00:00,2026-07-14 20:00:00+00:00,False,0.0
AMZN,2026-07-15,249.97000122070312,254.8800048828125,2026-07-15 13:30:00+00:00,2026-07-15 20:00:00+00:00,False,0.0
AMZN,2026-07-16,255.38499450683597,249.8999938964844,2026-07-16 13:30:00+00:00,2026-07-16 20:00:00+00:00,False,0.0
AMZN,2026-07-17,244.6999969482422,247.25999450683597,2026-07-17 13:30:00+00:00,2026-07-17 20:00:00+00:00,False,0.0
AMZN,2026-07-20,248.75,250.09500122070312,2026-07-20 13:30:00+00:00,2026-07-20 20:00:00+00:00,False,0.0
AMZN,2026-07-21,249.1219940185547,247.50999450683597,2026-07-21 13:30:00+00:00,2026-07-21 20:00:00+00:00,False,0.0
AMZN,2026-07-22,248.1300048828125,244.7700042724609,2026-07-22 13:30:00+00:00,2026-07-22 20:00:00+00:00,False,0.0
AMZN,2026-07-23,236.32000732421875,233.55999755859372,2026-07-23 13:30:00+00:00,2026-07-23 20:00:00+00:00,False,0.0
AMZN,2026-07-24,234.3699951171875,232.07000732421875,2026-07-24 13:30:00+00:00,2026-07-24 20:00:00+00:00,False,0.0
AMZN,2026-07-27,235.6999969482422,231.3600006103516,2026-07-27 13:30:00+00:00,2026-07-27 20:00:00+00:00,False,0.0
AMZN,2026-07-28,232.8500061035156,230.8999938964844,2026-07-28 13:30:00+00:00,2026-07-28 20:00:00+00:00,False,0.0
AMZN,2026-07-29,229.31500244140625,226.7100067138672,2026-07-29 13:30:00+00:00,2026-07-29 20:00:00+00:00,False,0.0
AMZN,2026-07-30,233.25,236.02999877929688,2026-07-30 13:30:00+00:00,2026-07-30 20:00:00+00:00,False,0.0
AMZN,2026-07-31,264.9849853515625,271.6099853515625,2026-07-31 13:30:00+00:00,2026-07-31 20:00:00+00:00,False,0.0
AMZN,2026-08-03,278.2900085449219,284.0199890136719,2026-08-03 13:30:00+00:00,2026-08-03 20:00:00+00:00,False,0.0
AMZN,2026-08-04,276.0599975585937,277.42999267578125,2026-08-04 13:30:00+00:00,2026-08-04 20:00:00+00:00,False,0.0
AMZN,2026-08-05,281.5899963378906,272.6000061035156,2026-08-05 13:30:00+00:00,2026-08-05 20:00:00+00:00,False,0.0
AMZN,2026-08-06,272.7650146484375,272.20001220703125,2026-08-06 13:30:00+00:00,2026-08-06 20:00:00+00:00,False,0.0
AMZN,2026-08-07,272.8900146484375,274.44000244140625,2026-08-07 13:30:00+00:00,2026-08-07 20:00:00+00:00,False,0.0
AMZN,2026-08-10,274.20001220703125,278.0799865722656,2026-08-10 13:30:00+00:00,2026-08-10 20:00:00+00:00,False,0.0
AMZN,2026-08-11,278.3999938964844,272.2799987792969,2026-08-11 13:30:00+00:00,2026-08-11 20:00:00+00:00,False,0.0
AMZN,2026-08-12,273.2049865722656,267.3099975585937,2026-08-12 13:30:00+00:00,2026-08-12 20:00:00+00:00,False,0.0
AMZN,2026-08-13,267.2349853515625,265.1600036621094,2026-08-13 13:30:00+00:00,2026-08-13 20:00:00+00:00,False,0.0
AMZN,2026-08-14,264.875,262.6600036621094,2026-08-14 13:30:00+00:00,2026-08-14 20:00:00+00:00,False,0.0
AMZN,2026-08-17,265.44000244140625,261.3349914550781,2026-08-17 13:30:00+00:00,2026-08-17 20:00:00+00:00,False,0.0
AMZN,2026-08-18,260.6300048828125,259.4800109863281,2026-08-18 13:30:00+00:00,2026-08-18 20:00:00+00:00,False,0.0
AMZN,2026-08-19,260.8450012207031,265.8900146484375,2026-08-19 13:30:00+00:00,2026-08-19 20:00:00+00:00,False,0.0
AMZN,2026-08-20,262.9049987792969,260.19000244140625,2026-08-20 13:30:00+00:00,2026-08-20 20:00:00+00:00,False,0.0
AMZN,2026-08-21,260.75,258.6499938964844,2026-08-21 13:30:00+00:00,2026-08-21 20:00:00+00:00,False,0.0
AMZN,2026-08-24,259.5199890136719,262.0303955078125,2026-08-24 13:30:00+00:00,2026-08-24 20:00:00+00:00,False,0.0
AMZN,2026-08-25,262.6000061035156,260.9700012207031,2026-08-25 13:30:00+00:00,2026-08-25 20:00:00+00:00,False,0.0
AMZN,2026-08-26,261.2749938964844,260.2799987792969,2026-08-26 13:30:00+00:00,2026-08-26 20:00:00+00:00,False,0.0
AMZN,2026-08-27,259.2300109863281,256.2200012207031,2026-08-27 13:30:00+00:00,2026-08-27 20:00:00+00:00,False,0.0
AMZN,2026-08-28,258.32000732421875,266.3800048828125,2026-08-28 13:30:00+00:00,2026-08-28 20:00:00+00:00,False,0.0
AMZN,2026-08-31,263.82501220703125,259.92999267578125,2026-08-31 13:30:00+00:00,2026-08-31 20:00:00+00:00,False,0.0
AMZN,2026-09-01,254.8300018310547,254.9199981689453,2026-09-01 13:30:00+00:00,2026-09-01 20:00:00+00:00,False,0.0
AMZN,2026-09-02,254.2550048828125,254.97000122070312,2026-09-02 13:30:00+00:00,2026-09-02 20:00:00+00:00,False,0.0
AMZN,2026-09-03,256.32000732421875,258.8999938964844,2026-09-03 13:30:00+00:00,2026-09-03 20:00:00+00:00,False,0.0
AMZN,2026-09-04,259.2149963378906,258.510009765625,2026-09-04 13:30:00+00:00,2026-09-04 20:00:00+00:00,False,0.0
AMZN,2026-09-08,256.760009765625,256.9599914550781,2026-09-08 13:30:00+00:00,2026-09-08 20:00:00+00:00,False,0.0
AMZN,2026-09-09,253.1199951171875,252.47999572753903,2026-09-09 13:30:00+00:00,2026-09-09 20:00:00+00:00,False,0.0
AMZN,2026-09-10,250.19000244140625,251.88999938964844,2026-09-10 13:30:00+00:00,2026-09-10 20:00:00+00:00,False,0.0
AMZN,2026-09-11,254.0449981689453,256.7900085449219,2026-09-11 13:30:00+00:00,2026-09-11 20:00:00+00:00,False,0.0
AMZN,2026-09-14,253.375,253.55999755859372,2026-09-14 13:30:00+00:00,2026-09-14 20:00:00+00:00,False,0.0
AMZN,2026-09-15,252.375,248.44000244140625,2026-09-15 13:30:00+00:00,2026-09-15 20:00:00+00:00,False,0.0
AMZN,2026-09-16,248.1999969482422,245.83999633789065,2026-09-16 13:30:00+00:00,2026-09-16 20:00:00+00:00,False,0.0
AMZN,2026-09-17,251.1300048828125,251.17999267578125,2026-09-17 13:30:00+00:00,2026-09-17 20:00:00+00:00,False,0.0
AMZN,2026-09-18,252.8600006103516,253.50999450683597,2026-09-18 13:30:00+00:00,2026-09-18 20:00:00+00:00,False,0.0
AMZN,2026-09-21,256.5199890136719,258.42999267578125,2026-09-21 13:30:00+00:00,2026-09-21 20:00:00+00:00,False,0.0
AMZN,2026-09-22,255.3800048828125,254.8800048828125,2026-09-22 13:30:00+00:00,2026-09-22 20:00:00+00:00,False,0.0
AMZN,2026-09-23,253.3300018310547,249.3500061035156,2026-09-23 13:30:00+00:00,2026-09-23 20:00:00+00:00,False,0.0
AMZN,2026-09-24,245.97000122070312,249.3500061035156,2026-09-24 13:30:00+00:00,2026-09-24 20:00:00+00:00,False,0.0
AMZN,2026-09-25,248.55999755859372,249.7400054931641,2026-09-25 13:30:00+00:00,2026-09-25 20:00:00+00:00,False,0.0
AMZN,2026-09-28,246.32000732421875,246.25999450683597,2026-09-28 13:30:00+00:00,2026-09-28 20:00:00+00:00,False,0.0
AMZN,2026-09-29,246.94500732421875,246.69500732421875,2026-09-29 13:30:00+00:00,2026-09-29 20:00:00+00:00,False,0.0
AMZN,2026-09-30,246.63499450683597,249.02999877929688,2026-09-30 13:30:00+00:00,2026-09-30 20:00:00+00:00,False,0.0
GOOGL,2025-07-01,175.73500061035156,175.8699951171875,2025-07-01 13:30:00+00:00,2025-07-01 20:00:00+00:00,False,0.0
GOOGL,2025-07-02,175.5399932861328,178.6300048828125,2025-07-02 13:30:00+00:00,2025-07-02 20:00:00+00:00,False,0.0
GOOGL,2025-07-03,178.69500732421875,178.78179931640625,2025-07-03 13:30:00+00:00,2025-07-03 17:00:00+00:00,True,0.0
GOOGL,2025-07-07,179.00999450683594,176.7899932861328,2025-07-07 13:30:00+00:00,2025-07-07 20:00:00+00:00,False,0.0
GOOGL,2025-07-08,177.9499969482422,174.35000610351562,2025-07-08 13:30:00+00:00,2025-07-08 20:00:00+00:00,False,0.0
GOOGL,2025-07-09,175.18499755859375,176.6199951171875,2025-07-09 13:30:00+00:00,2025-07-09 20:00:00+00:00,False,0.0
GOOGL,2025-07-10,175.6300048828125,177.6300048828125,2025-07-10 13:30:00+00:00,2025-07-10 20:00:00+00:00,False,0.0
GOOGL,2025-07-11,176.78500366210938,180.15499877929688,2025-07-11 13:30:00+00:00,2025-07-11 20:00:00+00:00,False,0.0
GOOGL,2025-07-14,180.9900054931641,181.6000061035156,2025-07-14 13:30:00+00:00,2025-07-14 20:00:00+00:00,False,0.0
GOOGL,2025-07-15,182.77999877929688,181.9600067138672,2025-07-15 13:30:00+00:00,2025-07-15 20:00:00+00:00,False,0.0
GOOGL,2025-07-16,183.32000732421875,182.9149932861328,2025-07-16 13:30:00+00:00,2025-07-16 20:00:00+00:00,False,0.0
GOOGL,2025-07-17,182.22000122070312,183.63999938964844,2025-07-17 13:30:00+00:00,2025-07-17 20:00:00+00:00,False,0.0
GOOGL,2025-07-18,185.5399932861328,185.0399932861328,2025-07-18 13:30:00+00:00,2025-07-18 20:00:00+00:00,False,0.0
GOOGL,2025-07-21,186.25,190.1699981689453,2025-07-21 13:30:00+00:00,2025-07-21 20:00:00+00:00,False,0.0
GOOGL,2025-07-22,191.4949951171875,191.3500061035156,2025-07-22 13:30:00+00:00,2025-07-22 20:00:00+00:00,False,0.0
GOOGL,2025-07-23,191.47999572753903,190.3500061035156,2025-07-23 13:30:00+00:00,2025-07-23 20:00:00+00:00,False,0.0
GOOGL,2025-07-24,197.02999877929688,192.17999267578125,2025-07-24 13:30:00+00:00,2025-07-24 20:00:00+00:00,False,0.0
GOOGL,2025-07-25,191.97999572753903,193.17999267578125,2025-07-25 13:30:00+00:00,2025-07-25 20:00:00+00:00,False,0.0
GOOGL,2025-07-28,193.66000366210935,192.55999755859372,2025-07-28 13:30:00+00:00,2025-07-28 20:00:00+00:00,False,0.0
GOOGL,2025-07-29,192.42999267578125,195.7350006103516,2025-07-29 13:30:00+00:00,2025-07-29 20:00:00+00:00,False,0.0
GOOGL,2025-07-30,195.5200042724609,196.6199951171875,2025-07-30 13:30:00+00:00,2025-07-30 20:00:00+00:00,False,0.0
GOOGL,2025-07-31,195.7100067138672,191.94000244140625,2025-07-31 13:30:00+00:00,2025-07-31 20:00:00+00:00,False,0.0
GOOGL,2025-08-01,189.0200042724609,189.08050537109372,2025-08-01 13:30:00+00:00,2025-08-01 20:00:00+00:00,False,0.0
GOOGL,2025-08-04,190.30999755859372,195.0399932861328,2025-08-04 13:30:00+00:00,2025-08-04 20:00:00+00:00,False,0.0
GOOGL,2025-08-05,194.7100067138672,194.6699981689453,2025-08-05 13:30:00+00:00,2025-08-05 20:00:00+00:00,False,0.0
GOOGL,2025-08-06,194.4850006103516,196.08999633789065,2025-08-06 13:30:00+00:00,2025-08-06 20:00:00+00:00,False,0.0
GOOGL,2025-08-07,196.9250030517578,196.55999755859372,2025-08-07 13:30:00+00:00,2025-08-07 20:00:00+00:00,False,0.0
GOOGL,2025-08-08,197.22000122070312,201.44000244140625,2025-08-08 13:30:00+00:00,2025-08-08 20:00:00+00:00,False,0.0
GOOGL,2025-08-11,201.0200042724609,201.0,2025-08-11 13:30:00+00:00,2025-08-11 20:00:00+00:00,False,0.0
GOOGL,2025-08-12,201.3000030517578,203.33999633789065,2025-08-12 13:30:00+00:00,2025-08-12 20:00:00+00:00,False,0.0
GOOGL,2025-08-13,203.9900054931641,201.91000366210935,2025-08-13 13:30:00+00:00,2025-08-13 20:00:00+00:00,False,0.0
GOOGL,2025-08-14,201.5,202.8500061035156,2025-08-14 13:30:00+00:00,2025-08-14 20:00:00+00:00,False,0.0
GOOGL,2025-08-15,203.84249877929688,203.8999938964844,2025-08-15 13:30:00+00:00,2025-08-15 20:00:00+00:00,False,0.0
GOOGL,2025-08-18,204.16000366210935,203.42999267578125,2025-08-18 13:30:00+00:00,2025-08-18 20:00:00+00:00,False,0.0
GOOGL,2025-08-19,203.02999877929688,201.63999938964844,2025-08-19 13:30:00+00:00,2025-08-19 20:00:00+00:00,False,0.0
GOOGL,2025-08-20,200.72999572753903,199.2899932861328,2025-08-20 13:30:00+00:00,2025-08-20 20:00:00+00:00,False,0.0
GOOGL,2025-08-21,199.82000732421875,199.7400054931641,2025-08-21 13:30:00+00:00,2025-08-21 20:00:00+00:00,False,0.0
GOOGL,2025-08-22,203.10499572753903,206.1199951171875,2025-08-22 13:30:00+00:00,2025-08-22 20:00:00+00:00,False,0.0
GOOGL,2025-08-25,206.42999267578125,208.50999450683597,2025-08-25 13:30:00+00:00,2025-08-25 20:00:00+00:00,False,0.0
GOOGL,2025-08-26,207.7899932861328,207.1903076171875,2025-08-26 13:30:00+00:00,2025-08-26 20:00:00+00:00,False,0.0
GOOGL,2025-08-27,205.6699981689453,207.42999267578125,2025-08-27 13:30:00+00:00,2025-08-27 20:00:00+00:00,False,0.0
GOOGL,2025-08-28,207.2899932861328,211.63999938964844,2025-08-28 13:30:00+00:00,2025-08-28 20:00:00+00:00,False,0.0
GOOGL,2025-08-29,210.5500030517578,213.0399932861328,2025-08-29 13:30:00+00:00,2025-08-29 20:00:00+00:00,False,0.0
GOOGL,2025-09-02,208.3500061035156,211.32000732421875,2025-09-02 13:30:00+00:00,2025-09-02 20:00:00+00:00,False,0.0
GOOGL,2025-09-03,226.1000061035156,230.6300048828125,2025-09-03 13:30:00+00:00,2025-09-03 20:00:00+00:00,False,0.0
GOOGL,2025-09-04,229.7350006103516,232.3000030517578,2025-09-04 13:30:00+00:00,2025-09-04 20:00:00+00:00,False,0.0
GOOGL,2025-09-05,232.2400054931641,235.07000732421875,2025-09-05 13:30:00+00:00,2025-09-05 20:00:00+00:00,False,0.0
GOOGL,2025-09-08,235.63999938964844,234.0800018310547,2025-09-08 13:30:00+00:00,2025-09-08 20:00:00+00:00,False,0.21
GOOGL,2025-09-09,234.1450042724609,239.63999938964844,2025-09-09 13:30:00+00:00,2025-09-09 20:00:00+00:00,False,0.0
GOOGL,2025-09-10,238.94000244140625,239.1199951171875,2025-09-10 13:30:00+00:00,2025-09-10 20:00:00+00:00,False,0.0
GOOGL,2025-09-11,239.9600067138672,240.3500061035156,2025-09-11 13:30:00+00:00,2025-09-11 20:00:00+00:00,False,0.0
GOOGL,2025-09-12,240.33999633789065,240.75,2025-09-12 13:30:00+00:00,2025-09-12 20:00:00+00:00,False,0.0
GOOGL,2025-09-15,244.7700042724609,251.6199951171875,2025-09-15 13:30:00+00:00,2025-09-15 20:00:00+00:00,False,0.0
GOOGL,2025-09-16,252.0,251.1999969482422,2025-09-16 13:30:00+00:00,2025-09-16 20:00:00+00:00,False,0.0
GOOGL,2025-09-17,251.22000122070312,249.5200042724609,2025-09-17 13:30:00+00:00,2025-09-17 20:00:00+00:00,False,0.0
GOOGL,2025-09-18,251.67999267578125,252.07000732421875,2025-09-18 13:30:00+00:00,2025-09-18 20:00:00+00:00,False,0.0
GOOGL,2025-09-19,253.25999450683597,254.65499877929688,2025-09-19 13:30:00+00:00,2025-09-19 20:00:00+00:00,False,0.0
GOOGL,2025-09-22,254.25999450683597,252.5399932861328,2025-09-22 13:30:00+00:00,2025-09-22 20:00:00+00:00,False,0.0
GOOGL,2025-09-23,253.3500061035156,251.67999267578125,2025-09-23 13:30:00+00:00,2025-09-23 20:00:00+00:00,False,0.0
GOOGL,2025-09-24,251.75,247.08999633789065,2025-09-24 13:30:00+00:00,2025-09-24 20:00:00+00:00,False,0.0
GOOGL,2025-09-25,243.0,245.7899932861328,2025-09-25 13:30:00+00:00,2025-09-25 20:00:00+00:00,False,0.0
GOOGL,2025-09-26,247.0,246.5489959716797,2025-09-26 13:30:00+00:00,2025-09-26 20:00:00+00:00,False,0.0
GOOGL,2025-09-29,248.0,244.0399932861328,2025-09-29 13:30:00+00:00,2025-09-29 20:00:00+00:00,False,0.0
GOOGL,2025-09-30,243.0,243.08999633789065,2025-09-30 13:30:00+00:00,2025-09-30 20:00:00+00:00,False,0.0
GOOGL,2025-10-01,239.0,244.8500061035156,2025-10-01 13:30:00+00:00,2025-10-01 20:00:00+00:00,False,0.0
GOOGL,2025-10-02,245.3350067138672,245.6999969482422,2025-10-02 13:30:00+00:00,2025-10-02 20:00:00+00:00,False,0.0
GOOGL,2025-10-03,244.4900054931641,245.4499969482422,2025-10-03 13:30:00+00:00,2025-10-03 20:00:00+00:00,False,0.0
GOOGL,2025-10-06,245.07000732421875,250.42999267578125,2025-10-06 13:30:00+00:00,2025-10-06 20:00:00+00:00,False,0.0
GOOGL,2025-10-07,247.8800048828125,245.82000732421875,2025-10-07 13:30:00+00:00,2025-10-07 20:00:00+00:00,False,0.0
GOOGL,2025-10-08,244.9499969482422,244.6100006103516,2025-10-08 13:30:00+00:00,2025-10-08 20:00:00+00:00,False,0.0
GOOGL,2025-10-09,243.6699981689453,241.27999877929688,2025-10-09 13:30:00+00:00,2025-10-09 20:00:00+00:00,False,0.0
GOOGL,2025-10-10,242.4539031982422,236.57000732421875,2025-10-10 13:30:00+00:00,2025-10-10 20:00:00+00:00,False,0.0
GOOGL,2025-10-13,240.2100067138672,244.1300048828125,2025-10-13 13:30:00+00:00,2025-10-13 20:00:00+00:00,False,0.0
GOOGL,2025-10-14,241.22999572753903,245.42999267578125,2025-10-14 13:30:00+00:00,2025-10-14 20:00:00+00:00,False,0.0
GOOGL,2025-10-15,247.26499938964844,251.0800018310547,2025-10-15 13:30:00+00:00,2025-10-15 20:00:00+00:00,False,0.0
GOOGL,2025-10-16,251.77999877929688,251.38999938964844,2025-10-16 13:30:00+00:00,2025-10-16 20:00:00+00:00,False,0.0
GOOGL,2025-10-17,250.88999938964844,253.32000732421875,2025-10-17 13:30:00+00:00,2025-10-17 20:00:00+00:00,False,0.0
GOOGL,2025-10-20,254.69000244140625,256.5799865722656,2025-10-20 13:30:00+00:00,2025-10-20 20:00:00+00:00,False,0.0
GOOGL,2025-10-21,254.66000366210935,250.42999267578125,2025-10-21 13:30:00+00:00,2025-10-21 20:00:00+00:00,False,0.0
GOOGL,2025-10-22,254.2250061035156,251.6699981689453,2025-10-22 13:30:00+00:00,2025-10-22 20:00:00+00:00,False,0.0
GOOGL,2025-10-23,252.8999938964844,253.07000732421875,2025-10-23 13:30:00+00:00,2025-10-23 20:00:00+00:00,False,0.0
GOOGL,2025-10-24,256.17999267578125,259.9100036621094,2025-10-24 13:30:00+00:00,2025-10-24 20:00:00+00:00,False,0.0
GOOGL,2025-10-27,264.8450012207031,269.2699890136719,2025-10-27 13:30:00+00:00,2025-10-27 20:00:00+00:00,False,0.0
GOOGL,2025-10-28,269.5150146484375,267.489990234375,2025-10-28 13:30:00+00:00,2025-10-28 20:00:00+00:00,False,0.0
GOOGL,2025-10-29,267.7550048828125,275.0400085449219,2025-10-29 13:30:00+00:00,2025-10-29 20:00:00+00:00,False,0.0
GOOGL,2025-10-30,291.4700012207031,281.2900085449219,2025-10-30 13:30:00+00:00,2025-10-30 20:00:00+00:00,False,0.0
GOOGL,2025-10-31,282.7900085449219,281.17999267578125,2025-10-31 13:30:00+00:00,2025-10-31 20:00:00+00:00,False,0.0
GOOGL,2025-11-03,282.1549987792969,283.8900146484375,2025-11-03 14:30:00+00:00,2025-11-03 21:00:00+00:00,False,0.0
GOOGL,2025-11-04,276.67999267578125,277.5799865722656,2025-11-04 14:30:00+00:00,2025-11-04 21:00:00+00:00,False,0.0
GOOGL,2025-11-05,278.8949890136719,284.3299865722656,2025-11-05 14:30:00+00:00,2025-11-05 21:00:00+00:00,False,0.0
GOOGL,2025-11-06,285.3299865722656,284.760009765625,2025-11-06 14:30:00+00:00,2025-11-06 21:00:00+00:00,False,0.0
GOOGL,2025-11-07,283.1300048828125,278.9200134277344,2025-11-07 14:30:00+00:00,2025-11-07 21:00:00+00:00,False,0.0
GOOGL,2025-11-10,284.4200134277344,290.1300048828125,2025-11-10 14:30:00+00:00,2025-11-10 21:00:00+00:00,False,0.0
GOOGL,2025-11-11,287.7449951171875,291.2950134277344,2025-11-11 14:30:00+00:00,2025-11-11 21:00:00+00:00,False,0.0
GOOGL,2025-11-12,291.67498779296875,286.739990234375,2025-11-12 14:30:00+00:00,2025-11-12 21:00:00+00:00,False,0.0
GOOGL,2025-11-13,282.29998779296875,278.6199951171875,2025-11-13 14:30:00+00:00,2025-11-13 21:00:00+00:00,False,0.0
GOOGL,2025-11-14,271.4100036621094,276.3810119628906,2025-11-14 14:30:00+00:00,2025-11-14 21:00:00+00:00,False,0.0
GOOGL,2025-11-17,285.7749938964844,285.1099853515625,2025-11-17 14:30:00+00:00,2025-11-17 21:00:00+00:00,False,0.0
GOOGL,2025-11-18,287.8599853515625,284.2950134277344,2025-11-18 14:30:00+00:00,2025-11-18 21:00:00+00:00,False,0.0
GOOGL,2025-11-19,287.3099975585937,292.79998779296875,2025-11-19 14:30:00+00:00,2025-11-19 21:00:00+00:00,False,0.0
GOOGL,2025-11-20,304.5450134277344,289.5899963378906,2025-11-20 14:30:00+00:00,2025-11-20 21:00:00+00:00,False,0.0
GOOGL,2025-11-21,296.4150085449219,299.739990234375,2025-11-21 14:30:00+00:00,2025-11-21 21:00:00+00:00,False,0.0
GOOGL,2025-11-24,310.94000244140625,318.4200134277344,2025-11-24 14:30:00+00:00,2025-11-24 21:00:00+00:00,False,0.0
GOOGL,2025-11-25,325.0299987792969,323.3900146484375,2025-11-25 14:30:00+00:00,2025-11-25 21:00:00+00:00,False,0.0
GOOGL,2025-11-26,320.5199890136719,320.010009765625,2025-11-26 14:30:00+00:00,2025-11-26 21:00:00+00:00,False,0.0
GOOGL,2025-11-28,323.92498779296875,319.6400146484375,2025-11-28 14:30:00+00:00,2025-11-28 18:00:00+00:00,True,0.0
GOOGL,2025-12-01,317.70001220703125,315.1400146484375,2025-12-01 14:30:00+00:00,2025-12-01 21:00:00+00:00,False,0.0
GOOGL,2025-12-02,315.1499938964844,315.70001220703125,2025-12-02 14:30:00+00:00,2025-12-02 21:00:00+00:00,False,0.0
GOOGL,2025-12-03,315.760009765625,319.5199890136719,2025-12-03 14:30:00+00:00,2025-12-03 21:00:00+00:00,False,0.0
GOOGL,2025-12-04,320.3949890136719,317.5799865722656,2025-12-04 14:30:00+00:00,2025-12-04 21:00:00+00:00,False,0.0
GOOGL,2025-12-05,319.6675109863281,321.260009765625,2025-12-05 14:30:00+00:00,2025-12-05 21:00:00+00:00,False,0.0
GOOGL,2025-12-08,320.07000732421875,313.7099914550781,2025-12-08 14:30:00+00:00,2025-12-08 21:00:00+00:00,False,0.21
GOOGL,2025-12-09,313.7200012207031,317.04998779296875,2025-12-09 14:30:00+00:00,2025-12-09 21:00:00+00:00,False,0.0
GOOGL,2025-12-10,316.010009765625,320.1600036621094,2025-12-10 14:30:00+00:00,2025-12-10 21:00:00+00:00,False,0.0
GOOGL,2025-12-11,320.0799865722656,312.5,2025-12-11 14:30:00+00:00,2025-12-11 21:00:00+00:00,False,0.0
GOOGL,2025-12-12,313.7200012207031,309.2349853515625,2025-12-12 14:30:00+00:00,2025-12-12 21:00:00+00:00,False,0.0
GOOGL,2025-12-15,310.0,308.260009765625,2025-12-15 14:30:00+00:00,2025-12-15 21:00:00+00:00,False,0.0
GOOGL,2025-12-16,304.7820129394531,306.3800048828125,2025-12-16 14:30:00+00:00,2025-12-16 21:00:00+00:00,False,0.0
GOOGL,2025-12-17,308.010009765625,296.6700134277344,2025-12-17 14:30:00+00:00,2025-12-17 21:00:00+00:00,False,0.0
GOOGL,2025-12-18,301.7200012207031,302.3999938964844,2025-12-18 14:30:00+00:00,2025-12-18 21:00:00+00:00,False,0.0
GOOGL,2025-12-19,301.79998779296875,307.1700134277344,2025-12-19 14:30:00+00:00,2025-12-19 21:00:00+00:00,False,0.0
GOOGL,2025-12-22,309.875,309.7699890136719,2025-12-22 14:30:00+00:00,2025-12-22 21:00:00+00:00,False,0.0
GOOGL,2025-12-23,310.25,314.3099975585937,2025-12-23 14:30:00+00:00,2025-12-23 21:00:00+00:00,False,0.0
GOOGL,2025-12-24,313.5,313.3099975585937,2025-12-24 14:30:00+00:00,2025-12-24 18:00:00+00:00,True,0.0
GOOGL,2025-12-26,314.0,313.54998779296875,2025-12-26 14:30:00+00:00,2025-12-26 21:00:00+00:00,False,0.0
GOOGL,2025-12-29,312.0,313.54998779296875,2025-12-29 14:30:00+00:00,2025-12-29 21:00:00+00:00,False,0.0
GOOGL,2025-12-30,312.5,313.8599853515625,2025-12-30 14:30:00+00:00,2025-12-30 21:00:00+00:00,False,0.0
GOOGL,2025-12-31,312.25,313.0,2025-12-31 14:30:00+00:00,2025-12-31 21:00:00+00:00,False,0.0
GOOGL,2026-01-02,318.0,315.1199951171875,2026-01-02 14:30:00+00:00,2026-01-02 21:00:00+00:00,False,0.0
GOOGL,2026-01-05,317.6050109863281,316.69000244140625,2026-01-05 14:30:00+00:00,2026-01-05 21:00:00+00:00,False,0.0
GOOGL,2026-01-06,319.70001220703125,314.114990234375,2026-01-06 14:30:00+00:00,2026-01-06 21:00:00+00:00,False,0.0
GOOGL,2026-01-07,314.3599853515625,322.0299987792969,2026-01-07 14:30:00+00:00,2026-01-07 21:00:00+00:00,False,0.0
GOOGL,2026-01-08,330.0,325.3599853515625,2026-01-08 14:30:00+00:00,2026-01-08 21:00:00+00:00,False,0.0
GOOGL,2026-01-09,327.0799865722656,328.4800109863281,2026-01-09 14:30:00+00:00,2026-01-09 21:00:00+00:00,False,0.0
GOOGL,2026-01-12,325.7200012207031,331.83770751953125,2026-01-12 14:30:00+00:00,2026-01-12 21:00:00+00:00,False,0.0
GOOGL,2026-01-13,336.1099853515625,336.0,2026-01-13 14:30:00+00:00,2026-01-13 21:00:00+00:00,False,0.0
GOOGL,2026-01-14,334.6199951171875,335.8099975585937,2026-01-14 14:30:00+00:00,2026-01-14 21:00:00+00:00,False,0.0
GOOGL,2026-01-15,337.510009765625,332.739990234375,2026-01-15 14:30:00+00:00,2026-01-15 21:00:00+00:00,False,0.0
GOOGL,2026-01-16,334.4100036621094,329.989990234375,2026-01-16 14:30:00+00:00,2026-01-16 21:00:00+00:00,False,0.0
GOOGL,2026-01-20,320.8699951171875,322.0299987792969,2026-01-20 14:30:00+00:00,2026-01-20 21:00:00+00:00,False,0.0
GOOGL,2026-01-21,320.864990234375,328.4100036621094,2026-01-21 14:30:00+00:00,2026-01-21 21:00:00+00:00,False,0.0
GOOGL,2026-01-22,334.45001220703125,330.5,2026-01-22 14:30:00+00:00,2026-01-22 21:00:00+00:00,False,0.0
GOOGL,2026-01-23,332.4849853515625,327.9200134277344,2026-01-23 14:30:00+00:00,2026-01-23 21:00:00+00:00,False,0.0
GOOGL,2026-01-26,327.8099975585937,333.260009765625,2026-01-26 14:30:00+00:00,2026-01-26 21:00:00+00:00,False,0.0
GOOGL,2026-01-27,335.364990234375,334.6000061035156,2026-01-27 14:30:00+00:00,2026-01-27 21:00:00+00:00,False,0.0
GOOGL,2026-01-28,335.69000244140625,336.1400146484375,2026-01-28 14:30:00+00:00,2026-01-28 21:00:00+00:00,False,0.0
GOOGL,2026-01-29,340.69000244140625,338.0799865722656,2026-01-29 14:30:00+00:00,2026-01-29 21:00:00+00:00,False,0.0
GOOGL,2026-01-30,334.32000732421875,338.2300109863281,2026-01-30 14:30:00+00:00,2026-01-30 21:00:00+00:00,False,0.0
GOOGL,2026-02-02,336.2200012207031,343.79998779296875,2026-02-02 14:30:00+00:00,2026-02-02 21:00:00+00:00,False,0.0
GOOGL,2026-02-03,347.3399963378906,339.739990234375,2026-02-03 14:30:00+00:00,2026-02-03 21:00:00+00:00,False,0.0
GOOGL,2026-02-04,342.9599914550781,333.1099853515625,2026-02-04 14:30:00+00:00,2026-02-04 21:00:00+00:00,False,0.0
GOOGL,2026-02-05,312.2250061035156,331.29998779296875,2026-02-05 14:30:00+00:00,2026-02-05 21:00:00+00:00,False,0.0
GOOGL,2026-02-06,327.55499267578125,322.885009765625,2026-02-06 14:30:00+00:00,2026-02-06 21:00:00+00:00,False,0.0
GOOGL,2026-02-09,320.92999267578125,324.1199951171875,2026-02-09 14:30:00+00:00,2026-02-09 21:00:00+00:00,False,0.0
GOOGL,2026-02-10,320.95001220703125,318.5400085449219,2026-02-10 14:30:00+00:00,2026-02-10 21:00:00+00:00,False,0.0
GOOGL,2026-02-11,319.04998779296875,310.79998779296875,2026-02-11 14:30:00+00:00,2026-02-11 21:00:00+00:00,False,0.0
GOOGL,2026-02-12,312.04998779296875,309.0799865722656,2026-02-12 14:30:00+00:00,2026-02-12 21:00:00+00:00,False,0.0
GOOGL,2026-02-13,307.7250061035156,305.7200012207031,2026-02-13 14:30:00+00:00,2026-02-13 21:00:00+00:00,False,0.0
GOOGL,2026-02-17,300.4200134277344,302.010009765625,2026-02-17 14:30:00+00:00,2026-02-17 21:00:00+00:00,False,0.0
GOOGL,2026-02-18,302.1400146484375,303.2900085449219,2026-02-18 14:30:00+00:00,2026-02-18 21:00:00+00:00,False,0.0
GOOGL,2026-02-19,301.82000732421875,302.8599853515625,2026-02-19 14:30:00+00:00,2026-02-19 21:00:00+00:00,False,0.0
GOOGL,2026-02-20,304.1000061035156,315.0,2026-02-20 14:30:00+00:00,2026-02-20 21:00:00+00:00,False,0.0
GOOGL,2026-02-23,319.0924987792969,311.510009765625,2026-02-23 14:30:00+00:00,2026-02-23 21:00:00+00:00,False,0.0
GOOGL,2026-02-24,310.4800109863281,310.8800048828125,2026-02-24 14:30:00+00:00,2026-02-24 21:00:00+00:00,False,0.0
GOOGL,2026-02-25,311.9949951171875,313.0,2026-02-25 14:30:00+00:00,2026-02-25 21:00:00+00:00,False,0.0
GOOGL,2026-02-26,312.6400146484375,307.44000244140625,2026-02-26 14:30:00+00:00,2026-02-26 21:00:00+00:00,False,0.0
GOOGL,2026-02-27,304.2049865722656,311.6099853515625,2026-02-27 14:30:00+00:00,2026-02-27 21:00:00+00:00,False,0.0
GOOGL,2026-03-02,303.1300048828125,306.260009765625,2026-03-02 14:30:00+00:00,2026-03-02 21:00:00+00:00,False,0.0
GOOGL,2026-03-03,298.5899963378906,303.5400085449219,2026-03-03 14:30:00+00:00,2026-03-03 21:00:00+00:00,False,0.0
GOOGL,2026-03-04,302.8900146484375,303.0299987792969,2026-03-04 14:30:00+00:00,2026-03-04 21:00:00+00:00,False,0.0
GOOGL,2026-03-05,303.0050048828125,300.8900146484375,2026-03-05 14:30:00+00:00,2026-03-05 21:00:00+00:00,False,0.0
GOOGL,2026-03-06,296.1099853515625,298.44000244140625,2026-03-06 14:30:00+00:00,2026-03-06 21:00:00+00:00,False,0.0
GOOGL,2026-03-09,294.3599853515625,306.3699951171875,2026-03-09 13:30:00+00:00,2026-03-09 20:00:00+00:00,False,0.21
GOOGL,2026-03-10,306.8399963378906,307.0400085449219,2026-03-10 13:30:00+00:00,2026-03-10 20:00:00+00:00,False,0.0
GOOGL,2026-03-11,306.5400085449219,308.7099914550781,2026-03-11 13:30:00+00:00,2026-03-11 20:00:00+00:00,False,0.0
GOOGL,2026-03-12,306.8500061035156,303.510009765625,2026-03-12 13:30:00+00:00,2026-03-12 20:00:00+00:00,False,0.0
GOOGL,2026-03-13,307.17999267578125,302.2200012207031,2026-03-13 13:30:00+00:00,2026-03-13 20:00:00+00:00,False,0.0
GOOGL,2026-03-16,304.3500061035156,305.57000732421875,2026-03-16 13:30:00+00:00,2026-03-16 20:00:00+00:00,False,0.0
GOOGL,2026-03-17,305.9949951171875,310.8500061035156,2026-03-17 13:30:00+00:00,2026-03-17 20:00:00+00:00,False,0.0
GOOGL,2026-03-18,309.3099975585937,307.7300109863281,2026-03-18 13:30:00+00:00,2026-03-18 20:00:00+00:00,False,0.0
GOOGL,2026-03-19,304.0050048828125,307.0799865722656,2026-03-19 13:30:00+00:00,2026-03-19 20:00:00+00:00,False,0.0
GOOGL,2026-03-20,305.989990234375,300.9700012207031,2026-03-20 13:30:00+00:00,2026-03-20 20:00:00+00:00,False,0.0
GOOGL,2026-03-23,302.1099853515625,302.0199890136719,2026-03-23 13:30:00+00:00,2026-03-23 20:00:00+00:00,False,0.0
GOOGL,2026-03-24,299.1099853515625,290.4100036621094,2026-03-24 13:30:00+00:00,2026-03-24 20:00:00+00:00,False,0.0
GOOGL,2026-03-25,293.44000244140625,290.9200134277344,2026-03-25 13:30:00+00:00,2026-03-25 20:00:00+00:00,False,0.0
GOOGL,2026-03-26,287.9100036621094,280.95001220703125,2026-03-26 13:30:00+00:00,2026-03-26 20:00:00+00:00,False,0.0
GOOGL,2026-03-27,277.2749938964844,274.2300109863281,2026-03-27 13:30:00+00:00,2026-03-27 20:00:00+00:00,False,0.0
GOOGL,2026-03-30,276.42999267578125,273.510009765625,2026-03-30 13:30:00+00:00,2026-03-30 20:00:00+00:00,False,0.0
GOOGL,2026-03-31,278.0400085449219,287.56500244140625,2026-03-31 13:30:00+00:00,2026-03-31 20:00:00+00:00,False,0.0
GOOGL,2026-04-01,290.8349914550781,297.4800109863281,2026-04-01 13:30:00+00:00,2026-04-01 20:00:00+00:00,False,0.0
GOOGL,2026-04-02,290.69000244140625,295.7900085449219,2026-04-02 13:30:00+00:00,2026-04-02 20:00:00+00:00,False,0.0
GOOGL,2026-04-06,296.0799865722656,300.02899169921875,2026-04-06 13:30:00+00:00,2026-04-06 20:00:00+00:00,False,0.0
GOOGL,2026-04-07,302.1069030761719,305.45001220703125,2026-04-07 13:30:00+00:00,2026-04-07 20:00:00+00:00,False,0.0
GOOGL,2026-04-08,320.44500732421875,317.25,2026-04-08 13:30:00+00:00,2026-04-08 20:00:00+00:00,False,0.0
GOOGL,2026-04-09,315.44000244140625,318.45001220703125,2026-04-09 13:30:00+00:00,2026-04-09 20:00:00+00:00,False,0.0
GOOGL,2026-04-10,320.25,317.25,2026-04-10 13:30:00+00:00,2026-04-10 20:00:00+00:00,False,0.0
GOOGL,2026-04-13,317.135009765625,321.3900146484375,2026-04-13 13:30:00+00:00,2026-04-13 20:00:00+00:00,False,0.0
GOOGL,2026-04-14,324.8599853515625,332.92999267578125,2026-04-14 13:30:00+00:00,2026-04-14 20:00:00+00:00,False,0.0
GOOGL,2026-04-15,332.8900146484375,337.1499938964844,2026-04-15 13:30:00+00:00,2026-04-15 20:00:00+00:00,False,0.0
GOOGL,2026-04-16,338.75,335.989990234375,2026-04-16 13:30:00+00:00,2026-04-16 20:00:00+00:00,False,0.0
GOOGL,2026-04-17,337.7300109863281,341.6099853515625,2026-04-17 13:30:00+00:00,2026-04-17 20:00:00+00:00,False,0.0
GOOGL,2026-04-20,340.8900146484375,337.3900146484375,2026-04-20 13:30:00+00:00,2026-04-20 20:00:00+00:00,False,0.0
GOOGL,2026-04-21,337.6849975585937,332.2799987792969,2026-04-21 13:30:00+00:00,2026-04-21 20:00:00+00:00,False,0.0
GOOGL,2026-04-22,337.0199890136719,339.3699951171875,2026-04-22 13:30:00+00:00,2026-04-22 20:00:00+00:00,False,0.0
GOOGL,2026-04-23,341.3550109863281,339.0,2026-04-23 13:30:00+00:00,2026-04-23 20:00:00+00:00,False,0.0
GOOGL,2026-04-24,338.7250061035156,344.2900085449219,2026-04-24 13:30:00+00:00,2026-04-24 20:00:00+00:00,False,0.0
GOOGL,2026-04-27,345.75,350.3399963378906,2026-04-27 13:30:00+00:00,2026-04-27 20:00:00+00:00,False,0.0
GOOGL,2026-04-28,348.54998779296875,349.8349914550781,2026-04-28 13:30:00+00:00,2026-04-28 20:00:00+00:00,False,0.0
GOOGL,2026-04-29,347.56500244140625,350.20001220703125,2026-04-29 13:30:00+00:00,2026-04-29 20:00:00+00:00,False,0.0
GOOGL,2026-04-30,374.1600036621094,385.1199951171875,2026-04-30 13:30:00+00:00,2026-04-30 20:00:00+00:00,False,0.0
GOOGL,2026-05-01,381.7650146484375,385.6900024414063,2026-05-01 13:30:00+00:00,2026-05-01 20:00:00+00:00,False,0.0
GOOGL,2026-05-04,385.6300048828125,383.239990234375,2026-05-04 13:30:00+00:00,2026-05-04 20:00:00+00:00,False,0.0
GOOGL,2026-05-05,386.3489990234375,388.4100036621094,2026-05-05 13:30:00+00:00,2026-05-05 20:00:00+00:00,False,0.0
GOOGL,2026-05-06,394.2699890136719,397.7999877929688,2026-05-06 13:30:00+00:00,2026-05-06 20:00:00+00:00,False,0.0
GOOGL,2026-05-07,399.9949951171875,398.0299987792969,2026-05-07 13:30:00+00:00,2026-05-07 20:00:00+00:00,False,0.0
GOOGL,2026-05-08,397.0549926757813,400.80999755859375,2026-05-08 13:30:00+00:00,2026-05-08 20:00:00+00:00,False,0.0
GOOGL,2026-05-11,393.9200134277344,388.6400146484375,2026-05-11 13:30:00+00:00,2026-05-11 20:00:00+00:00,False,0.0
GOOGL,2026-05-12,387.1199951171875,387.4400024414063,2026-05-12 13:30:00+00:00,2026-05-12 20:00:00+00:00,False,0.0
GOOGL,2026-05-13,385.3699951171875,402.6400146484375,2026-05-13 13:30:00+00:00,2026-05-13 20:00:00+00:00,False,0.0
GOOGL,2026-05-14,397.2799987792969,401.1199951171875,2026-05-14 13:30:00+00:00,2026-05-14 20:00:00+00:00,False,0.0
GOOGL,2026-05-15,396.2799987792969,396.7900085449219,2026-05-15 13:30:00+00:00,2026-05-15 20:00:00+00:00,False,0.0
GOOGL,2026-05-18,395.8399963378906,396.9599914550781,2026-05-18 13:30:00+00:00,2026-05-18 20:00:00+00:00,False,0.0
GOOGL,2026-05-19,396.989990234375,387.7000122070313,2026-05-19 13:30:00+00:00,2026-05-19 20:00:00+00:00,False,0.0
GOOGL,2026-05-20,387.6950073242188,388.8800048828125,2026-05-20 13:30:00+00:00,2026-05-20 20:00:00+00:00,False,0.0
GOOGL,2026-05-21,385.7000122070313,387.6600036621094,2026-05-21 13:30:00+00:00,2026-05-21 20:00:00+00:00,False,0.0
GOOGL,2026-05-22,387.3299865722656,383.0,2026-05-22 13:30:00+00:00,2026-05-22 20:00:00+00:00,False,0.0
GOOGL,2026-05-26,384.510009765625,388.9601135253906,2026-05-26 13:30:00+00:00,2026-05-26 20:00:00+00:00,False,0.0
GOOGL,2026-05-27,386.6650085449219,388.864990234375,2026-05-27 13:30:00+00:00,2026-05-27 20:00:00+00:00,False,0.0
GOOGL,2026-05-28,387.9549865722656,390.1700134277344,2026-05-28 13:30:00+00:00,2026-05-28 20:00:00+00:00,False,0.0
GOOGL,2026-05-29,385.239990234375,380.3900146484375,2026-05-29 13:30:00+00:00,2026-05-29 20:00:00+00:00,False,0.0
GOOGL,2026-06-01,376.6000061035156,376.3800048828125,2026-06-01 13:30:00+00:00,2026-06-01 20:00:00+00:00,False,0.0
GOOGL,2026-06-02,366.6499938964844,361.8399963378906,2026-06-02 13:30:00+00:00,2026-06-02 20:00:00+00:00,False,0.0
GOOGL,2026-06-03,362.0299987792969,359.3999938964844,2026-06-03 13:30:00+00:00,2026-06-03 20:00:00+00:00,False,0.0
GOOGL,2026-06-04,358.8500061035156,372.3299865722656,2026-06-04 13:30:00+00:00,2026-06-04 20:00:00+00:00,False,0.0
GOOGL,2026-06-05,366.3399963378906,368.7174987792969,2026-06-05 13:30:00+00:00,2026-06-05 20:00:00+00:00,False,0.0
GOOGL,2026-06-08,365.1700134277344,363.3299865722656,2026-06-08 13:30:00+00:00,2026-06-08 20:00:00+00:00,False,0.22
GOOGL,2026-06-09,367.0899963378906,363.9599914550781,2026-06-09 13:30:00+00:00,2026-06-09 20:00:00+00:00,False,0.0
GOOGL,2026-06-10,362.9849853515625,356.2850036621094,2026-06-10 13:30:00+00:00,2026-06-10 20:00:00+00:00,False,0.0
GOOGL,2026-06-11,355.92498779296875,357.6600036621094,2026-06-11 13:30:00+00:00,2026-06-11 20:00:00+00:00,False,0.0
GOOGL,2026-06-12,362.6199951171875,359.6700134277344,2026-06-12 13:30:00+00:00,2026-06-12 20:00:00+00:00,False,0.0
GOOGL,2026-06-15,367.9549865722656,369.30999755859375,2026-06-15 13:30:00+00:00,2026-06-15 20:00:00+00:00,False,0.0
GOOGL,2026-06-16,369.6799926757813,373.2799987792969,2026-06-16 13:30:00+00:00,2026-06-16 20:00:00+00:00,False,0.0
GOOGL,2026-06-17,369.125,363.6900024414063,2026-06-17 13:30:00+00:00,2026-06-17 20:00:00+00:00,False,0.0
GOOGL,2026-06-18,365.75,367.989990234375,2026-06-18 13:30:00+00:00,2026-06-18 20:00:00+00:00,False,0.0
GOOGL,2026-06-22,357.875,349.489990234375,2026-06-22 13:30:00+00:00,2026-06-22 20:00:00+00:00,False,0.0
GOOGL,2026-06-23,340.67498779296875,346.1199951171875,2026-06-23 13:30:00+00:00,2026-06-23 20:00:00+00:00,False,0.0
GOOGL,2026-06-24,348.9649963378906,345.3599853515625,2026-06-24 13:30:00+00:00,2026-06-24 20:00:00+00:00,False,0.0
GOOGL,2026-06-25,336.7200012207031,343.5599975585937,2026-06-25 13:30:00+00:00,2026-06-25 20:00:00+00:00,False,0.0
GOOGL,2026-06-26,342.6499938964844,336.1000061035156,2026-06-26 13:30:00+00:00,2026-06-26 20:00:00+00:00,False,0.0
GOOGL,2026-06-29,341.82501220703125,353.4700012207031,2026-06-29 13:30:00+00:00,2026-06-29 20:00:00+00:00,False,0.0
GOOGL,2026-06-30,353.8550109863281,357.0799865722656,2026-06-30 13:30:00+00:00,2026-06-30 20:00:00+00:00,False,0.0
GOOGL,2026-07-01,358.239990234375,361.2200012207031,2026-07-01 13:30:00+00:00,2026-07-01 20:00:00+00:00,False,0.0
GOOGL,2026-07-02,359.4800109863281,359.54998779296875,2026-07-02 13:30:00+00:00,2026-07-02 20:00:00+00:00,False,0.0
GOOGL,2026-07-06,361.9299926757813,366.4200134277344,2026-07-06 13:30:00+00:00,2026-07-06 20:00:00+00:00,False,0.0
GOOGL,2026-07-07,368.5299987792969,367.0400085449219,2026-07-07 13:30:00+00:00,2026-07-07 20:00:00+00:00,False,0.0
GOOGL,2026-07-08,365.052490234375,361.6400146484375,2026-07-08 13:30:00+00:00,2026-07-08 20:00:00+00:00,False,0.0
GOOGL,2026-07-09,354.15399169921875,358.8699951171875,2026-07-09 13:30:00+00:00,2026-07-09 20:00:00+00:00,False,0.0
GOOGL,2026-07-10,357.5249938964844,356.9100036621094,2026-07-10 13:30:00+00:00,2026-07-10 20:00:00+00:00,False,0.0
GOOGL,2026-07-13,356.20001220703125,352.5299987792969,2026-07-13 13:30:00+00:00,2026-07-13 20:00:00+00:00,False,0.0
GOOGL,2026-07-14,351.0899963378906,359.54998779296875,2026-07-14 13:30:00+00:00,2026-07-14 20:00:00+00:00,False,0.0
GOOGL,2026-07-15,358.1499938964844,370.9200134277344,2026-07-15 13:30:00+00:00,2026-07-15 20:00:00+00:00,False,0.0
GOOGL,2026-07-16,373.1950073242188,354.2900085449219,2026-07-16 13:30:00+00:00,2026-07-16 20:00:00+00:00,False,0.0
GOOGL,2026-07-17,345.9949951171875,346.6199951171875,2026-07-17 13:30:00+00:00,2026-07-17 20:00:00+00:00,False,0.0
GOOGL,2026-07-20,351.1499938964844,352.1000061035156,2026-07-20 13:30:00+00:00,2026-07-20 20:00:00+00:00,False,0.0
GOOGL,2026-07-21,350.8299865722656,347.1099853515625,2026-07-21 13:30:00+00:00,2026-07-21 20:00:00+00:00,False,0.0
GOOGL,2026-07-22,348.1549987792969,342.07000732421875,2026-07-22 13:30:00+00:00,2026-07-22 20:00:00+00:00,False,0.0
GOOGL,2026-07-23,321.1300048828125,317.6499938964844,2026-07-23 13:30:00+00:00,2026-07-23 20:00:00+00:00,False,0.0
GOOGL,2026-07-24,318.31500244140625,319.7699890136719,2026-07-24 13:30:00+00:00,2026-07-24 20:00:00+00:00,False,0.0
GOOGL,2026-07-27,325.0400085449219,326.5599975585937,2026-07-27 13:30:00+00:00,2026-07-27 20:00:00+00:00,False,0.0
GOOGL,2026-07-28,327.8999938964844,333.7300109863281,2026-07-28 13:30:00+00:00,2026-07-28 20:00:00+00:00,False,0.0
GOOGL,2026-07-29,334.5199890136719,336.6700134277344,2026-07-29 13:30:00+00:00,2026-07-29 20:00:00+00:00,False,0.0
GOOGL,2026-07-30,334.19500732421875,333.67999267578125,2026-07-30 13:30:00+00:00,2026-07-30 20:00:00+00:00,False,0.0
GOOGL,2026-07-31,341.5,356.3299865722656,2026-07-31 13:30:00+00:00,2026-07-31 20:00:00+00:00,False,0.0
GOOGL,2026-08-03,365.239990234375,373.55999755859375,2026-08-03 13:30:00+00:00,2026-08-03 20:00:00+00:00,False,0.0
GOOGL,2026-08-04,367.6488037109375,377.7900085449219,2026-08-04 13:30:00+00:00,2026-08-04 20:00:00+00:00,False,0.0
GOOGL,2026-08-05,382.9400024414063,362.4700012207031,2026-08-05 13:30:00+00:00,2026-08-05 20:00:00+00:00,False,0.0
GOOGL,2026-08-06,360.7699890136719,357.8900146484375,2026-08-06 13:30:00+00:00,2026-08-06 20:00:00+00:00,False,0.0
GOOGL,2026-08-07,356.7650146484375,354.25,2026-08-07 13:30:00+00:00,2026-08-07 20:00:00+00:00,False,0.0
GOOGL,2026-08-10,355.17498779296875,357.54998779296875,2026-08-10 13:30:00+00:00,2026-08-10 20:00:00+00:00,False,0.0
GOOGL,2026-08-11,355.8999938964844,343.7900085449219,2026-08-11 13:30:00+00:00,2026-08-11 20:00:00+00:00,False,0.0
GOOGL,2026-08-12,346.0,343.5450134277344,2026-08-12 13:30:00+00:00,2026-08-12 20:00:00+00:00,False,0.0
GOOGL,2026-08-13,345.6199951171875,346.4100036621094,2026-08-13 13:30:00+00:00,2026-08-13 20:00:00+00:00,False,0.0
GOOGL,2026-08-14,346.5400085449219,345.8800048828125,2026-08-14 13:30:00+00:00,2026-08-14 20:00:00+00:00,False,0.0
GOOGL,2026-08-17,346.260009765625,344.0799865722656,2026-08-17 13:30:00+00:00,2026-08-17 20:00:00+00:00,False,0.0
GOOGL,2026-08-18,342.45001220703125,344.07000732421875,2026-08-18 13:30:00+00:00,2026-08-18 20:00:00+00:00,False,0.0
GOOGL,2026-08-19,342.4549865722656,344.7799987792969,2026-08-19 13:30:00+00:00,2026-08-19 20:00:00+00:00,False,0.0
GOOGL,2026-08-20,342.7950134277344,340.6650085449219,2026-08-20 13:30:00+00:00,2026-08-20 20:00:00+00:00,False,0.0
GOOGL,2026-08-21,342.3525085449219,344.8999938964844,2026-08-21 13:30:00+00:00,2026-08-21 20:00:00+00:00,False,0.0
GOOGL,2026-08-24,343.614990234375,348.0599975585937,2026-08-24 13:30:00+00:00,2026-08-24 20:00:00+00:00,False,0.0
GOOGL,2026-08-25,349.375,346.94000244140625,2026-08-25 13:30:00+00:00,2026-08-25 20:00:00+00:00,False,0.0
GOOGL,2026-08-26,346.6199951171875,342.0599975585937,2026-08-26 13:30:00+00:00,2026-08-26 20:00:00+00:00,False,0.0
GOOGL,2026-08-27,339.69000244140625,340.6300048828125,2026-08-27 13:30:00+00:00,2026-08-27 20:00:00+00:00,False,0.0
GOOGL,2026-08-28,340.7550048828125,346.4700012207031,2026-08-28 13:30:00+00:00,2026-08-28 20:00:00+00:00,False,0.0
GOOGL,2026-08-31,343.697998046875,339.2799987792969,2026-08-31 13:30:00+00:00,2026-08-31 20:00:00+00:00,False,0.0
GOOGL,2026-09-01,336.0,335.010009765625,2026-09-01 13:30:00+00:00,2026-09-01 20:00:00+00:00,False,0.0
GOOGL,2026-09-02,334.0599975585937,337.1300048828125,2026-09-02 13:30:00+00:00,2026-09-02 20:00:00+00:00,False,0.0
GOOGL,2026-09-03,340.3550109863281,342.4800109863281,2026-09-03 13:30:00+00:00,2026-09-03 20:00:00+00:00,False,0.0
GOOGL,2026-09-04,342.57501220703125,338.5,2026-09-04 13:30:00+00:00,2026-09-04 20:00:00+00:00,False,0.22
GOOGL,2026-09-08,335.3800048828125,338.42999267578125,2026-09-08 13:30:00+00:00,2026-09-08 20:00:00+00:00,False,0.0
GOOGL,2026-09-09,331.69000244140625,330.6400146484375,2026-09-09 13:30:00+00:00,2026-09-09 20:00:00+00:00,False,0.0
GOOGL,2026-09-10,328.010009765625,332.6700134277344,2026-09-10 13:30:00+00:00,2026-09-10 20:00:00+00:00,False,0.0
GOOGL,2026-09-11,335.06500244140625,338.4200134277344,2026-09-11 13:30:00+00:00,2026-09-11 20:00:00+00:00,False,0.0
GOOGL,2026-09-14,343.20001220703125,349.4849853515625,2026-09-14 13:30:00+00:00,2026-09-14 20:00:00+00:00,False,0.0
GOOGL,2026-09-15,346.7799987792969,345.0299987792969,2026-09-15 13:30:00+00:00,2026-09-15 20:00:00+00:00,False,0.0
GOOGL,2026-09-16,346.9800109863281,342.8500061035156,2026-09-16 13:30:00+00:00,2026-09-16 20:00:00+00:00,False,0.0
GOOGL,2026-09-17,348.6700134277344,347.3800048828125,2026-09-17 13:30:00+00:00,2026-09-17 20:00:00+00:00,False,0.0
GOOGL,2026-09-18,356.9200134277344,349.0599975585937,2026-09-18 13:30:00+00:00,2026-09-18 20:00:00+00:00,False,0.0
GOOGL,2026-09-21,350.6700134277344,355.2200012207031,2026-09-21 13:30:00+00:00,2026-09-21 20:00:00+00:00,False,0.0
GOOGL,2026-09-22,357.9049987792969,351.1849975585937,2026-09-22 13:30:00+00:00,2026-09-22 20:00:00+00:00,False,0.0
GOOGL,2026-09-23,349.7799987792969,337.8599853515625,2026-09-23 13:30:00+00:00,2026-09-23 20:00:00+00:00,False,0.0
GOOGL,2026-09-24,336.2349853515625,342.4200134277344,2026-09-24 13:30:00+00:00,2026-09-24 20:00:00+00:00,False,0.0
GOOGL,2026-09-25,342.4100036621094,343.8399963378906,2026-09-25 13:30:00+00:00,2026-09-25 20:00:00+00:00,False,0.0
GOOGL,2026-09-28,340.70001220703125,342.79998779296875,2026-09-28 13:30:00+00:00,2026-09-28 20:00:00+00:00,False,0.0
GOOGL,2026-09-29,341.95001220703125,340.94000244140625,2026-09-29 13:30:00+00:00,2026-09-29 20:00:00+00:00,False,0.0
GOOGL,2026-09-30,344.2149963378906,344.1300048828125,2026-09-30 13:30:00+00:00,2026-09-30 20:00:00+00:00,False,0.0
NVDA,2025-07-01,156.25999450683594,153.27999877929688,2025-07-01 13:30:00+00:00,2025-07-01 20:00:00+00:00,False,0.0
NVDA,2025-07-02,153.02999877929688,157.24000549316406,2025-07-02 13:30:00+00:00,2025-07-02 20:00:00+00:00,False,0.0
NVDA,2025-07-03,158.35000610351562,159.3800048828125,2025-07-03 13:30:00+00:00,2025-07-03 17:00:00+00:00,True,0.0
NVDA,2025-07-07,158.1999969482422,158.24000549316406,2025-07-07 13:30:00+00:00,2025-07-07 20:00:00+00:00,False,0.0
NVDA,2025-07-08,159.3300018310547,160.00010681152344,2025-07-08 13:30:00+00:00,2025-07-08 20:00:00+00:00,False,0.0
NVDA,2025-07-09,161.19000244140625,162.8300018310547,2025-07-09 13:30:00+00:00,2025-07-09 20:00:00+00:00,False,0.0
NVDA,2025-07-10,164.36000061035156,164.10499572753906,2025-07-10 13:30:00+00:00,2025-07-10 20:00:00+00:00,False,0.0
NVDA,2025-07-11,163.71499633789062,164.8800048828125,2025-07-11 13:30:00+00:00,2025-07-11 20:00:00+00:00,False,0.0
NVDA,2025-07-14,165.4250030517578,164.07000732421875,2025-07-14 13:30:00+00:00,2025-07-14 20:00:00+00:00,False,0.0
NVDA,2025-07-15,171.13999938964844,170.5500030517578,2025-07-15 13:30:00+00:00,2025-07-15 20:00:00+00:00,False,0.0
NVDA,2025-07-16,171.0,171.33999633789062,2025-07-16 13:30:00+00:00,2025-07-16 20:00:00+00:00,False,0.0
NVDA,2025-07-17,172.05999755859375,173.1114044189453,2025-07-17 13:30:00+00:00,2025-07-17 20:00:00+00:00,False,0.0
NVDA,2025-07-18,173.72999572753906,172.38999938964844,2025-07-18 13:30:00+00:00,2025-07-18 20:00:00+00:00,False,0.0
NVDA,2025-07-21,172.73500061035156,171.4600067138672,2025-07-21 13:30:00+00:00,2025-07-21 20:00:00+00:00,False,0.0
NVDA,2025-07-22,171.22000122070312,167.00999450683594,2025-07-22 13:30:00+00:00,2025-07-22 20:00:00+00:00,False,0.0
NVDA,2025-07-23,169.52000427246094,170.8300018310547,2025-07-23 13:30:00+00:00,2025-07-23 20:00:00+00:00,False,0.0
NVDA,2025-07-24,172.4499969482422,173.77999877929688,2025-07-24 13:30:00+00:00,2025-07-24 20:00:00+00:00,False,0.0
NVDA,2025-07-25,173.61500549316406,173.49000549316406,2025-07-25 13:30:00+00:00,2025-07-25 20:00:00+00:00,False,0.0
NVDA,2025-07-28,174.02000427246094,176.75,2025-07-28 13:30:00+00:00,2025-07-28 20:00:00+00:00,False,0.0
NVDA,2025-07-29,177.9600067138672,175.50999450683594,2025-07-29 13:30:00+00:00,2025-07-29 20:00:00+00:00,False,0.0
NVDA,2025-07-30,176.5500030517578,179.2899932861328,2025-07-30 13:30:00+00:00,2025-07-30 20:00:00+00:00,False,0.0
NVDA,2025-07-31,182.92999267578125,177.85000610351562,2025-07-31 13:30:00+00:00,2025-07-31 20:00:00+00:00,False,0.0
NVDA,2025-08-01,174.08999633789062,173.58999633789062,2025-08-01 13:30:00+00:00,2025-08-01 20:00:00+00:00,False,0.0
NVDA,2025-08-04,175.16000366210938,179.97000122070312,2025-08-04 13:30:00+00:00,2025-08-04 20:00:00+00:00,False,0.0
NVDA,2025-08-05,179.6199951171875,178.25999450683594,2025-08-05 13:30:00+00:00,2025-08-05 20:00:00+00:00,False,0.0
NVDA,2025-08-06,176.3249969482422,179.41000366210938,2025-08-06 13:30:00+00:00,2025-08-06 20:00:00+00:00,False,0.0
NVDA,2025-08-07,181.5500030517578,180.8699951171875,2025-08-07 13:30:00+00:00,2025-08-07 20:00:00+00:00,False,0.0
NVDA,2025-08-08,181.5500030517578,182.75,2025-08-08 13:30:00+00:00,2025-08-08 20:00:00+00:00,False,0.0
NVDA,2025-08-11,182.16000366210935,182.0850067138672,2025-08-11 13:30:00+00:00,2025-08-11 20:00:00+00:00,False,0.0
NVDA,2025-08-12,182.9600067138672,183.1000061035156,2025-08-12 13:30:00+00:00,2025-08-12 20:00:00+00:00,False,0.0
NVDA,2025-08-13,182.6150054931641,181.57000732421875,2025-08-13 13:30:00+00:00,2025-08-13 20:00:00+00:00,False,0.0
NVDA,2025-08-14,179.7949981689453,182.0,2025-08-14 13:30:00+00:00,2025-08-14 20:00:00+00:00,False,0.0
NVDA,2025-08-15,181.75999450683597,180.44000244140625,2025-08-15 13:30:00+00:00,2025-08-15 20:00:00+00:00,False,0.0
NVDA,2025-08-18,180.6499938964844,181.97999572753903,2025-08-18 13:30:00+00:00,2025-08-18 20:00:00+00:00,False,0.0
NVDA,2025-08-19,182.42999267578125,175.64999389648438,2025-08-19 13:30:00+00:00,2025-08-19 20:00:00+00:00,False,0.0
NVDA,2025-08-20,175.10000610351562,175.38999938964844,2025-08-20 13:30:00+00:00,2025-08-20 20:00:00+00:00,False,0.0
NVDA,2025-08-21,174.8300018310547,174.9709930419922,2025-08-21 13:30:00+00:00,2025-08-21 20:00:00+00:00,False,0.0
NVDA,2025-08-22,172.65499877929688,178.02000427246094,2025-08-22 13:30:00+00:00,2025-08-22 20:00:00+00:00,False,0.0
NVDA,2025-08-25,178.35499572753906,179.83999633789062,2025-08-25 13:30:00+00:00,2025-08-25 20:00:00+00:00,False,0.0
NVDA,2025-08-26,180.00999450683594,181.6999969482422,2025-08-26 13:30:00+00:00,2025-08-26 20:00:00+00:00,False,0.0
NVDA,2025-08-27,182.07000732421875,181.6000061035156,2025-08-27 13:30:00+00:00,2025-08-27 20:00:00+00:00,False,0.0
NVDA,2025-08-28,180.82000732421875,180.1999969482422,2025-08-28 13:30:00+00:00,2025-08-28 20:00:00+00:00,False,0.0
NVDA,2025-08-29,178.11000061035156,174.27999877929688,2025-08-29 13:30:00+00:00,2025-08-29 20:00:00+00:00,False,0.0
NVDA,2025-09-02,170.0500030517578,170.75,2025-09-02 13:30:00+00:00,2025-09-02 20:00:00+00:00,False,0.0
NVDA,2025-09-03,170.96600341796875,170.6300048828125,2025-09-03 13:30:00+00:00,2025-09-03 20:00:00+00:00,False,0.0
NVDA,2025-09-04,170.5500030517578,171.64999389648438,2025-09-04 13:30:00+00:00,2025-09-04 20:00:00+00:00,False,0.0
NVDA,2025-09-05,168.02999877929688,167.0399932861328,2025-09-05 13:30:00+00:00,2025-09-05 20:00:00+00:00,False,0.0
NVDA,2025-09-08,167.55999755859375,168.3699951171875,2025-09-08 13:30:00+00:00,2025-09-08 20:00:00+00:00,False,0.0
NVDA,2025-09-09,168.9199981689453,170.7584991455078,2025-09-09 13:30:00+00:00,2025-09-09 20:00:00+00:00,False,0.0
NVDA,2025-09-10,176.64999389648438,177.3300018310547,2025-09-10 13:30:00+00:00,2025-09-10 20:00:00+00:00,False,0.0
NVDA,2025-09-11,179.69000244140625,177.08999633789062,2025-09-11 13:30:00+00:00,2025-09-11 20:00:00+00:00,False,0.01
NVDA,2025-09-12,177.5,177.7899932861328,2025-09-12 13:30:00+00:00,2025-09-12 20:00:00+00:00,False,0.0
NVDA,2025-09-15,175.66000366210938,177.77999877929688,2025-09-15 13:30:00+00:00,2025-09-15 20:00:00+00:00,False,0.0
NVDA,2025-09-16,177.0,174.8300018310547,2025-09-16 13:30:00+00:00,2025-09-16 20:00:00+00:00,False,0.0
NVDA,2025-09-17,172.5800018310547,170.2100067138672,2025-09-17 13:30:00+00:00,2025-09-17 20:00:00+00:00,False,0.0
NVDA,2025-09-18,174.0570068359375,176.27999877929688,2025-09-18 13:30:00+00:00,2025-09-18 20:00:00+00:00,False,0.0
NVDA,2025-09-19,176.10000610351562,176.5019073486328,2025-09-19 13:30:00+00:00,2025-09-19 20:00:00+00:00,False,0.0
NVDA,2025-09-22,175.35000610351562,183.6100006103516,2025-09-22 13:30:00+00:00,2025-09-22 20:00:00+00:00,False,0.0
NVDA,2025-09-23,181.53140258789065,178.4499969482422,2025-09-23 13:30:00+00:00,2025-09-23 20:00:00+00:00,False,0.0
NVDA,2025-09-24,179.25,176.8800048828125,2025-09-24 13:30:00+00:00,2025-09-24 20:00:00+00:00,False,0.0
NVDA,2025-09-25,174.0,177.67999267578125,2025-09-25 13:30:00+00:00,2025-09-25 20:00:00+00:00,False,0.0
NVDA,2025-09-26,177.0,178.19000244140625,2025-09-26 13:30:00+00:00,2025-09-26 20:00:00+00:00,False,0.0
NVDA,2025-09-29,181.5,181.82000732421875,2025-09-29 13:30:00+00:00,2025-09-29 20:00:00+00:00,False,0.0
NVDA,2025-09-30,182.0,186.55999755859372,2025-09-30 13:30:00+00:00,2025-09-30 20:00:00+00:00,False,0.0
NVDA,2025-10-01,186.0,187.1699981689453,2025-10-01 13:30:00+00:00,2025-10-01 20:00:00+00:00,False,0.0
NVDA,2025-10-02,189.6199951171875,188.9199981689453,2025-10-02 13:30:00+00:00,2025-10-02 20:00:00+00:00,False,0.0
NVDA,2025-10-03,189.18499755859372,187.6210021972656,2025-10-03 13:30:00+00:00,2025-10-03 20:00:00+00:00,False,0.0
NVDA,2025-10-06,185.55999755859372,185.52999877929688,2025-10-06 13:30:00+00:00,2025-10-06 20:00:00+00:00,False,0.0
NVDA,2025-10-07,186.25999450683597,184.9600067138672,2025-10-07 13:30:00+00:00,2025-10-07 20:00:00+00:00,False,0.0
NVDA,2025-10-08,186.6300048828125,189.07000732421875,2025-10-08 13:30:00+00:00,2025-10-08 20:00:00+00:00,False,0.0
NVDA,2025-10-09,191.97869873046875,192.2949981689453,2025-10-09 13:30:00+00:00,2025-10-09 20:00:00+00:00,False,0.0
NVDA,2025-10-10,192.6100006103516,183.13999938964844,2025-10-10 13:30:00+00:00,2025-10-10 20:00:00+00:00,False,0.0
NVDA,2025-10-13,187.96499633789065,188.32000732421875,2025-10-13 13:30:00+00:00,2025-10-13 20:00:00+00:00,False,0.0
NVDA,2025-10-14,184.77999877929688,180.07000732421875,2025-10-14 13:30:00+00:00,2025-10-14 20:00:00+00:00,False,0.0
NVDA,2025-10-15,184.83999633789065,179.8699951171875,2025-10-15 13:30:00+00:00,2025-10-15 20:00:00+00:00,False,0.0
NVDA,2025-10-16,182.19000244140625,181.81100463867188,2025-10-16 13:30:00+00:00,2025-10-16 20:00:00+00:00,False,0.0
NVDA,2025-10-17,180.00999450683594,183.2400054931641,2025-10-17 13:30:00+00:00,2025-10-17 20:00:00+00:00,False,0.0
NVDA,2025-10-20,183.07000732421875,182.57000732421875,2025-10-20 13:30:00+00:00,2025-10-20 20:00:00+00:00,False,0.0
NVDA,2025-10-21,182.77999877929688,181.13999938964844,2025-10-21 13:30:00+00:00,2025-10-21 20:00:00+00:00,False,0.0
NVDA,2025-10-22,181.1300048828125,180.2899932861328,2025-10-22 13:30:00+00:00,2025-10-22 20:00:00+00:00,False,0.0
NVDA,2025-10-23,180.375,182.1999969482422,2025-10-23 13:30:00+00:00,2025-10-23 20:00:00+00:00,False,0.0
NVDA,2025-10-24,183.8350067138672,186.25999450683597,2025-10-24 13:30:00+00:00,2025-10-24 20:00:00+00:00,False,0.0
NVDA,2025-10-27,189.97999572753903,191.42999267578125,2025-10-27 13:30:00+00:00,2025-10-27 20:00:00+00:00,False,0.0
NVDA,2025-10-28,193.0500030517578,201.02999877929688,2025-10-28 13:30:00+00:00,2025-10-28 20:00:00+00:00,False,0.0
NVDA,2025-10-29,207.97999572753903,207.0500030517578,2025-10-29 13:30:00+00:00,2025-10-29 20:00:00+00:00,False,0.0
NVDA,2025-10-30,205.2050018310547,202.8000030517578,2025-10-30 13:30:00+00:00,2025-10-30 20:00:00+00:00,False,0.0
NVDA,2025-10-31,206.4499969482422,202.41000366210935,2025-10-31 13:30:00+00:00,2025-10-31 20:00:00+00:00,False,0.0
NVDA,2025-11-03,208.05499267578125,207.0,2025-11-03 14:30:00+00:00,2025-11-03 21:00:00+00:00,False,0.0
NVDA,2025-11-04,202.94500732421875,198.5399932861328,2025-11-04 14:30:00+00:00,2025-11-04 21:00:00+00:00,False,0.0
NVDA,2025-11-05,198.72000122070312,195.1699981689453,2025-11-05 14:30:00+00:00,2025-11-05 21:00:00+00:00,False,0.0
NVDA,2025-11-06,196.35499572753903,188.1699981689453,2025-11-06 14:30:00+00:00,2025-11-06 21:00:00+00:00,False,0.0
NVDA,2025-11-07,184.8600006103516,188.2299041748047,2025-11-07 14:30:00+00:00,2025-11-07 21:00:00+00:00,False,0.0
NVDA,2025-11-10,195.1100006103516,199.0399932861328,2025-11-10 14:30:00+00:00,2025-11-10 21:00:00+00:00,False,0.0
NVDA,2025-11-11,195.15499877929688,193.22999572753903,2025-11-11 14:30:00+00:00,2025-11-11 21:00:00+00:00,False,0.0
NVDA,2025-11-12,195.69500732421875,193.8500061035156,2025-11-12 14:30:00+00:00,2025-11-12 21:00:00+00:00,False,0.0
NVDA,2025-11-13,191.0399932861328,186.9600067138672,2025-11-13 14:30:00+00:00,2025-11-13 21:00:00+00:00,False,0.0
NVDA,2025-11-14,182.8600006103516,190.27999877929688,2025-11-14 14:30:00+00:00,2025-11-14 21:00:00+00:00,False,0.0
NVDA,2025-11-17,185.8999938964844,186.58999633789065,2025-11-17 14:30:00+00:00,2025-11-17 21:00:00+00:00,False,0.0
NVDA,2025-11-18,183.3300018310547,181.3000030517578,2025-11-18 14:30:00+00:00,2025-11-18 21:00:00+00:00,False,0.0
NVDA,2025-11-19,184.8000030517578,186.6918029785156,2025-11-19 14:30:00+00:00,2025-11-19 21:00:00+00:00,False,0.0
NVDA,2025-11-20,195.9499969482422,180.94000244140625,2025-11-20 14:30:00+00:00,2025-11-20 21:00:00+00:00,False,0.0
NVDA,2025-11-21,181.2350006103516,178.94000244140625,2025-11-21 14:30:00+00:00,2025-11-21 21:00:00+00:00,False,0.0
NVDA,2025-11-24,179.5,182.5500030517578,2025-11-24 14:30:00+00:00,2025-11-24 21:00:00+00:00,False,0.0
NVDA,2025-11-25,174.91000366210938,177.8000030517578,2025-11-25 14:30:00+00:00,2025-11-25 21:00:00+00:00,False,0.0
NVDA,2025-11-26,181.6300048828125,180.19000244140625,2025-11-26 14:30:00+00:00,2025-11-26 21:00:00+00:00,False,0.0
NVDA,2025-11-28,178.7895965576172,177.1334991455078,2025-11-28 14:30:00+00:00,2025-11-28 18:00:00+00:00,True,0.0
NVDA,2025-12-01,174.6999969482422,179.99000549316406,2025-12-01 14:30:00+00:00,2025-12-01 21:00:00+00:00,False,0.0
NVDA,2025-12-02,182.25,181.3600006103516,2025-12-02 14:30:00+00:00,2025-12-02 21:00:00+00:00,False,0.0
NVDA,2025-12-03,181.06500244140625,179.63999938964844,2025-12-03 14:30:00+00:00,2025-12-03 21:00:00+00:00,False,0.0
NVDA,2025-12-04,180.8600006103516,183.3999938964844,2025-12-04 14:30:00+00:00,2025-12-04 21:00:00+00:00,False,0.01
NVDA,2025-12-05,183.8600006103516,182.3500061035156,2025-12-05 14:30:00+00:00,2025-12-05 21:00:00+00:00,False,0.0
NVDA,2025-12-08,182.6300048828125,185.5800018310547,2025-12-08 14:30:00+00:00,2025-12-08 21:00:00+00:00,False,0.0
NVDA,2025-12-09,185.5500030517578,184.97000122070312,2025-12-09 14:30:00+00:00,2025-12-09 21:00:00+00:00,False,0.0
NVDA,2025-12-10,184.9900054931641,183.77999877929688,2025-12-10 14:30:00+00:00,2025-12-10 21:00:00+00:00,False,0.0
NVDA,2025-12-11,180.2749938964844,180.9355010986328,2025-12-11 14:30:00+00:00,2025-12-11 21:00:00+00:00,False,0.0
NVDA,2025-12-12,181.25999450683597,174.99000549316406,2025-12-12 14:30:00+00:00,2025-12-12 21:00:00+00:00,False,0.0
NVDA,2025-12-15,177.0,176.22999572753906,2025-12-15 14:30:00+00:00,2025-12-15 21:00:00+00:00,False,0.0
NVDA,2025-12-16,176.25999450683594,177.50999450683594,2025-12-16 14:30:00+00:00,2025-12-16 21:00:00+00:00,False,0.0
NVDA,2025-12-17,176.10000610351562,170.9199981689453,2025-12-17 14:30:00+00:00,2025-12-17 21:00:00+00:00,False,0.0
NVDA,2025-12-18,174.52999877929688,174.00999450683594,2025-12-18 14:30:00+00:00,2025-12-18 21:00:00+00:00,False,0.0
NVDA,2025-12-19,176.6649932861328,180.9900054931641,2025-12-19 14:30:00+00:00,2025-12-19 21:00:00+00:00,False,0.0
NVDA,2025-12-22,183.3800048828125,183.6100006103516,2025-12-22 14:30:00+00:00,2025-12-22 21:00:00+00:00,False,0.0
NVDA,2025-12-23,184.39480590820312,189.2100067138672,2025-12-23 14:30:00+00:00,2025-12-23 21:00:00+00:00,False,0.0
NVDA,2025-12-24,188.0,188.2250061035156,2025-12-24 14:30:00+00:00,2025-12-24 18:00:00+00:00,True,0.0
NVDA,2025-12-26,190.0,190.5399932861328,2025-12-26 14:30:00+00:00,2025-12-26 21:00:00+00:00,False,0.0
NVDA,2025-12-29,187.0,188.22999572753903,2025-12-29 14:30:00+00:00,2025-12-29 21:00:00+00:00,False,0.0
NVDA,2025-12-30,188.375,187.5500030517578,2025-12-30 14:30:00+00:00,2025-12-30 21:00:00+00:00,False,0.0
NVDA,2025-12-31,189.75,186.4900054931641,2025-12-31 14:30:00+00:00,2025-12-31 21:00:00+00:00,False,0.0
NVDA,2026-01-02,190.0,188.80990600585935,2026-01-02 14:30:00+00:00,2026-01-02 21:00:00+00:00,False,0.0
NVDA,2026-01-05,191.71499633789065,188.1100006103516,2026-01-05 14:30:00+00:00,2026-01-05 21:00:00+00:00,False,0.0
NVDA,2026-01-06,190.42999267578125,187.25,2026-01-06 14:30:00+00:00,2026-01-06 21:00:00+00:00,False,0.0
NVDA,2026-01-07,188.57000732421875,189.25,2026-01-07 14:30:00+00:00,2026-01-07 21:00:00+00:00,False,0.0
NVDA,2026-01-08,189.0,185.1300048828125,2026-01-08 14:30:00+00:00,2026-01-08 21:00:00+00:00,False,0.0
NVDA,2026-01-09,185.05499267578125,184.8500061035156,2026-01-09 14:30:00+00:00,2026-01-09 21:00:00+00:00,False,0.0
NVDA,2026-01-12,183.19000244140625,184.8999938964844,2026-01-12 14:30:00+00:00,2026-01-12 21:00:00+00:00,False,0.0
NVDA,2026-01-13,184.30999755859372,185.82000732421875,2026-01-13 14:30:00+00:00,2026-01-13 21:00:00+00:00,False,0.0
NVDA,2026-01-14,184.3300018310547,183.1699981689453,2026-01-14 14:30:00+00:00,2026-01-14 21:00:00+00:00,False,0.0
NVDA,2026-01-15,186.4900054931641,187.13999938964844,2026-01-15 14:30:00+00:00,2026-01-15 21:00:00+00:00,False,0.0
NVDA,2026-01-16,188.9875030517578,186.22999572753903,2026-01-16 14:30:00+00:00,2026-01-16 21:00:00+00:00,False,0.0
NVDA,2026-01-20,181.8999938964844,178.2100067138672,2026-01-20 14:30:00+00:00,2026-01-20 21:00:00+00:00,False,0.0
NVDA,2026-01-21,179.55999755859375,183.33999633789065,2026-01-21 14:30:00+00:00,2026-01-21 21:00:00+00:00,False,0.0
NVDA,2026-01-22,184.7449951171875,184.8500061035156,2026-01-22 14:30:00+00:00,2026-01-22 21:00:00+00:00,False,0.0
NVDA,2026-01-23,188.5200042724609,187.6699981689453,2026-01-23 14:30:00+00:00,2026-01-23 21:00:00+00:00,False,0.0
NVDA,2026-01-26,187.07000732421875,186.38999938964844,2026-01-26 14:30:00+00:00,2026-01-26 21:00:00+00:00,False,0.0
NVDA,2026-01-27,187.2400054931641,188.5399932861328,2026-01-27 14:30:00+00:00,2026-01-27 21:00:00+00:00,False,0.0
NVDA,2026-01-28,191.2899932861328,191.52999877929688,2026-01-28 14:30:00+00:00,2026-01-28 21:00:00+00:00,False,0.0
NVDA,2026-01-29,191.33999633789065,192.42999267578125,2026-01-29 14:30:00+00:00,2026-01-29 21:00:00+00:00,False,0.0
NVDA,2026-01-30,191.21499633789065,191.28500366210935,2026-01-30 14:30:00+00:00,2026-01-30 21:00:00+00:00,False,0.0
NVDA,2026-02-02,187.1999969482422,185.69000244140625,2026-02-02 14:30:00+00:00,2026-02-02 21:00:00+00:00,False,0.0
NVDA,2026-02-03,186.2350006103516,180.3300018310547,2026-02-03 14:30:00+00:00,2026-02-03 21:00:00+00:00,False,0.0
NVDA,2026-02-04,179.44000244140625,174.1999969482422,2026-02-04 14:30:00+00:00,2026-02-04 21:00:00+00:00,False,0.0
NVDA,2026-02-05,174.9250030517578,171.82000732421875,2026-02-05 14:30:00+00:00,2026-02-05 21:00:00+00:00,False,0.0
NVDA,2026-02-06,176.69000244140625,185.41000366210935,2026-02-06 14:30:00+00:00,2026-02-06 21:00:00+00:00,False,0.0
NVDA,2026-02-09,184.1000061035156,189.7899932861328,2026-02-09 14:30:00+00:00,2026-02-09 21:00:00+00:00,False,0.0
NVDA,2026-02-10,191.40499877929688,188.6100006103516,2026-02-10 14:30:00+00:00,2026-02-10 21:00:00+00:00,False,0.0
NVDA,2026-02-11,192.4199981689453,190.02999877929688,2026-02-11 14:30:00+00:00,2026-02-11 21:00:00+00:00,False,0.0
NVDA,2026-02-12,193.02999877929688,186.91000366210935,2026-02-12 14:30:00+00:00,2026-02-12 21:00:00+00:00,False,0.0
NVDA,2026-02-13,187.46499633789065,182.78500366210935,2026-02-13 14:30:00+00:00,2026-02-13 21:00:00+00:00,False,0.0
NVDA,2026-02-17,181.72000122070312,184.97999572753903,2026-02-17 14:30:00+00:00,2026-02-17 21:00:00+00:00,False,0.0
NVDA,2026-02-18,188.75,187.88999938964844,2026-02-18 14:30:00+00:00,2026-02-18 21:00:00+00:00,False,0.0
NVDA,2026-02-19,187.02999877929688,187.88999938964844,2026-02-19 14:30:00+00:00,2026-02-19 21:00:00+00:00,False,0.0
NVDA,2026-02-20,186.5200042724609,189.8300018310547,2026-02-20 14:30:00+00:00,2026-02-20 21:00:00+00:00,False,0.0
NVDA,2026-02-23,191.44500732421875,191.6100006103516,2026-02-23 14:30:00+00:00,2026-02-23 21:00:00+00:00,False,0.0
NVDA,2026-02-24,191.4850006103516,192.8699951171875,2026-02-24 14:30:00+00:00,2026-02-24 21:00:00+00:00,False,0.0
NVDA,2026-02-25,194.47000122070312,195.8800048828125,2026-02-25 14:30:00+00:00,2026-02-25 21:00:00+00:00,False,0.0
NVDA,2026-02-26,194.2100067138672,184.8999938964844,2026-02-26 14:30:00+00:00,2026-02-26 21:00:00+00:00,False,0.0
NVDA,2026-02-27,181.22000122070312,177.16000366210938,2026-02-27 14:30:00+00:00,2026-02-27 21:00:00+00:00,False,0.0
NVDA,2026-03-02,174.8000030517578,182.3600006103516,2026-03-02 14:30:00+00:00,2026-03-02 21:00:00+00:00,False,0.0
NVDA,2026-03-03,178.4774932861328,179.99000549316406,2026-03-03 14:30:00+00:00,2026-03-03 21:00:00+00:00,False,0.0
NVDA,2026-03-04,180.3699951171875,182.8999938964844,2026-03-04 14:30:00+00:00,2026-03-04 21:00:00+00:00,False,0.0
NVDA,2026-03-05,181.1699981689453,183.3300018310547,2026-03-05 14:30:00+00:00,2026-03-05 21:00:00+00:00,False,0.0
NVDA,2026-03-06,179.83999633789062,177.72999572753906,2026-03-06 14:30:00+00:00,2026-03-06 21:00:00+00:00,False,0.0
NVDA,2026-03-09,176.8300018310547,182.67999267578125,2026-03-09 13:30:00+00:00,2026-03-09 20:00:00+00:00,False,0.0
NVDA,2026-03-10,182.3999938964844,184.75999450683597,2026-03-10 13:30:00+00:00,2026-03-10 20:00:00+00:00,False,0.0
NVDA,2026-03-11,185.9199981689453,186.00999450683597,2026-03-11 13:30:00+00:00,2026-03-11 20:00:00+00:00,False,0.01
NVDA,2026-03-12,184.0500030517578,183.00999450683597,2026-03-12 13:30:00+00:00,2026-03-12 20:00:00+00:00,False,0.0
NVDA,2026-03-13,184.91000366210935,180.26499938964844,2026-03-13 13:30:00+00:00,2026-03-13 20:00:00+00:00,False,0.0
NVDA,2026-03-16,182.97000122070312,183.1300048828125,2026-03-16 13:30:00+00:00,2026-03-16 20:00:00+00:00,False,0.0
NVDA,2026-03-17,185.0500030517578,181.9600067138672,2026-03-17 13:30:00+00:00,2026-03-17 20:00:00+00:00,False,0.0
NVDA,2026-03-18,182.4900054931641,180.3500061035156,2026-03-18 13:30:00+00:00,2026-03-18 20:00:00+00:00,False,0.0
NVDA,2026-03-19,178.00999450683594,178.5,2026-03-19 13:30:00+00:00,2026-03-19 20:00:00+00:00,False,0.0
NVDA,2026-03-20,178.0,173.0,2026-03-20 13:30:00+00:00,2026-03-20 20:00:00+00:00,False,0.0
NVDA,2026-03-23,177.25,175.50999450683594,2026-03-23 13:30:00+00:00,2026-03-23 20:00:00+00:00,False,0.0
NVDA,2026-03-24,174.76199340820312,175.30999755859375,2026-03-24 13:30:00+00:00,2026-03-24 20:00:00+00:00,False,0.0
NVDA,2026-03-25,177.10000610351562,178.6699981689453,2026-03-25 13:30:00+00:00,2026-03-25 20:00:00+00:00,False,0.0
NVDA,2026-03-26,176.1699981689453,171.22999572753906,2026-03-26 13:30:00+00:00,2026-03-26 20:00:00+00:00,False,0.0
NVDA,2026-03-27,169.99000549316406,167.4600067138672,2026-03-27 13:30:00+00:00,2026-03-27 20:00:00+00:00,False,0.0
NVDA,2026-03-30,168.73500061035156,165.05999755859375,2026-03-30 13:30:00+00:00,2026-03-30 20:00:00+00:00,False,0.0
NVDA,2026-03-31,166.97000122070312,174.3800048828125,2026-03-31 13:30:00+00:00,2026-03-31 20:00:00+00:00,False,0.0
NVDA,2026-04-01,176.0,175.8000030517578,2026-04-01 13:30:00+00:00,2026-04-01 20:00:00+00:00,False,0.0
NVDA,2026-04-02,172.17999267578125,177.39999389648438,2026-04-02 13:30:00+00:00,2026-04-02 20:00:00+00:00,False,0.0
NVDA,2026-04-06,177.15499877929688,177.63999938964844,2026-04-06 13:30:00+00:00,2026-04-06 20:00:00+00:00,False,0.0
NVDA,2026-04-07,175.75,178.09500122070312,2026-04-07 13:30:00+00:00,2026-04-07 20:00:00+00:00,False,0.0
NVDA,2026-04-08,184.4499969482422,182.1000061035156,2026-04-08 13:30:00+00:00,2026-04-08 20:00:00+00:00,False,0.0
NVDA,2026-04-09,181.83999633789065,183.8500061035156,2026-04-09 13:30:00+00:00,2026-04-09 20:00:00+00:00,False,0.0
NVDA,2026-04-10,184.4199981689453,188.63999938964844,2026-04-10 13:30:00+00:00,2026-04-10 20:00:00+00:00,False,0.0
NVDA,2026-04-13,186.0200042724609,189.2100067138672,2026-04-13 13:30:00+00:00,2026-04-13 20:00:00+00:00,False,0.0
NVDA,2026-04-14,190.8300018310547,196.4900054931641,2026-04-14 13:30:00+00:00,2026-04-14 20:00:00+00:00,False,0.0
NVDA,2026-04-15,196.5500030517578,198.8677978515625,2026-04-15 13:30:00+00:00,2026-04-15 20:00:00+00:00,False,0.0
NVDA,2026-04-16,197.42999267578125,198.2400054931641,2026-04-16 13:30:00+00:00,2026-04-16 20:00:00+00:00,False,0.0
NVDA,2026-04-17,199.8800048828125,201.6499938964844,2026-04-17 13:30:00+00:00,2026-04-17 20:00:00+00:00,False,0.0
NVDA,2026-04-20,199.97999572753903,202.1100006103516,2026-04-20 13:30:00+00:00,2026-04-20 20:00:00+00:00,False,0.0
NVDA,2026-04-21,202.1300048828125,199.91000366210935,2026-04-21 13:30:00+00:00,2026-04-21 20:00:00+00:00,False,0.0
NVDA,2026-04-22,201.0,202.4199981689453,2026-04-22 13:30:00+00:00,2026-04-22 20:00:00+00:00,False,0.0
NVDA,2026-04-23,202.3999938964844,199.7100067138672,2026-04-23 13:30:00+00:00,2026-04-23 20:00:00+00:00,False,0.0
NVDA,2026-04-24,199.9600067138672,208.19000244140625,2026-04-24 13:30:00+00:00,2026-04-24 20:00:00+00:00,False,0.0
NVDA,2026-04-27,209.6450042724609,216.6300048828125,2026-04-27 13:30:00+00:00,2026-04-27 20:00:00+00:00,False,0.0
NVDA,2026-04-28,209.5050048828125,213.1499938964844,2026-04-28 13:30:00+00:00,2026-04-28 20:00:00+00:00,False,0.0
NVDA,2026-04-29,212.71499633789065,209.31500244140625,2026-04-29 13:30:00+00:00,2026-04-29 20:00:00+00:00,False,0.0
NVDA,2026-04-30,209.93899536132807,199.52999877929688,2026-04-30 13:30:00+00:00,2026-04-30 20:00:00+00:00,False,0.0
NVDA,2026-05-01,201.27999877929688,198.4199981689453,2026-05-01 13:30:00+00:00,2026-05-01 20:00:00+00:00,False,0.0
NVDA,2026-05-04,199.5399932861328,198.55999755859372,2026-05-04 13:30:00+00:00,2026-05-04 20:00:00+00:00,False,0.0
NVDA,2026-05-05,199.3000030517578,196.5,2026-05-05 13:30:00+00:00,2026-05-05 20:00:00+00:00,False,0.0
NVDA,2026-05-06,199.80999755859372,207.6649932861328,2026-05-06 13:30:00+00:00,2026-05-06 20:00:00+00:00,False,0.0
NVDA,2026-05-07,208.31500244140625,211.50999450683597,2026-05-07 13:30:00+00:00,2026-05-07 20:00:00+00:00,False,0.0
NVDA,2026-05-08,213.02999877929688,215.2100067138672,2026-05-08 13:30:00+00:00,2026-05-08 20:00:00+00:00,False,0.0
NVDA,2026-05-11,213.92999267578125,219.47999572753903,2026-05-11 13:30:00+00:00,2026-05-11 20:00:00+00:00,False,0.0
NVDA,2026-05-12,218.5449981689453,220.8699951171875,2026-05-12 13:30:00+00:00,2026-05-12 20:00:00+00:00,False,0.0
NVDA,2026-05-13,224.92999267578125,225.8699951171875,2026-05-13 13:30:00+00:00,2026-05-13 20:00:00+00:00,False,0.0
NVDA,2026-05-14,229.72999572753903,235.7449951171875,2026-05-14 13:30:00+00:00,2026-05-14 20:00:00+00:00,False,0.0
NVDA,2026-05-15,229.75,225.22999572753903,2026-05-15 13:30:00+00:00,2026-05-15 20:00:00+00:00,False,0.0
NVDA,2026-05-18,229.82000732421875,222.3500061035156,2026-05-18 13:30:00+00:00,2026-05-18 20:00:00+00:00,False,0.0
NVDA,2026-05-19,219.69500732421875,220.6300048828125,2026-05-19 13:30:00+00:00,2026-05-19 20:00:00+00:00,False,0.0
NVDA,2026-05-20,223.1000061035156,223.43499755859372,2026-05-20 13:30:00+00:00,2026-05-20 20:00:00+00:00,False,0.0
NVDA,2026-05-21,222.1999969482422,219.5,2026-05-21 13:30:00+00:00,2026-05-21 20:00:00+00:00,False,0.0
NVDA,2026-05-22,220.9040069580078,215.25,2026-05-22 13:30:00+00:00,2026-05-22 20:00:00+00:00,False,0.0
NVDA,2026-05-26,216.57749938964844,214.8300018310547,2026-05-26 13:30:00+00:00,2026-05-26 20:00:00+00:00,False,0.0
NVDA,2026-05-27,214.1199951171875,212.5800018310547,2026-05-27 13:30:00+00:00,2026-05-27 20:00:00+00:00,False,0.0
NVDA,2026-05-28,211.2749938964844,214.3000030517578,2026-05-28 13:30:00+00:00,2026-05-28 20:00:00+00:00,False,0.0
NVDA,2026-05-29,214.4499969482422,211.1499938964844,2026-05-29 13:30:00+00:00,2026-05-29 20:00:00+00:00,False,0.0
NVDA,2026-06-01,215.77999877929688,224.4199981689453,2026-06-01 13:30:00+00:00,2026-06-01 20:00:00+00:00,False,0.0
NVDA,2026-06-02,227.19000244140625,222.82000732421875,2026-06-02 13:30:00+00:00,2026-06-02 20:00:00+00:00,False,0.0
NVDA,2026-06-03,221.68499755859372,214.8350067138672,2026-06-03 13:30:00+00:00,2026-06-03 20:00:00+00:00,False,0.0
NVDA,2026-06-04,213.90499877929688,218.71499633789065,2026-06-04 13:30:00+00:00,2026-06-04 20:00:00+00:00,False,0.25
NVDA,2026-06-05,214.42999267578125,205.10499572753903,2026-06-05 13:30:00+00:00,2026-06-05 20:00:00+00:00,False,0.0
NVDA,2026-06-08,210.17999267578125,208.6100006103516,2026-06-08 13:30:00+00:00,2026-06-08 20:00:00+00:00,False,0.0
NVDA,2026-06-09,210.6150054931641,208.19000244140625,2026-06-09 13:30:00+00:00,2026-06-09 20:00:00+00:00,False,0.0
NVDA,2026-06-10,204.4250030517578,200.33999633789065,2026-06-10 13:30:00+00:00,2026-06-10 20:00:00+00:00,False,0.0
NVDA,2026-06-11,201.3950042724609,204.6699981689453,2026-06-11 13:30:00+00:00,2026-06-11 20:00:00+00:00,False,0.0
NVDA,2026-06-12,204.72999572753903,205.1300048828125,2026-06-12 13:30:00+00:00,2026-06-12 20:00:00+00:00,False,0.0
NVDA,2026-06-15,208.85499572753903,212.4600067138672,2026-06-15 13:30:00+00:00,2026-06-15 20:00:00+00:00,False,0.0
NVDA,2026-06-16,211.1150054931641,207.2899932861328,2026-06-16 13:30:00+00:00,2026-06-16 20:00:00+00:00,False,0.0
NVDA,2026-06-17,208.52999877929688,204.6779937744141,2026-06-17 13:30:00+00:00,2026-06-17 20:00:00+00:00,False,0.0
NVDA,2026-06-18,207.2749938964844,210.22999572753903,2026-06-18 13:30:00+00:00,2026-06-18 20:00:00+00:00,False,0.0
NVDA,2026-06-22,211.44500732421875,208.55999755859372,2026-06-22 13:30:00+00:00,2026-06-22 20:00:00+00:00,False,0.0
NVDA,2026-06-23,202.16000366210935,200.02099609375,2026-06-23 13:30:00+00:00,2026-06-23 20:00:00+00:00,False,0.0
NVDA,2026-06-24,200.07000732421875,199.08999633789065,2026-06-24 13:30:00+00:00,2026-06-24 20:00:00+00:00,False,0.0
NVDA,2026-06-25,200.0800018310547,195.7400054931641,2026-06-25 13:30:00+00:00,2026-06-25 20:00:00+00:00,False,0.0
NVDA,2026-06-26,193.10499572753903,191.72000122070312,2026-06-26 13:30:00+00:00,2026-06-26 20:00:00+00:00,False,0.0
NVDA,2026-06-29,193.78500366210935,194.8999938964844,2026-06-29 13:30:00+00:00,2026-06-29 20:00:00+00:00,False,0.0
NVDA,2026-06-30,197.19500732421875,199.7700042724609,2026-06-30 13:30:00+00:00,2026-06-30 20:00:00+00:00,False,0.0
NVDA,2026-07-01,196.1699981689453,197.5800018310547,2026-07-01 13:30:00+00:00,2026-07-01 20:00:00+00:00,False,0.0
NVDA,2026-07-02,197.1499938964844,194.6199951171875,2026-07-02 13:30:00+00:00,2026-07-02 20:00:00+00:00,False,0.0
NVDA,2026-07-06,194.38999938964844,195.5749969482422,2026-07-06 13:30:00+00:00,2026-07-06 20:00:00+00:00,False,0.0
NVDA,2026-07-07,192.3699951171875,196.92999267578125,2026-07-07 13:30:00+00:00,2026-07-07 20:00:00+00:00,False,0.0
NVDA,2026-07-08,195.1300048828125,204.1499938964844,2026-07-08 13:30:00+00:00,2026-07-08 20:00:00+00:00,False,0.0
NVDA,2026-07-09,204.4600067138672,202.72999572753903,2026-07-09 13:30:00+00:00,2026-07-09 20:00:00+00:00,False,0.0
NVDA,2026-07-10,201.9199981689453,210.9499969482422,2026-07-10 13:30:00+00:00,2026-07-10 20:00:00+00:00,False,0.0
NVDA,2026-07-13,208.5399932861328,203.47999572753903,2026-07-13 13:30:00+00:00,2026-07-13 20:00:00+00:00,False,0.0
NVDA,2026-07-14,208.1999969482422,211.8000030517578,2026-07-14 13:30:00+00:00,2026-07-14 20:00:00+00:00,False,0.0
NVDA,2026-07-15,212.00999450683597,212.4900054931641,2026-07-15 13:30:00+00:00,2026-07-15 20:00:00+00:00,False,0.0
NVDA,2026-07-16,210.26499938964844,207.47000122070312,2026-07-16 13:30:00+00:00,2026-07-16 20:00:00+00:00,False,0.0
NVDA,2026-07-17,202.3999938964844,202.63999938964844,2026-07-17 13:30:00+00:00,2026-07-17 20:00:00+00:00,False,0.0
NVDA,2026-07-20,206.0379943847656,203.3800048828125,2026-07-20 13:30:00+00:00,2026-07-20 20:00:00+00:00,False,0.0
NVDA,2026-07-21,207.5399932861328,207.17999267578125,2026-07-21 13:30:00+00:00,2026-07-21 20:00:00+00:00,False,0.0
NVDA,2026-07-22,205.80499267578125,212.05990600585935,2026-07-22 13:30:00+00:00,2026-07-22 20:00:00+00:00,False,0.0
NVDA,2026-07-23,209.3950042724609,208.6999969482422,2026-07-23 13:30:00+00:00,2026-07-23 20:00:00+00:00,False,0.0
NVDA,2026-07-24,207.55999755859372,206.9600067138672,2026-07-24 13:30:00+00:00,2026-07-24 20:00:00+00:00,False,0.0
NVDA,2026-07-27,208.1100006103516,196.5200042724609,2026-07-27 13:30:00+00:00,2026-07-27 20:00:00+00:00,False,0.0
NVDA,2026-07-28,194.9499969482422,196.9499969482422,2026-07-28 13:30:00+00:00,2026-07-28 20:00:00+00:00,False,0.0
NVDA,2026-07-29,195.84500122070312,190.05999755859372,2026-07-29 13:30:00+00:00,2026-07-29 20:00:00+00:00,False,0.0
NVDA,2026-07-30,193.4499969482422,195.1499938964844,2026-07-30 13:30:00+00:00,2026-07-30 20:00:00+00:00,False,0.0
NVDA,2026-07-31,198.4405059814453,200.80999755859372,2026-07-31 13:30:00+00:00,2026-07-31 20:00:00+00:00,False,0.0
NVDA,2026-08-03,197.72999572753903,206.69000244140625,2026-08-03 13:30:00+00:00,2026-08-03 20:00:00+00:00,False,0.0
NVDA,2026-08-04,211.4900054931641,211.83999633789065,2026-08-04 13:30:00+00:00,2026-08-04 20:00:00+00:00,False,0.0
NVDA,2026-08-05,216.8600006103516,219.1999969482422,2026-08-05 13:30:00+00:00,2026-08-05 20:00:00+00:00,False,0.0
NVDA,2026-08-06,221.52999877929688,218.9900054931641,2026-08-06 13:30:00+00:00,2026-08-06 20:00:00+00:00,False,0.0
NVDA,2026-08-07,221.5850067138672,223.97999572753903,2026-08-07 13:30:00+00:00,2026-08-07 20:00:00+00:00,False,0.0
NVDA,2026-08-10,223.4499969482422,217.55999755859372,2026-08-10 13:30:00+00:00,2026-08-10 20:00:00+00:00,False,0.0
NVDA,2026-08-11,222.1499938964844,217.47999572753903,2026-08-11 13:30:00+00:00,2026-08-11 20:00:00+00:00,False,0.0
NVDA,2026-08-12,221.0399932861328,224.1300048828125,2026-08-12 13:30:00+00:00,2026-08-12 20:00:00+00:00,False,0.0
NVDA,2026-08-13,225.05499267578125,225.3699951171875,2026-08-13 13:30:00+00:00,2026-08-13 20:00:00+00:00,False,0.0
NVDA,2026-08-14,226.8000030517578,225.16000366210935,2026-08-14 13:30:00+00:00,2026-08-14 20:00:00+00:00,False,0.0
NVDA,2026-08-17,226.0200042724609,225.0500030517578,2026-08-17 13:30:00+00:00,2026-08-17 20:00:00+00:00,False,0.0
NVDA,2026-08-18,220.4499969482422,219.8000030517578,2026-08-18 13:30:00+00:00,2026-08-18 20:00:00+00:00,False,0.0
NVDA,2026-08-19,221.6699981689453,217.6499938964844,2026-08-19 13:30:00+00:00,2026-08-19 20:00:00+00:00,False,0.0
NVDA,2026-08-20,218.3600006103516,217.0500030517578,2026-08-20 13:30:00+00:00,2026-08-20 20:00:00+00:00,False,0.0
NVDA,2026-08-21,218.4199981689453,214.75,2026-08-21 13:30:00+00:00,2026-08-21 20:00:00+00:00,False,0.0
NVDA,2026-08-24,215.3800048828125,208.4600067138672,2026-08-24 13:30:00+00:00,2026-08-24 20:00:00+00:00,False,0.0
NVDA,2026-08-25,211.0249938964844,212.97999572753903,2026-08-25 13:30:00+00:00,2026-08-25 20:00:00+00:00,False,0.0
NVDA,2026-08-26,212.4199981689453,209.9499969482422,2026-08-26 13:30:00+00:00,2026-08-26 20:00:00+00:00,False,0.0
NVDA,2026-08-27,222.5850067138672,228.0500030517578,2026-08-27 13:30:00+00:00,2026-08-27 20:00:00+00:00,False,0.0
NVDA,2026-08-28,227.3300018310547,217.5399932861328,2026-08-28 13:30:00+00:00,2026-08-28 20:00:00+00:00,False,0.0
NVDA,2026-08-31,218.86199951171875,220.8800048828125,2026-08-31 13:30:00+00:00,2026-08-31 20:00:00+00:00,False,0.0
NVDA,2026-09-01,216.6100006103516,217.5399932861328,2026-09-01 13:30:00+00:00,2026-09-01 20:00:00+00:00,False,0.0
NVDA,2026-09-02,218.78500366210935,224.3999938964844,2026-09-02 13:30:00+00:00,2026-09-02 20:00:00+00:00,False,0.0
NVDA,2026-09-03,226.0200042724609,228.3999938964844,2026-09-03 13:30:00+00:00,2026-09-03 20:00:00+00:00,False,0.0
NVDA,2026-09-04,231.1419982910156,230.34500122070312,2026-09-04 13:30:00+00:00,2026-09-04 20:00:00+00:00,False,0.0
NVDA,2026-09-08,233.2100067138672,225.7700042724609,2026-09-08 13:30:00+00:00,2026-09-08 20:00:00+00:00,False,0.0
NVDA,2026-09-09,225.2700042724609,223.6999969482422,2026-09-09 13:30:00+00:00,2026-09-09 20:00:00+00:00,False,0.0
NVDA,2026-09-10,220.4850006103516,218.3800048828125,2026-09-10 13:30:00+00:00,2026-09-10 20:00:00+00:00,False,0.25
NVDA,2026-09-11,221.25,218.1999969482422,2026-09-11 13:30:00+00:00,2026-09-11 20:00:00+00:00,False,0.0
NVDA,2026-09-14,211.0800018310547,210.88999938964844,2026-09-14 13:30:00+00:00,2026-09-14 20:00:00+00:00,False,0.0
NVDA,2026-09-15,213.08999633789065,212.1699981689453,2026-09-15 13:30:00+00:00,2026-09-15 20:00:00+00:00,False,0.0
NVDA,2026-09-16,214.13999938964844,213.91000366210935,2026-09-16 13:30:00+00:00,2026-09-16 20:00:00+00:00,False,0.0
NVDA,2026-09-17,218.38800048828125,219.3999938964844,2026-09-17 13:30:00+00:00,2026-09-17 20:00:00+00:00,False,0.0
NVDA,2026-09-18,219.3600006103516,222.08999633789065,2026-09-18 13:30:00+00:00,2026-09-18 20:00:00+00:00,False,0.0
NVDA,2026-09-21,222.93499755859372,227.25,2026-09-21 13:30:00+00:00,2026-09-21 20:00:00+00:00,False,0.0
NVDA,2026-09-22,226.91000366210935,228.8300018310547,2026-09-22 13:30:00+00:00,2026-09-22 20:00:00+00:00,False,0.0
NVDA,2026-09-23,228.0800018310547,225.50999450683597,2026-09-23 13:30:00+00:00,2026-09-23 20:00:00+00:00,False,0.0
NVDA,2026-09-24,222.11599731445312,224.5399932861328,2026-09-24 13:30:00+00:00,2026-09-24 20:00:00+00:00,False,0.0
NVDA,2026-09-25,225.1499938964844,225.0800018310547,2026-09-25 13:30:00+00:00,2026-09-25 20:00:00+00:00,False,0.0
NVDA,2026-09-28,229.6999969482422,228.8800048828125,2026-09-28 13:30:00+00:00,2026-09-28 20:00:00+00:00,False,0.0
NVDA,2026-09-29,230.9949951171875,227.3000030517578,2026-09-29 13:30:00+00:00,2026-09-29 20:00:00+00:00,False,0.0
NVDA,2026-09-30,229.0,228.2899932861328,2026-09-30 13:30:00+00:00,2026-09-30 20:00:00+00:00,False,0.0
TSLA,2025-07-01,298.4200134277344,300.7099914550781,2025-07-01 13:30:00+00:00,2025-07-01 20:00:00+00:00,False,0.0
TSLA,2025-07-02,312.57501220703125,315.6499938964844,2025-07-02 13:30:00+00:00,2025-07-02 20:00:00+00:00,False,0.0
TSLA,2025-07-03,317.95001220703125,317.07501220703125,2025-07-03 13:30:00+00:00,2025-07-03 17:00:00+00:00,True,0.0
TSLA,2025-07-07,291.3699951171875,293.9200134277344,2025-07-07 13:30:00+00:00,2025-07-07 20:00:00+00:00,False,0.0
TSLA,2025-07-08,296.8800048828125,297.8349914550781,2025-07-08 13:30:00+00:00,2025-07-08 20:00:00+00:00,False,0.0
TSLA,2025-07-09,297.6050109863281,295.82000732421875,2025-07-09 13:30:00+00:00,2025-07-09 20:00:00+00:00,False,0.0
TSLA,2025-07-10,300.13018798828125,309.9349975585937,2025-07-10 13:30:00+00:00,2025-07-10 20:00:00+00:00,False,0.0
TSLA,2025-07-11,307.6199951171875,313.5,2025-07-11 13:30:00+00:00,2025-07-11 20:00:00+00:00,False,0.0
TSLA,2025-07-14,317.7300109863281,316.9100036621094,2025-07-14 13:30:00+00:00,2025-07-14 20:00:00+00:00,False,0.0
TSLA,2025-07-15,319.67498779296875,310.6600036621094,2025-07-15 13:30:00+00:00,2025-07-15 20:00:00+00:00,False,0.0
TSLA,2025-07-16,312.79998779296875,321.6700134277344,2025-07-16 13:30:00+00:00,2025-07-16 20:00:00+00:00,False,0.0
TSLA,2025-07-17,323.1099853515625,319.3699951171875,2025-07-17 13:30:00+00:00,2025-07-17 20:00:00+00:00,False,0.0
TSLA,2025-07-18,322.0,329.54998779296875,2025-07-18 13:30:00+00:00,2025-07-18 20:00:00+00:00,False,0.0
TSLA,2025-07-21,334.3599853515625,328.5299987792969,2025-07-21 13:30:00+00:00,2025-07-21 20:00:00+00:00,False,0.0
TSLA,2025-07-22,329.739990234375,332.0799865722656,2025-07-22 13:30:00+00:00,2025-07-22 20:00:00+00:00,False,0.0
TSLA,2025-07-23,330.8699951171875,333.0,2025-07-23 13:30:00+00:00,2025-07-23 20:00:00+00:00,False,0.0
TSLA,2025-07-24,310.06500244140625,305.07000732421875,2025-07-24 13:30:00+00:00,2025-07-24 20:00:00+00:00,False,0.0
TSLA,2025-07-25,308.739990234375,316.1050109863281,2025-07-25 13:30:00+00:00,2025-07-25 20:00:00+00:00,False,0.0
TSLA,2025-07-28,318.2099914550781,325.5400085449219,2025-07-28 13:30:00+00:00,2025-07-28 20:00:00+00:00,False,0.0
TSLA,2025-07-29,325.6524963378906,321.3999938964844,2025-07-29 13:30:00+00:00,2025-07-29 20:00:00+00:00,False,0.0
TSLA,2025-07-30,322.19500732421875,319.0400085449219,2025-07-30 13:30:00+00:00,2025-07-30 20:00:00+00:00,False,0.0
TSLA,2025-07-31,319.5849914550781,308.19000244140625,2025-07-31 13:30:00+00:00,2025-07-31 20:00:00+00:00,False,0.0
TSLA,2025-08-01,306.2049865722656,302.6099853515625,2025-08-01 13:30:00+00:00,2025-08-01 20:00:00+00:00,False,0.0
TSLA,2025-08-04,309.05499267578125,309.2998962402344,2025-08-04 13:30:00+00:00,2025-08-04 20:00:00+00:00,False,0.0
TSLA,2025-08-05,308.95001220703125,308.67999267578125,2025-08-05 13:30:00+00:00,2025-08-05 20:00:00+00:00,False,0.0
TSLA,2025-08-06,307.8900146484375,319.9599914550781,2025-08-06 13:30:00+00:00,2025-08-06 20:00:00+00:00,False,0.0
TSLA,2025-08-07,319.6099853515625,322.2900085449219,2025-08-07 13:30:00+00:00,2025-08-07 20:00:00+00:00,False,0.0
TSLA,2025-08-08,321.42999267578125,329.67999267578125,2025-08-08 13:30:00+00:00,2025-08-08 20:00:00+00:00,False,0.0
TSLA,2025-08-11,335.0,339.1849975585937,2025-08-11 13:30:00+00:00,2025-08-11 20:00:00+00:00,False,0.0
TSLA,2025-08-12,345.04998779296875,340.7550048828125,2025-08-12 13:30:00+00:00,2025-08-12 20:00:00+00:00,False,0.0
TSLA,2025-08-13,341.69000244140625,339.3399963378906,2025-08-13 13:30:00+00:00,2025-08-13 20:00:00+00:00,False,0.0
TSLA,2025-08-14,335.760009765625,335.57000732421875,2025-08-14 13:30:00+00:00,2025-08-14 20:00:00+00:00,False,0.0
TSLA,2025-08-15,337.6549987792969,330.6000061035156,2025-08-15 13:30:00+00:00,2025-08-15 20:00:00+00:00,False,0.0
TSLA,2025-08-18,329.5899963378906,335.1499938964844,2025-08-18 13:30:00+00:00,2025-08-18 20:00:00+00:00,False,0.0
TSLA,2025-08-19,335.7900085449219,329.32000732421875,2025-08-19 13:30:00+00:00,2025-08-19 20:00:00+00:00,False,0.0
TSLA,2025-08-20,329.2300109863281,323.9150085449219,2025-08-20 13:30:00+00:00,2025-08-20 20:00:00+00:00,False,0.0
TSLA,2025-08-21,322.0,320.0400085449219,2025-08-21 13:30:00+00:00,2025-08-21 20:00:00+00:00,False,0.0
TSLA,2025-08-22,321.6600036621094,340.010009765625,2025-08-22 13:30:00+00:00,2025-08-22 20:00:00+00:00,False,0.0
TSLA,2025-08-25,338.8900146484375,346.5950012207031,2025-08-25 13:30:00+00:00,2025-08-25 20:00:00+00:00,False,0.0
TSLA,2025-08-26,344.82000732421875,351.7699890136719,2025-08-26 13:30:00+00:00,2025-08-26 20:00:00+00:00,False,0.0
TSLA,2025-08-27,351.94000244140625,349.5,2025-08-27 13:30:00+00:00,2025-08-27 20:00:00+00:00,False,0.0
TSLA,2025-08-28,350.9849853515625,345.79998779296875,2025-08-28 13:30:00+00:00,2025-08-28 20:00:00+00:00,False,0.0
TSLA,2025-08-29,347.2300109863281,333.9700012207031,2025-08-29 13:30:00+00:00,2025-08-29 20:00:00+00:00,False,0.0
TSLA,2025-09-02,328.2300109863281,329.3699951171875,2025-09-02 13:30:00+00:00,2025-09-02 20:00:00+00:00,False,0.0
TSLA,2025-09-03,335.1000061035156,334.0400085449219,2025-09-03 13:30:00+00:00,2025-09-03 20:00:00+00:00,False,0.0
TSLA,2025-09-04,336.1700134277344,338.56451416015625,2025-09-04 13:30:00+00:00,2025-09-04 20:00:00+00:00,False,0.0
TSLA,2025-09-05,347.9800109863281,350.79998779296875,2025-09-05 13:30:00+00:00,2025-09-05 20:00:00+00:00,False,0.0
TSLA,2025-09-08,354.68798828125,346.3999938964844,2025-09-08 13:30:00+00:00,2025-09-08 20:00:00+00:00,False,0.0
TSLA,2025-09-09,348.45001220703125,347.0400085449219,2025-09-09 13:30:00+00:00,2025-09-09 20:00:00+00:00,False,0.0
TSLA,2025-09-10,350.70001220703125,347.7900085449219,2025-09-10 13:30:00+00:00,2025-09-10 20:00:00+00:00,False,0.0
TSLA,2025-09-11,350.2200012207031,368.7950134277344,2025-09-11 13:30:00+00:00,2025-09-11 20:00:00+00:00,False,0.0
TSLA,2025-09-12,371.75,396.0,2025-09-12 13:30:00+00:00,2025-09-12 20:00:00+00:00,False,0.0
TSLA,2025-09-15,423.2000122070313,410.2449951171875,2025-09-15 13:30:00+00:00,2025-09-15 20:00:00+00:00,False,0.0
TSLA,2025-09-16,414.0,421.5499877929688,2025-09-16 13:30:00+00:00,2025-09-16 20:00:00+00:00,False,0.0
TSLA,2025-09-17,415.6050109863281,425.5899963378906,2025-09-17 13:30:00+00:00,2025-09-17 20:00:00+00:00,False,0.0
TSLA,2025-09-18,428.864990234375,416.7099914550781,2025-09-18 13:30:00+00:00,2025-09-18 20:00:00+00:00,False,0.0
TSLA,2025-09-19,421.9700012207031,425.8699951171875,2025-09-19 13:30:00+00:00,2025-09-19 20:00:00+00:00,False,0.0
TSLA,2025-09-22,431.1600036621094,434.0,2025-09-22 13:30:00+00:00,2025-09-22 20:00:00+00:00,False,0.0
TSLA,2025-09-23,437.5400085449219,425.8299865722656,2025-09-23 13:30:00+00:00,2025-09-23 20:00:00+00:00,False,0.0
TSLA,2025-09-24,429.25,442.7699890136719,2025-09-24 13:30:00+00:00,2025-09-24 20:00:00+00:00,False,0.0
TSLA,2025-09-25,432.0,423.2300109863281,2025-09-25 13:30:00+00:00,2025-09-25 20:00:00+00:00,False,0.0
TSLA,2025-09-26,428.0,440.4198913574219,2025-09-26 13:30:00+00:00,2025-09-26 20:00:00+00:00,False,0.0
TSLA,2025-09-29,446.0,443.2099914550781,2025-09-29 13:30:00+00:00,2025-09-29 20:00:00+00:00,False,0.0
TSLA,2025-09-30,442.0,444.5400085449219,2025-09-30 13:30:00+00:00,2025-09-30 20:00:00+00:00,False,0.0
TSLA,2025-10-01,444.0,459.4700012207031,2025-10-01 13:30:00+00:00,2025-10-01 20:00:00+00:00,False,0.0
TSLA,2025-10-02,470.5400085449219,435.9700012207031,2025-10-02 13:30:00+00:00,2025-10-02 20:00:00+00:00,False,0.0
TSLA,2025-10-03,443.2850036621094,429.8399963378906,2025-10-03 13:30:00+00:00,2025-10-03 20:00:00+00:00,False,0.0
TSLA,2025-10-06,440.9100036621094,453.3599853515625,2025-10-06 13:30:00+00:00,2025-10-06 20:00:00+00:00,False,0.0
TSLA,2025-10-07,447.8599853515625,432.8699951171875,2025-10-07 13:30:00+00:00,2025-10-07 20:00:00+00:00,False,0.0
TSLA,2025-10-08,437.7579956054688,438.6000061035156,2025-10-08 13:30:00+00:00,2025-10-08 20:00:00+00:00,False,0.0
TSLA,2025-10-09,431.739990234375,435.5299987792969,2025-10-09 13:30:00+00:00,2025-10-09 20:00:00+00:00,False,0.0
TSLA,2025-10-10,437.6549987792969,413.2999877929688,2025-10-10 13:30:00+00:00,2025-10-10 20:00:00+00:00,False,0.0
TSLA,2025-10-13,423.7000122070313,435.8999938964844,2025-10-13 13:30:00+00:00,2025-10-13 20:00:00+00:00,False,0.0
TSLA,2025-10-14,426.7900085449219,429.2300109863281,2025-10-14 13:30:00+00:00,2025-10-14 20:00:00+00:00,False,0.0
TSLA,2025-10-15,434.7999877929688,435.1900024414063,2025-10-15 13:30:00+00:00,2025-10-15 20:00:00+00:00,False,0.0
TSLA,2025-10-16,434.75,428.5849914550781,2025-10-16 13:30:00+00:00,2025-10-16 20:00:00+00:00,False,0.0
TSLA,2025-10-17,425.5,439.2699890136719,2025-10-17 13:30:00+00:00,2025-10-17 20:00:00+00:00,False,0.0
TSLA,2025-10-20,443.7875061035156,447.3500061035156,2025-10-20 13:30:00+00:00,2025-10-20 20:00:00+00:00,False,0.0
TSLA,2025-10-21,445.7550048828125,442.510009765625,2025-10-21 13:30:00+00:00,2025-10-21 20:00:00+00:00,False,0.0
TSLA,2025-10-22,443.4500122070313,438.8399963378906,2025-10-22 13:30:00+00:00,2025-10-22 20:00:00+00:00,False,0.0
TSLA,2025-10-23,420.1000061035156,448.9949951171875,2025-10-23 13:30:00+00:00,2025-10-23 20:00:00+00:00,False,0.0
TSLA,2025-10-24,446.9800109863281,433.5899963378906,2025-10-24 13:30:00+00:00,2025-10-24 20:00:00+00:00,False,0.0
TSLA,2025-10-27,439.8900146484375,452.3500061035156,2025-10-27 13:30:00+00:00,2025-10-27 20:00:00+00:00,False,0.0
TSLA,2025-10-28,454.6000061035156,460.5400085449219,2025-10-28 13:30:00+00:00,2025-10-28 20:00:00+00:00,False,0.0
TSLA,2025-10-29,462.4249877929688,461.4700012207031,2025-10-29 13:30:00+00:00,2025-10-29 20:00:00+00:00,False,0.0
TSLA,2025-10-30,451.0499877929688,440.0299987792969,2025-10-30 13:30:00+00:00,2025-10-30 20:00:00+00:00,False,0.0
TSLA,2025-10-31,446.7300109863281,456.5382080078125,2025-10-31 13:30:00+00:00,2025-10-31 20:00:00+00:00,False,0.0
TSLA,2025-11-03,455.989990234375,468.4299926757813,2025-11-03 14:30:00+00:00,2025-11-03 21:00:00+00:00,False,0.0
TSLA,2025-11-04,454.3699951171875,444.1900024414063,2025-11-04 14:30:00+00:00,2025-11-04 21:00:00+00:00,False,0.0
TSLA,2025-11-05,451.9200134277344,462.25,2025-11-05 14:30:00+00:00,2025-11-05 21:00:00+00:00,False,0.0
TSLA,2025-11-06,461.9599914550781,446.1099853515625,2025-11-06 14:30:00+00:00,2025-11-06 21:00:00+00:00,False,0.0
TSLA,2025-11-07,437.8900146484375,429.3800048828125,2025-11-07 14:30:00+00:00,2025-11-07 21:00:00+00:00,False,0.0
TSLA,2025-11-10,439.6300048828125,445.260009765625,2025-11-10 14:30:00+00:00,2025-11-10 21:00:00+00:00,False,0.0
TSLA,2025-11-11,439.3999938964844,439.3999938964844,2025-11-11 14:30:00+00:00,2025-11-11 21:00:00+00:00,False,0.0
TSLA,2025-11-12,442.1099853515625,430.6199951171875,2025-11-12 14:30:00+00:00,2025-11-12 21:00:00+00:00,False,0.0
TSLA,2025-11-13,423.1749877929688,401.9400024414063,2025-11-13 14:30:00+00:00,2025-11-13 21:00:00+00:00,False,0.0
TSLA,2025-11-14,386.239990234375,404.3299865722656,2025-11-14 14:30:00+00:00,2025-11-14 21:00:00+00:00,False,0.0
TSLA,2025-11-17,398.8900146484375,408.9400024414063,2025-11-17 14:30:00+00:00,2025-11-17 21:00:00+00:00,False,0.0
TSLA,2025-11-18,405.3800048828125,401.239013671875,2025-11-18 14:30:00+00:00,2025-11-18 21:00:00+00:00,False,0.0
TSLA,2025-11-19,406.2099914550781,404.0700073242188,2025-11-19 14:30:00+00:00,2025-11-19 21:00:00+00:00,False,0.0
TSLA,2025-11-20,414.6300048828125,395.0299987792969,2025-11-20 14:30:00+00:00,2025-11-20 21:00:00+00:00,False,0.0
TSLA,2025-11-21,402.2950134277344,391.0499877929688,2025-11-21 14:30:00+00:00,2025-11-21 21:00:00+00:00,False,0.0
TSLA,2025-11-24,402.1600036621094,417.5899963378906,2025-11-24 14:30:00+00:00,2025-11-24 21:00:00+00:00,False,0.0
TSLA,2025-11-25,414.4100036621094,419.30999755859375,2025-11-25 14:30:00+00:00,2025-11-25 21:00:00+00:00,False,0.0
TSLA,2025-11-26,423.9825134277344,426.4750061035156,2025-11-26 14:30:00+00:00,2025-11-26 21:00:00+00:00,False,0.0
TSLA,2025-11-28,429.8599853515625,429.6900024414063,2025-11-28 14:30:00+00:00,2025-11-28 18:00:00+00:00,True,0.0
TSLA,2025-12-01,425.3500061035156,430.2998962402344,2025-12-01 14:30:00+00:00,2025-12-01 21:00:00+00:00,False,0.0
TSLA,2025-12-02,431.3204956054688,429.010009765625,2025-12-02 14:30:00+00:00,2025-12-02 21:00:00+00:00,False,0.0
TSLA,2025-12-03,431.8450012207031,446.8800048828125,2025-12-03 14:30:00+00:00,2025-12-03 21:00:00+00:00,False,0.0
TSLA,2025-12-04,450.0,454.510009765625,2025-12-04 14:30:00+00:00,2025-12-04 21:00:00+00:00,False,0.0
TSLA,2025-12-05,452.9700012207031,454.9400024414063,2025-12-05 14:30:00+00:00,2025-12-05 21:00:00+00:00,False,0.0
TSLA,2025-12-08,447.364990234375,439.5899963378906,2025-12-08 14:30:00+00:00,2025-12-08 21:00:00+00:00,False,0.0
TSLA,2025-12-09,439.5799865722656,445.2099914550781,2025-12-09 14:30:00+00:00,2025-12-09 21:00:00+00:00,False,0.0
TSLA,2025-12-10,446.010009765625,451.4100036621094,2025-12-10 14:30:00+00:00,2025-12-10 21:00:00+00:00,False,0.0
TSLA,2025-12-11,448.8250122070313,446.9400024414063,2025-12-11 14:30:00+00:00,2025-12-11 21:00:00+00:00,False,0.0
TSLA,2025-12-12,448.0899963378906,459.1700134277344,2025-12-12 14:30:00+00:00,2025-12-12 21:00:00+00:00,False,0.0
TSLA,2025-12-15,470.0,475.0700073242188,2025-12-15 14:30:00+00:00,2025-12-15 21:00:00+00:00,False,0.0
TSLA,2025-12-16,472.2850036621094,489.7999877929688,2025-12-16 14:30:00+00:00,2025-12-16 21:00:00+00:00,False,0.0
TSLA,2025-12-17,488.2149963378906,467.1600036621094,2025-12-17 14:30:00+00:00,2025-12-17 21:00:00+00:00,False,0.0
TSLA,2025-12-18,477.8999938964844,483.3949890136719,2025-12-18 14:30:00+00:00,2025-12-18 21:00:00+00:00,False,0.0
TSLA,2025-12-19,488.5400085449219,480.9100036621094,2025-12-19 14:30:00+00:00,2025-12-19 21:00:00+00:00,False,0.0
TSLA,2025-12-22,489.6799926757813,488.7699890136719,2025-12-22 14:30:00+00:00,2025-12-22 21:00:00+00:00,False,0.0
TSLA,2025-12-23,491.5,485.6099853515625,2025-12-23 14:30:00+00:00,2025-12-23 21:00:00+00:00,False,0.0
TSLA,2025-12-24,490.0,481.7676086425781,2025-12-24 14:30:00+00:00,2025-12-24 18:00:00+00:00,True,0.0
TSLA,2025-12-26,486.0,475.1900024414063,2025-12-26 14:30:00+00:00,2025-12-26 21:00:00+00:00,False,0.0
TSLA,2025-12-29,468.0,459.6199951171875,2025-12-29 14:30:00+00:00,2025-12-29 21:00:00+00:00,False,0.0
TSLA,2025-12-30,460.0,454.4299926757813,2025-12-30 14:30:00+00:00,2025-12-30 21:00:00+00:00,False,0.0
TSLA,2025-12-31,455.0,449.5499877929688,2025-12-31 14:30:00+00:00,2025-12-31 21:00:00+00:00,False,0.0
TSLA,2026-01-02,458.0,438.1000061035156,2026-01-02 14:30:00+00:00,2026-01-02 21:00:00+00:00,False,0.0
TSLA,2026-01-05,447.7200012207031,451.6900024414063,2026-01-05 14:30:00+00:00,2026-01-05 21:00:00+00:00,False,0.0
TSLA,2026-01-06,446.364990234375,432.4898986816406,2026-01-06 14:30:00+00:00,2026-01-06 21:00:00+00:00,False,0.0
TSLA,2026-01-07,435.885009765625,431.4200134277344,2026-01-07 14:30:00+00:00,2026-01-07 21:00:00+00:00,False,0.0
TSLA,2026-01-08,426.0,435.8399963378906,2026-01-08 14:30:00+00:00,2026-01-08 21:00:00+00:00,False,0.0
TSLA,2026-01-09,435.9450073242188,444.989990234375,2026-01-09 14:30:00+00:00,2026-01-09 21:00:00+00:00,False,0.0
TSLA,2026-01-12,441.2250061035156,448.8800048828125,2026-01-12 14:30:00+00:00,2026-01-12 21:00:00+00:00,False,0.0
TSLA,2026-01-13,449.0750122070313,447.1300048828125,2026-01-13 14:30:00+00:00,2026-01-13 21:00:00+00:00,False,0.0
TSLA,2026-01-14,442.4299926757813,439.260009765625,2026-01-14 14:30:00+00:00,2026-01-14 21:00:00+00:00,False,0.0
TSLA,2026-01-15,441.125,438.3299865722656,2026-01-15 14:30:00+00:00,2026-01-15 21:00:00+00:00,False,0.0
TSLA,2026-01-16,439.5150146484375,437.4700012207031,2026-01-16 14:30:00+00:00,2026-01-16 21:00:00+00:00,False,0.0
TSLA,2026-01-20,429.3450012207031,419.25,2026-01-20 14:30:00+00:00,2026-01-20 21:00:00+00:00,False,0.0
TSLA,2026-01-21,421.5799865722656,431.4599914550781,2026-01-21 14:30:00+00:00,2026-01-21 21:00:00+00:00,False,0.0
TSLA,2026-01-22,435.1600036621094,449.3699951171875,2026-01-22 14:30:00+00:00,2026-01-22 21:00:00+00:00,False,0.0
TSLA,2026-01-23,447.75,449.0700073242188,2026-01-23 14:30:00+00:00,2026-01-23 21:00:00+00:00,False,0.0
TSLA,2026-01-26,445.0299987792969,435.2000122070313,2026-01-26 14:30:00+00:00,2026-01-26 21:00:00+00:00,False,0.0
TSLA,2026-01-27,437.43499755859375,430.9100036621094,2026-01-27 14:30:00+00:00,2026-01-27 21:00:00+00:00,False,0.0
TSLA,2026-01-28,431.7999877929688,431.239990234375,2026-01-28 14:30:00+00:00,2026-01-28 21:00:00+00:00,False,0.0
TSLA,2026-01-29,437.760009765625,416.4400024414063,2026-01-29 14:30:00+00:00,2026-01-29 21:00:00+00:00,False,0.0
TSLA,2026-01-30,425.5799865722656,430.4360046386719,2026-01-30 14:30:00+00:00,2026-01-30 21:00:00+00:00,False,0.0
TSLA,2026-02-02,421.3150024414063,421.7850036621094,2026-02-02 14:30:00+00:00,2026-02-02 21:00:00+00:00,False,0.0
TSLA,2026-02-03,424.2699890136719,421.80999755859375,2026-02-03 14:30:00+00:00,2026-02-03 21:00:00+00:00,False,0.0
TSLA,2026-02-04,420.4599914550781,405.8999938964844,2026-02-04 14:30:00+00:00,2026-02-04 21:00:00+00:00,False,0.0
TSLA,2026-02-05,397.05999755859375,397.1000061035156,2026-02-05 14:30:00+00:00,2026-02-05 21:00:00+00:00,False,0.0
TSLA,2026-02-06,400.8800048828125,411.010009765625,2026-02-06 14:30:00+00:00,2026-02-06 21:00:00+00:00,False,0.0
TSLA,2026-02-09,409.9049987792969,417.1600036621094,2026-02-09 14:30:00+00:00,2026-02-09 21:00:00+00:00,False,0.0
TSLA,2026-02-10,418.0899963378906,425.2200012207031,2026-02-10 14:30:00+00:00,2026-02-10 21:00:00+00:00,False,0.0
TSLA,2026-02-11,427.9549865722656,428.1499938964844,2026-02-11 14:30:00+00:00,2026-02-11 21:00:00+00:00,False,0.0
TSLA,2026-02-12,430.3500061035156,416.8399963378906,2026-02-12 14:30:00+00:00,2026-02-12 21:00:00+00:00,False,0.0
TSLA,2026-02-13,414.1400146484375,417.4200134277344,2026-02-13 14:30:00+00:00,2026-02-13 21:00:00+00:00,False,0.0
TSLA,2026-02-17,412.4020080566406,410.5899963378906,2026-02-17 14:30:00+00:00,2026-02-17 21:00:00+00:00,False,0.0
TSLA,2026-02-18,410.6700134277344,411.2000122070313,2026-02-18 14:30:00+00:00,2026-02-18 21:00:00+00:00,False,0.0
TSLA,2026-02-19,407.33349609375,411.72119140625,2026-02-19 14:30:00+00:00,2026-02-19 21:00:00+00:00,False,0.0
TSLA,2026-02-20,408.2850036621094,411.7099914550781,2026-02-20 14:30:00+00:00,2026-02-20 21:00:00+00:00,False,0.0
TSLA,2026-02-23,407.2850036621094,399.8500061035156,2026-02-23 14:30:00+00:00,2026-02-23 21:00:00+00:00,False,0.0
TSLA,2026-02-24,399.5499877929688,409.3599853515625,2026-02-24 14:30:00+00:00,2026-02-24 21:00:00+00:00,False,0.0
TSLA,2026-02-25,412.1499938964844,417.3900146484375,2026-02-25 14:30:00+00:00,2026-02-25 21:00:00+00:00,False,0.0
TSLA,2026-02-26,414.5,408.4800109863281,2026-02-26 14:30:00+00:00,2026-02-26 21:00:00+00:00,False,0.0
TSLA,2026-02-27,402.9400024414063,402.4200134277344,2026-02-27 14:30:00+00:00,2026-02-27 21:00:00+00:00,False,0.0
TSLA,2026-03-02,390.3200073242188,403.2349853515625,2026-03-02 14:30:00+00:00,2026-03-02 21:00:00+00:00,False,0.0
TSLA,2026-03-03,395.0899963378906,392.3500061035156,2026-03-03 14:30:00+00:00,2026-03-03 21:00:00+00:00,False,0.0
TSLA,2026-03-04,397.8450012207031,406.1900024414063,2026-03-04 14:30:00+00:00,2026-03-04 21:00:00+00:00,False,0.0
TSLA,2026-03-05,401.5700073242188,405.4700012207031,2026-03-05 14:30:00+00:00,2026-03-05 21:00:00+00:00,False,0.0
TSLA,2026-03-06,398.18499755859375,396.5499877929688,2026-03-06 14:30:00+00:00,2026-03-06 21:00:00+00:00,False,0.0
TSLA,2026-03-09,390.0499877929688,398.6400146484375,2026-03-09 13:30:00+00:00,2026-03-09 20:00:00+00:00,False,0.0
TSLA,2026-03-10,402.0549926757813,399.2349853515625,2026-03-10 13:30:00+00:00,2026-03-10 20:00:00+00:00,False,0.0
TSLA,2026-03-11,402.2200012207031,407.8399963378906,2026-03-11 13:30:00+00:00,2026-03-11 20:00:00+00:00,False,0.0
TSLA,2026-03-12,405.1000061035156,395.0050048828125,2026-03-12 13:30:00+00:00,2026-03-12 20:00:00+00:00,False,0.0
TSLA,2026-03-13,399.1650085449219,391.1700134277344,2026-03-13 13:30:00+00:00,2026-03-13 20:00:00+00:00,False,0.0
TSLA,2026-03-16,396.125,395.489990234375,2026-03-16 13:30:00+00:00,2026-03-16 20:00:00+00:00,False,0.0
TSLA,2026-03-17,395.6900024414063,399.2200012207031,2026-03-17 13:30:00+00:00,2026-03-17 20:00:00+00:00,False,0.0
TSLA,2026-03-18,399.0,392.8500061035156,2026-03-18 13:30:00+00:00,2026-03-18 20:00:00+00:00,False,0.0
TSLA,2026-03-19,387.2049865722656,380.239990234375,2026-03-19 13:30:00+00:00,2026-03-19 20:00:00+00:00,False,0.0
TSLA,2026-03-20,379.3900146484375,367.9700012207031,2026-03-20 13:30:00+00:00,2026-03-20 20:00:00+00:00,False,0.0
TSLA,2026-03-23,373.0849914550781,380.8500061035156,2026-03-23 13:30:00+00:00,2026-03-23 20:00:00+00:00,False,0.0
TSLA,2026-03-24,376.6950073242188,383.1099853515625,2026-03-24 13:30:00+00:00,2026-03-24 20:00:00+00:00,False,0.0
TSLA,2026-03-25,389.989990234375,385.9400024414063,2026-03-25 13:30:00+00:00,2026-03-25 20:00:00+00:00,False,0.0
TSLA,2026-03-26,381.8299865722656,372.239990234375,2026-03-26 13:30:00+00:00,2026-03-26 20:00:00+00:00,False,0.0
TSLA,2026-03-27,369.6900024414063,361.760009765625,2026-03-27 13:30:00+00:00,2026-03-27 20:00:00+00:00,False,0.0
TSLA,2026-03-30,365.8599853515625,355.2799987792969,2026-03-30 13:30:00+00:00,2026-03-30 20:00:00+00:00,False,0.0
TSLA,2026-03-31,361.6199951171875,371.75,2026-03-31 13:30:00+00:00,2026-03-31 20:00:00+00:00,False,0.0
TSLA,2026-04-01,378.7699890136719,381.3200073242188,2026-04-01 13:30:00+00:00,2026-04-01 20:00:00+00:00,False,0.0
TSLA,2026-04-02,364.0273132324219,360.5499877929688,2026-04-02 13:30:00+00:00,2026-04-02 20:00:00+00:00,False,0.0
TSLA,2026-04-06,362.5899963378906,352.7900085449219,2026-04-06 13:30:00+00:00,2026-04-06 20:00:00+00:00,False,0.0
TSLA,2026-04-07,347.3999938964844,346.5599975585937,2026-04-07 13:30:00+00:00,2026-04-07 20:00:00+00:00,False,0.0
TSLA,2026-04-08,363.7950134277344,343.239990234375,2026-04-08 13:30:00+00:00,2026-04-08 20:00:00+00:00,False,0.0
TSLA,2026-04-09,343.0329895019531,345.5899963378906,2026-04-09 13:30:00+00:00,2026-04-09 20:00:00+00:00,False,0.0
TSLA,2026-04-10,346.2850036621094,348.8949890136719,2026-04-10 13:30:00+00:00,2026-04-10 20:00:00+00:00,False,0.0
TSLA,2026-04-13,350.1700134277344,352.4049987792969,2026-04-13 13:30:00+00:00,2026-04-13 20:00:00+00:00,False,0.0
TSLA,2026-04-14,357.3550109863281,364.1600036621094,2026-04-14 13:30:00+00:00,2026-04-14 20:00:00+00:00,False,0.0
TSLA,2026-04-15,366.7950134277344,392.0299987792969,2026-04-15 13:30:00+00:00,2026-04-15 20:00:00+00:00,False,0.0
TSLA,2026-04-16,393.80999755859375,388.7900085449219,2026-04-16 13:30:00+00:00,2026-04-16 20:00:00+00:00,False,0.0
TSLA,2026-04-17,395.9200134277344,400.6600036621094,2026-04-17 13:30:00+00:00,2026-04-17 20:00:00+00:00,False,0.0
TSLA,2026-04-20,402.5799865722656,392.4599914550781,2026-04-20 13:30:00+00:00,2026-04-20 20:00:00+00:00,False,0.0
TSLA,2026-04-21,393.0499877929688,386.4800109863281,2026-04-21 13:30:00+00:00,2026-04-21 20:00:00+00:00,False,0.0
TSLA,2026-04-22,387.55999755859375,387.2000122070313,2026-04-22 13:30:00+00:00,2026-04-22 20:00:00+00:00,False,0.0
TSLA,2026-04-23,375.4849853515625,373.6300048828125,2026-04-23 13:30:00+00:00,2026-04-23 20:00:00+00:00,False,0.0
TSLA,2026-04-24,373.260009765625,376.1600036621094,2026-04-24 13:30:00+00:00,2026-04-24 20:00:00+00:00,False,0.0
TSLA,2026-04-27,372.1700134277344,378.7000122070313,2026-04-27 13:30:00+00:00,2026-04-27 20:00:00+00:00,False,0.0
TSLA,2026-04-28,374.625,375.9500122070313,2026-04-28 13:30:00+00:00,2026-04-28 20:00:00+00:00,False,0.0
TSLA,2026-04-29,375.3900146484375,372.7999877929688,2026-04-29 13:30:00+00:00,2026-04-29 20:00:00+00:00,False,0.0
TSLA,2026-04-30,372.0700073242188,381.5299987792969,2026-04-30 13:30:00+00:00,2026-04-30 20:00:00+00:00,False,0.0
TSLA,2026-05-01,382.4750061035156,390.6600036621094,2026-05-01 13:30:00+00:00,2026-05-01 20:00:00+00:00,False,0.0
TSLA,2026-05-04,390.05999755859375,392.5750122070313,2026-05-04 13:30:00+00:00,2026-05-04 20:00:00+00:00,False,0.0
TSLA,2026-05-05,395.18499755859375,389.3500061035156,2026-05-05 13:30:00+00:00,2026-05-05 20:00:00+00:00,False,0.0
TSLA,2026-05-06,386.05999755859375,398.5199890136719,2026-05-06 13:30:00+00:00,2026-05-06 20:00:00+00:00,False,0.0
TSLA,2026-05-07,407.5199890136719,411.7999877929688,2026-05-07 13:30:00+00:00,2026-05-07 20:00:00+00:00,False,0.0
TSLA,2026-05-08,417.4299926757813,428.3200073242188,2026-05-08 13:30:00+00:00,2026-05-08 20:00:00+00:00,False,0.0
TSLA,2026-05-11,422.1600036621094,445.0299987792969,2026-05-11 13:30:00+00:00,2026-05-11 20:00:00+00:00,False,0.0
TSLA,2026-05-12,441.4100036621094,433.4500122070313,2026-05-12 13:30:00+00:00,2026-05-12 20:00:00+00:00,False,0.0
TSLA,2026-05-13,436.6799926757813,445.18499755859375,2026-05-13 13:30:00+00:00,2026-05-13 20:00:00+00:00,False,0.0
TSLA,2026-05-14,446.4249877929688,443.1799926757813,2026-05-14 13:30:00+00:00,2026-05-14 20:00:00+00:00,False,0.0
TSLA,2026-05-15,434.0950012207031,422.1300048828125,2026-05-15 13:30:00+00:00,2026-05-15 20:00:00+00:00,False,0.0
TSLA,2026-05-18,419.3550109863281,410.0700073242188,2026-05-18 13:30:00+00:00,2026-05-18 20:00:00+00:00,False,0.0
TSLA,2026-05-19,402.9849853515625,404.1600036621094,2026-05-19 13:30:00+00:00,2026-05-19 20:00:00+00:00,False,0.0
TSLA,2026-05-20,407.6449890136719,417.2699890136719,2026-05-20 13:30:00+00:00,2026-05-20 20:00:00+00:00,False,0.0
TSLA,2026-05-21,422.2449951171875,417.7500915527344,2026-05-21 13:30:00+00:00,2026-05-21 20:00:00+00:00,False,0.0
TSLA,2026-05-22,422.6650085449219,425.9482116699219,2026-05-22 13:30:00+00:00,2026-05-22 20:00:00+00:00,False,0.0
TSLA,2026-05-26,430.0199890136719,433.5650024414063,2026-05-26 13:30:00+00:00,2026-05-26 20:00:00+00:00,False,0.0
TSLA,2026-05-27,442.8150024414063,440.2999877929688,2026-05-27 13:30:00+00:00,2026-05-27 20:00:00+00:00,False,0.0
TSLA,2026-05-28,437.614990234375,442.1000061035156,2026-05-28 13:30:00+00:00,2026-05-28 20:00:00+00:00,False,0.0
TSLA,2026-05-29,439.8450012207031,435.55999755859375,2026-05-29 13:30:00+00:00,2026-05-29 20:00:00+00:00,False,0.0
TSLA,2026-06-01,427.3800048828125,415.7099914550781,2026-06-01 13:30:00+00:00,2026-06-01 20:00:00+00:00,False,0.0
TSLA,2026-06-02,418.0799865722656,423.739990234375,2026-06-02 13:30:00+00:00,2026-06-02 20:00:00+00:00,False,0.0
TSLA,2026-06-03,418.7000122070313,423.7300109863281,2026-06-03 13:30:00+00:00,2026-06-03 20:00:00+00:00,False,0.0
TSLA,2026-06-04,419.7900085449219,418.4599914550781,2026-06-04 13:30:00+00:00,2026-06-04 20:00:00+00:00,False,0.0
TSLA,2026-06-05,420.5450134277344,390.9700012207031,2026-06-05 13:30:00+00:00,2026-06-05 20:00:00+00:00,False,0.0
TSLA,2026-06-08,396.3200073242188,409.010009765625,2026-06-08 13:30:00+00:00,2026-06-08 20:00:00+00:00,False,0.0
TSLA,2026-06-09,411.0299987792969,396.5700073242188,2026-06-09 13:30:00+00:00,2026-06-09 20:00:00+00:00,False,0.0
TSLA,2026-06-10,391.4100036621094,381.6199951171875,2026-06-10 13:30:00+00:00,2026-06-10 20:00:00+00:00,False,0.0
TSLA,2026-06-11,388.25,399.0,2026-06-11 13:30:00+00:00,2026-06-11 20:00:00+00:00,False,0.0
TSLA,2026-06-12,399.4599914550781,406.4450073242188,2026-06-12 13:30:00+00:00,2026-06-12 20:00:00+00:00,False,0.0
TSLA,2026-06-15,412.0799865722656,411.2200012207031,2026-06-15 13:30:00+00:00,2026-06-15 20:00:00+00:00,False,0.0
TSLA,2026-06-16,404.1099853515625,404.6700134277344,2026-06-16 13:30:00+00:00,2026-06-16 20:00:00+00:00,False,0.0
TSLA,2026-06-17,401.5299987792969,396.3200073242188,2026-06-17 13:30:00+00:00,2026-06-17 20:00:00+00:00,False,0.0
TSLA,2026-06-18,398.0849914550781,400.4299926757813,2026-06-18 13:30:00+00:00,2026-06-18 20:00:00+00:00,False,0.0
TSLA,2026-06-22,394.8500061035156,405.0400085449219,2026-06-22 13:30:00+00:00,2026-06-22 20:00:00+00:00,False,0.0
TSLA,2026-06-23,392.4599914550781,381.5700073242188,2026-06-23 13:30:00+00:00,2026-06-23 20:00:00+00:00,False,0.0
TSLA,2026-06-24,380.0079956054688,375.3599853515625,2026-06-24 13:30:00+00:00,2026-06-24 20:00:00+00:00,False,0.0
TSLA,2026-06-25,375.3999938964844,375.1499938964844,2026-06-25 13:30:00+00:00,2026-06-25 20:00:00+00:00,False,0.0
TSLA,2026-06-26,370.1400146484375,379.1900024414063,2026-06-26 13:30:00+00:00,2026-06-26 20:00:00+00:00,False,0.0
TSLA,2026-06-29,381.7900085449219,411.7900085449219,2026-06-29 13:30:00+00:00,2026-06-29 20:00:00+00:00,False,0.0
TSLA,2026-06-30,406.0,420.3200073242188,2026-06-30 13:30:00+00:00,2026-06-30 20:00:00+00:00,False,0.0
TSLA,2026-07-01,421.5700073242188,425.3699951171875,2026-07-01 13:30:00+00:00,2026-07-01 20:00:00+00:00,False,0.0
TSLA,2026-07-02,428.2300109863281,392.8200073242188,2026-07-02 13:30:00+00:00,2026-07-02 20:00:00+00:00,False,0.0
TSLA,2026-07-06,397.3200073242188,419.7699890136719,2026-07-06 13:30:00+00:00,2026-07-06 20:00:00+00:00,False,0.0
TSLA,2026-07-07,416.9700012207031,402.9800109863281,2026-07-07 13:30:00+00:00,2026-07-07 20:00:00+00:00,False,0.0
TSLA,2026-07-08,399.375,393.8699951171875,2026-07-08 13:30:00+00:00,2026-07-08 20:00:00+00:00,False,0.0
TSLA,2026-07-09,393.93798828125,406.5400085449219,2026-07-09 13:30:00+00:00,2026-07-09 20:00:00+00:00,False,0.0
TSLA,2026-07-10,410.489990234375,407.7449951171875,2026-07-10 13:30:00+00:00,2026-07-10 20:00:00+00:00,False,0.0
TSLA,2026-07-13,404.6099853515625,394.75,2026-07-13 13:30:00+00:00,2026-07-13 20:00:00+00:00,False,0.0
TSLA,2026-07-14,399.1000061035156,396.05999755859375,2026-07-14 13:30:00+00:00,2026-07-14 20:00:00+00:00,False,0.0
TSLA,2026-07-15,399.3949890136719,394.1900024414063,2026-07-15 13:30:00+00:00,2026-07-15 20:00:00+00:00,False,0.0
TSLA,2026-07-16,392.3500061035156,391.1000061035156,2026-07-16 13:30:00+00:00,2026-07-16 20:00:00+00:00,False,0.0
TSLA,2026-07-17,381.7799987792969,380.6900024414063,2026-07-17 13:30:00+00:00,2026-07-17 20:00:00+00:00,False,0.0
TSLA,2026-07-20,386.0880126953125,369.5899963378906,2026-07-20 13:30:00+00:00,2026-07-20 20:00:00+00:00,False,0.0
TSLA,2026-07-21,370.9800109863281,378.9198913574219,2026-07-21 13:30:00+00:00,2026-07-21 20:00:00+00:00,False,0.0
TSLA,2026-07-22,375.3710021972656,374.0509948730469,2026-07-22 13:30:00+00:00,2026-07-22 20:00:00+00:00,False,0.0
TSLA,2026-07-23,341.0,319.4599914550781,2026-07-23 13:30:00+00:00,2026-07-23 20:00:00+00:00,False,0.0
TSLA,2026-07-24,320.8800048828125,313.0,2026-07-24 13:30:00+00:00,2026-07-24 20:00:00+00:00,False,0.0
TSLA,2026-07-27,313.2300109863281,309.239990234375,2026-07-27 13:30:00+00:00,2026-07-27 20:00:00+00:00,False,0.0
TSLA,2026-07-28,305.92498779296875,307.4873962402344,2026-07-28 13:30:00+00:00,2026-07-28 20:00:00+00:00,False,0.0
TSLA,2026-07-29,307.32000732421875,298.3500061035156,2026-07-29 13:30:00+00:00,2026-07-29 20:00:00+00:00,False,0.0
TSLA,2026-07-30,302.885009765625,308.8900146484375,2026-07-30 13:30:00+00:00,2026-07-30 20:00:00+00:00,False,0.0
TSLA,2026-07-31,309.6000061035156,311.1199951171875,2026-07-31 13:30:00+00:00,2026-07-31 20:00:00+00:00,False,0.0
TSLA,2026-08-03,311.010009765625,322.1282958984375,2026-08-03 13:30:00+00:00,2026-08-03 20:00:00+00:00,False,0.0
TSLA,2026-08-04,324.0299987792969,327.4200134277344,2026-08-04 13:30:00+00:00,2026-08-04 20:00:00+00:00,False,0.0
TSLA,2026-08-05,323.6499938964844,321.4599914550781,2026-08-05 13:30:00+00:00,2026-08-05 20:00:00+00:00,False,0.0
TSLA,2026-08-06,317.04998779296875,319.6199951171875,2026-08-06 13:30:00+00:00,2026-08-06 20:00:00+00:00,False,0.0
TSLA,2026-08-07,322.3349914550781,328.5849914550781,2026-08-07 13:30:00+00:00,2026-08-07 20:00:00+00:00,False,0.0
TSLA,2026-08-10,326.6449890136719,330.8529968261719,2026-08-10 13:30:00+00:00,2026-08-10 20:00:00+00:00,False,0.0
TSLA,2026-08-11,332.989990234375,332.7699890136719,2026-08-11 13:30:00+00:00,2026-08-11 20:00:00+00:00,False,0.0
TSLA,2026-08-12,335.0,327.45001220703125,2026-08-12 13:30:00+00:00,2026-08-12 20:00:00+00:00,False,0.0
TSLA,2026-08-13,327.3299865722656,340.07000732421875,2026-08-13 13:30:00+00:00,2026-08-13 20:00:00+00:00,False,0.0
TSLA,2026-08-14,342.3299865722656,342.32000732421875,2026-08-14 13:30:00+00:00,2026-08-14 20:00:00+00:00,False,0.0
TSLA,2026-08-17,340.69000244140625,339.3399963378906,2026-08-17 13:30:00+00:00,2026-08-17 20:00:00+00:00,False,0.0
TSLA,2026-08-18,333.1820068359375,336.885009765625,2026-08-18 13:30:00+00:00,2026-08-18 20:00:00+00:00,False,0.0
TSLA,2026-08-19,338.9049987792969,351.110107421875,2026-08-19 13:30:00+00:00,2026-08-19 20:00:00+00:00,False,0.0
TSLA,2026-08-20,345.8900146484375,345.2799987792969,2026-08-20 13:30:00+00:00,2026-08-20 20:00:00+00:00,False,0.0
TSLA,2026-08-21,349.7550048828125,362.8800048828125,2026-08-21 13:30:00+00:00,2026-08-21 20:00:00+00:00,False,0.0
TSLA,2026-08-24,361.75,348.94000244140625,2026-08-24 13:30:00+00:00,2026-08-24 20:00:00+00:00,False,0.0
TSLA,2026-08-25,349.6300048828125,350.1400146484375,2026-08-25 13:30:00+00:00,2026-08-25 20:00:00+00:00,False,0.0
TSLA,2026-08-26,345.25,345.8800048828125,2026-08-26 13:30:00+00:00,2026-08-26 20:00:00+00:00,False,0.0
TSLA,2026-08-27,346.29998779296875,354.5899963378906,2026-08-27 13:30:00+00:00,2026-08-27 20:00:00+00:00,False,0.0
TSLA,2026-08-28,357.0950012207031,348.760009765625,2026-08-28 13:30:00+00:00,2026-08-28 20:00:00+00:00,False,0.0
TSLA,2026-08-31,347.1499938964844,367.9200134277344,2026-08-31 13:30:00+00:00,2026-08-31 20:00:00+00:00,False,0.0
TSLA,2026-09-01,360.8550109863281,356.1199951171875,2026-09-01 13:30:00+00:00,2026-09-01 20:00:00+00:00,False,0.0
TSLA,2026-09-02,360.6099853515625,356.989990234375,2026-09-02 13:30:00+00:00,2026-09-02 20:00:00+00:00,False,0.0
TSLA,2026-09-03,365.9150085449219,376.3550109863281,2026-09-03 13:30:00+00:00,2026-09-03 20:00:00+00:00,False,0.0
TSLA,2026-09-04,362.1799926757813,353.94989013671875,2026-09-04 13:30:00+00:00,2026-09-04 20:00:00+00:00,False,0.0
TSLA,2026-09-08,357.2699890136719,368.0400085449219,2026-09-08 13:30:00+00:00,2026-09-08 20:00:00+00:00,False,0.0
TSLA,2026-09-09,368.3550109863281,367.7999877929688,2026-09-09 13:30:00+00:00,2026-09-09 20:00:00+00:00,False,0.0
TSLA,2026-09-10,360.3999938964844,363.6099853515625,2026-09-10 13:30:00+00:00,2026-09-10 20:00:00+00:00,False,0.0
TSLA,2026-09-11,364.1400146484375,365.4700012207031,2026-09-11 13:30:00+00:00,2026-09-11 20:00:00+00:00,False,0.0
TSLA,2026-09-14,359.95001220703125,358.9700012207031,2026-09-14 13:30:00+00:00,2026-09-14 20:00:00+00:00,False,0.0
TSLA,2026-09-15,358.7250061035156,356.6400146484375,2026-09-15 13:30:00+00:00,2026-09-15 20:00:00+00:00,False,0.0
TSLA,2026-09-16,357.7099914550781,358.1300048828125,2026-09-16 13:30:00+00:00,2026-09-16 20:00:00+00:00,False,0.0
TSLA,2026-09-17,367.5899963378906,366.0400085449219,2026-09-17 13:30:00+00:00,2026-09-17 20:00:00+00:00,False,0.0
TSLA,2026-09-18,369.2799987792969,364.2300109863281,2026-09-18 13:30:00+00:00,2026-09-18 20:00:00+00:00,False,0.0
TSLA,2026-09-21,371.6400146484375,375.3200073242188,2026-09-21 13:30:00+00:00,2026-09-21 20:00:00+00:00,False,0.0
TSLA,2026-09-22,379.0690002441406,378.8599853515625,2026-09-22 13:30:00+00:00,2026-09-22 20:00:00+00:00,False,0.0
TSLA,2026-09-23,379.93499755859375,380.239990234375,2026-09-23 13:30:00+00:00,2026-09-23 20:00:00+00:00,False,0.0
TSLA,2026-09-24,377.3500061035156,377.9100036621094,2026-09-24 13:30:00+00:00,2026-09-24 20:00:00+00:00,False,0.0
TSLA,2026-09-25,384.8989868164063,372.0799865722656,2026-09-25 13:30:00+00:00,2026-09-25 20:00:00+00:00,False,0.0
TSLA,2026-09-28,368.05999755859375,357.3900146484375,2026-09-28 13:30:00+00:00,2026-09-28 20:00:00+00:00,False,0.0
TSLA,2026-09-29,358.4200134277344,352.8999938964844,2026-09-29 13:30:00+00:00,2026-09-29 20:00:00+00:00,False,0.0
TSLA,2026-09-30,351.7909851074219,354.8900146484375,2026-09-30 13:30:00+00:00,2026-09-30 20:00:00+00:00,False,0.0
