block_month,symbol,mint,project,fee_tier,trades,volume_usd
2026-06-01,SPCXx,Xs3oZwbHvqis4NYcf4YKWmEia2eC84wSiVrcYcTqpH8,whirlpool,,44092,1147911.1875083891
2026-07-01,NVDAx,Xsc9qvGR1efVDFGLrVsmkzv3qi45LTBjeUKSPmx9qEh,meteora,,5935,71106.69621365172
2026-09-01,PLTRx,XsoBhf2ufR8fTyNSjqfU71DYGaE6Z3SUGAidpzriAA4,raydium,,90938,6785591.420946387
2026-09-01,TQQQx,XsjQP3iMAaQ3kQScQKthQpx9ALRbjKAjQtHg6TFomoc,whirlpool,,4729,89231.64154488141
2026-04-01,BRK.Bx,Xs6B6zawENwAbWVi7w92rjazLuAr5Az59qgWKcNb45x,raydium,,4518,81538.96044744692
2026-08-01,PGx,XsYdjDjNUygZ7yGKfQaB6TxLh2gC6RRjzLtLAGJrhzV,raydium,,257,3832.2421491666514
2025-10-01,COINx,Xs7ZdzSHLU9ftNJsii5fCeJhoRWSC32SQGzGQtePxNu,raydium,,5954,332325.62815833115
2025-10-01,GLDx,Xsv9hRk1z5ystj9MhnA7Lq4vjSsLwzL2nxrwmwtD3re,whirlpool,,11465,1073899.3118431498
2025-10-01,GOOGLx,XsCPL9dNWBMvFtTmwcCA5v3xWPSMEBCszbQdiLLq6aN,jupiterz,,219,558723.2584791727
2025-10-01,SpaceX🔥,Xswz8SkjmJyEyocN1y154ZGWaTibSScht6Tu55Tp3T8,meteora,,453,23236.00737539447
2025-08-01,NVDAx,Xsc9qvGR1efVDFGLrVsmkzv3qi45LTBjeUKSPmx9qEh,byreal,,457,1003.2795817777907
2026-04-01,AMBRx,XsaQTCgebC2KPbf27KUhdv5JFvHhQ4GDAPURwrEhAzb,raydium,,470,3112.919489768415
2025-08-01,impurrfect,Xs1z17f3S81oSnL7g4fwaz4dzvd75WCLvEuYFAYpump,pumpdotfun,0.01,185,31813.673254724417
2025-09-01,GOOGLx,XsCPL9dNWBMvFtTmwcCA5v3xWPSMEBCszbQdiLLq6aN,whirlpool,,10403,553838.1149804099
2025-11-01,TSLAx,XsDoVfqeBukxuZHWhdvWHBhgEHjGNst4MLodqsJHzoB,meteora,,35772,3406296.964211955
2025-11-01,AMZNx,Xs3eBt7uRfJX8QUs4suhyU8p2M6DoUDrJyWBa8LLZsg,meteora,,6139,38406.76518097713
2026-03-01,TQQQx,XsjQP3iMAaQ3kQScQKthQpx9ALRbjKAjQtHg6TFomoc,raydium,,502,7297.767720090671
2025-12-01,ABTx,XsHtf5RpxsQ7jeJ9ivNewouZKJHbPxhPoEy6yYvULr7,raydium,,108,1506.7387100193844
2025-09-01,METAx,Xsa62P5mvPszXL1krVUnU5ar38bBSVcWAB6fmPCo5Zu,whirlpool,,377,19366.734649425292
2026-06-01,AAPLx,XsbEhLAtcf6HdfpFZ5xEMdqW8nfAvcsP5bdudRLJzJp,raydium,,8602,845070.593922015
2026-06-01,TSLAx,XsDoVfqeBukxuZHWhdvWHBhgEHjGNst4MLodqsJHzoB,manifest,,3388,95516.81496391306
2026-09-01,XOMx,XsaHND8sHyfMfsWPj6kSdd5VwvCayZvjYgKmmcNL5qh,raydium,,11028,564670.0445691196
2026-08-01,SPCXx,Xs3oZwbHvqis4NYcf4YKWmEia2eC84wSiVrcYcTqpH8,raydium,,38301,2.283034981160001
2026-05-01,TSLAx,XsDoVfqeBukxuZHWhdvWHBhgEHjGNst4MLodqsJHzoB,meteora,,11985,420682.58430221496
2026-06-01,AMZNx,Xs3eBt7uRfJX8QUs4suhyU8p2M6DoUDrJyWBa8LLZsg,meteora,,1072,770.937898448323
2025-08-01,MSTRx,XsP7xzNPvEHS1m6qfanPUGjNmdnmsLKEoNAnHjdxxyZ,jupiterz,,353,917436.2408363511
2026-03-01,COINx,Xs7ZdzSHLU9ftNJsii5fCeJhoRWSC32SQGzGQtePxNu,raydium,,48773,9743322.576539436
2026-09-01,MCDx,XsqE9cRRpzxcGKDXj1BJ7Xmg4GRhZoyY1KpmGSxAWT2,byreal,,14150,2377559.9364453573
2026-07-01,MSTRx,XsP7xzNPvEHS1m6qfanPUGjNmdnmsLKEoNAnHjdxxyZ,jupiterz,,2246,2987390.8585090474
2026-04-01,TSLAx,XsDoVfqeBukxuZHWhdvWHBhgEHjGNst4MLodqsJHzoB,pancakeswap,,24741,364101.8218277206
2026-04-01,HOODx,XsvNBAYkrDRNhA7wPHQfX3ZUXZyZLdnCQDfHZ56bzpg,whirlpool,,211,42.36897972149799
2025-10-01,UNHx,XszvaiXGPwvk2nwb3o9C1CX4K6zH8sez11E6uyup6fe,whirlpool,,310,1004.195991484708
2025-08-01,TSLAx,XsDoVfqeBukxuZHWhdvWHBhgEHjGNst4MLodqsJHzoB,pancakeswap,,15216,136794.30276012773
2025-08-01,HOODx,XsvNBAYkrDRNhA7wPHQfX3ZUXZyZLdnCQDfHZ56bzpg,whirlpool,,1780,26555.021497782414
2025-11-01,NVDAx,Xsc9qvGR1efVDFGLrVsmkzv3qi45LTBjeUKSPmx9qEh,pancakeswap,,26171,550473.5253197706
2026-03-01,GMEx,Xsf9mBktVB9BSU5kf4nHxPq5hCBJ2j2ui3ecFGxPRGc,raydium,,12523,2856.0988517556702
2026-03-01,CVXx,XsNNMt7WTNA2sV3jrb1NNfNgapxRF5i4i6GcnTRRHts,whirlpool,,162,33.85105774705001
2026-05-01,CRCLx,XsueG8BtpquVJX9LVLLEGuViXUungE6WmK5YZ3p3bd1,jupiterz,,2102,3698018.1308019874
2025-07-01,METAx,Xsa62P5mvPszXL1krVUnU5ar38bBSVcWAB6fmPCo5Zu,raydium,,1641,60776.57739490531
2025-12-01,NVDAx,Xsc9qvGR1efVDFGLrVsmkzv3qi45LTBjeUKSPmx9qEh,pancakeswap,,15231,514929.2899350331
2026-02-01,NVDAx,Xsc9qvGR1efVDFGLrVsmkzv3qi45LTBjeUKSPmx9qEh,jupiterz,,421,850688.5395966985
2026-06-01,PLTRx,XsoBhf2ufR8fTyNSjqfU71DYGaE6Z3SUGAidpzriAA4,whirlpool,,1256,112908.33858260061
2026-08-01,NVDAx,Xsc9qvGR1efVDFGLrVsmkzv3qi45LTBjeUKSPmx9qEh,manifest,,1717,179369.0145188362
2026-05-01,SPYx,XsoCS1TfEyfFhfvj8EtZ528L3CaKBDBRqRapnBbDF2W,jupiterz,,3623,6631490.874814264
2025-08-01,MSTRx,XsP7xzNPvEHS1m6qfanPUGjNmdnmsLKEoNAnHjdxxyZ,pancakeswap,,7598,91439.14549171465
2026-04-01,AZNx,Xs3ZFkPYT2BN7qBMqf1j1bfTeTm1rFzEFSsQ1z3wAKU,raydium,,387,8663.03347961942
2025-12-01,TSLAx,XsDoVfqeBukxuZHWhdvWHBhgEHjGNst4MLodqsJHzoB,raydium,,122835,21480023.452584323
2025-11-01,TSLAx,XsDoVfqeBukxuZHWhdvWHBhgEHjGNst4MLodqsJHzoB,byreal,,25629,2863667.908892164
2026-01-01,ABTx,XsHtf5RpxsQ7jeJ9ivNewouZKJHbPxhPoEy6yYvULr7,raydium,,266,2229.970947592952
2026-02-01,TSLAx,XsDoVfqeBukxuZHWhdvWHBhgEHjGNst4MLodqsJHzoB,whirlpool,,114042,5892593.182972248
2026-04-01,AAPLx,XsbEhLAtcf6HdfpFZ5xEMdqW8nfAvcsP5bdudRLJzJp,jupiterz,,815,526866.2054653659
2026-07-01,MCDx,XsqE9cRRpzxcGKDXj1BJ7Xmg4GRhZoyY1KpmGSxAWT2,whirlpool,,166,10.236779107779999
2026-01-01,ORCLx,XsjFwUPiLofddX5cWFHW35GCbXcSu1BCUGfxoQAQjeL,whirlpool,,132,1120.3949648462394
2025-12-01,Vx,XsqgsbXwWogGJsNcVZ3TyVouy2MbTkfCFhCGGGcQZ2p,raydium,,314,5780.132106072146
2026-06-01,METAx,Xsa62P5mvPszXL1krVUnU5ar38bBSVcWAB6fmPCo5Zu,whirlpool,,645,785.0280033690443
2026-04-01,WMTx,Xs151QeqTCiuKtinzfRATnUESM2xTU6V9Wy8Vy538ci,whirlpool,,724,11.207788297743999
2026-01-01,MCDx,XsqE9cRRpzxcGKDXj1BJ7Xmg4GRhZoyY1KpmGSxAWT2,raydium,,1475,6228.955591514957
2026-01-01,ORCLx,XsjFwUPiLofddX5cWFHW35GCbXcSu1BCUGfxoQAQjeL,raydium,,301,6390.347101753749
2026-03-01,UNHx,XszvaiXGPwvk2nwb3o9C1CX4K6zH8sez11E6uyup6fe,raydium,,3876,69087.55912226833
2026-03-01,AAPLx,XsbEhLAtcf6HdfpFZ5xEMdqW8nfAvcsP5bdudRLJzJp,meteora,,888,3689.495386337332
2026-01-01,SPYx,XsoCS1TfEyfFhfvj8EtZ528L3CaKBDBRqRapnBbDF2W,whirlpool,0.0002,306,2515.432028487901
2026-02-01,COINx,Xs7ZdzSHLU9ftNJsii5fCeJhoRWSC32SQGzGQtePxNu,pancakeswap,,15736,155553.3609751105
2026-07-01,PGx,XsYdjDjNUygZ7yGKfQaB6TxLh2gC6RRjzLtLAGJrhzV,whirlpool,,102,4.462785760379998
2026-03-01,AMZNx,Xs3eBt7uRfJX8QUs4suhyU8p2M6DoUDrJyWBa8LLZsg,jupiterz,,272,412091.73918539926
2026-09-01,CRCLx,XsueG8BtpquVJX9LVLLEGuViXUungE6WmK5YZ3p3bd1,raydium,,502890,148410347.6864021
2026-09-01,METAx,Xsa62P5mvPszXL1krVUnU5ar38bBSVcWAB6fmPCo5Zu,raydium,,636229,54807854.319068335
2026-09-01,MARIO,Xsm4xGgTm6awT4saL8oUJ6ie9z2ZM2Gb3P6NRd4pump,pumpdotfun,0.01,343,3033.180140178479
2026-07-01,MSTRx,XsP7xzNPvEHS1m6qfanPUGjNmdnmsLKEoNAnHjdxxyZ,byreal,,22960,2277301.3162550232
2026-04-01,NVDAx,Xsc9qvGR1efVDFGLrVsmkzv3qi45LTBjeUKSPmx9qEh,manifest,,14871,459927.3604283419
2026-08-01,METAx,Xsa62P5mvPszXL1krVUnU5ar38bBSVcWAB6fmPCo5Zu,jupiterz,,1207,1191058.6565731482
2026-05-01,SPYx,XsoCS1TfEyfFhfvj8EtZ528L3CaKBDBRqRapnBbDF2W,pancakeswap,,1951,3155.8969327438203
2026-06-01,GOOGLx,XsCPL9dNWBMvFtTmwcCA5v3xWPSMEBCszbQdiLLq6aN,jupiterz,,1557,2139776.248849153
2025-09-01,AAPLx,XsbEhLAtcf6HdfpFZ5xEMdqW8nfAvcsP5bdudRLJzJp,pancakeswap,,9962,172427.0616592951
2026-08-01,MRVLx,XsuxRGDzbLjnJ72v74b7p9VY6N66uYgTCyfwwRjVCJA,whirlpool,,515,5978.161759900608
2025-06-01,SAM,XsG5QK8va6Mrz4FmWcZzeD1P82SKAshF6m1H5EXpump,pumpswap,0.0025,296,9104.599423528809
2026-06-01,AAPLx,XsbEhLAtcf6HdfpFZ5xEMdqW8nfAvcsP5bdudRLJzJp,byreal,,13237,1274192.3702485904
2026-09-01,MSFTx,XspzcW1PRtgf6Wj92HCiZdjzKCyFekVD8P5Ueh3dRMX,raydium,,700937,55831612.32785422
2026-04-01,QQQx,Xs8S1uUs1zvS2p7iwtsG3b6fkhpvmwz4GYU3gWAmWHZ,whirlpool,,7956,96725.79057564324
2026-04-01,COINx,Xs7ZdzSHLU9ftNJsii5fCeJhoRWSC32SQGzGQtePxNu,jupiterz,,1796,1301991.6297440236
2026-08-01,CRCLx,XsueG8BtpquVJX9LVLLEGuViXUungE6WmK5YZ3p3bd1,meteora,,17882,183358.81462821673
2026-05-01,NFLXx,XsEH7wWfJJu2ZT3UCFeVfALnVA6CP5ur7Ee11KmzVpL,raydium,,2741,97285.75555228861
2026-06-01,COINx,Xs7ZdzSHLU9ftNJsii5fCeJhoRWSC32SQGzGQtePxNu,jupiterz,,1186,881901.8443347085
2026-01-01,CRCLx,XsueG8BtpquVJX9LVLLEGuViXUungE6WmK5YZ3p3bd1,jupiterz,,501,884388.5903269098
2025-06-01,Mango,XsYsZYnUFdLjBoZor1wZsGQvmNYF6KXHbEZJYQBjr9i,pumpswap,0.0025,301,1773.2030119622189
2025-10-01,CRCLx,XsueG8BtpquVJX9LVLLEGuViXUungE6WmK5YZ3p3bd1,jupiterz,,690,597590.7866508343
2025-11-01,KYLE,XsQ4aGVo5WgfG2SqMDfDox9KHEfCFVzQWnPFp9k5okX,meteora,,135,18573.13791186273
2026-05-01,TSLAx,XsDoVfqeBukxuZHWhdvWHBhgEHjGNst4MLodqsJHzoB,whirlpool,0.01,257,93.91701631118006
2026-08-01,SPCXx,Xs3oZwbHvqis4NYcf4YKWmEia2eC84wSiVrcYcTqpH8,raydium_launchlab,,176,
2026-07-01,MSTRx,XsP7xzNPvEHS1m6qfanPUGjNmdnmsLKEoNAnHjdxxyZ,pancakeswap,,284,3.1958802413499976
2025-06-01,Property,XsMWt6cB2SmN8d6Z9eW8KWP1DHTs68esKh5xfhLxv5Q,pumpswap,0.0025,247,2507.38027244701
2026-07-01,AMBRx,XsaQTCgebC2KPbf27KUhdv5JFvHhQ4GDAPURwrEhAzb,raydium,,129,525.3040498677898
2026-09-01,COINx,Xs7ZdzSHLU9ftNJsii5fCeJhoRWSC32SQGzGQtePxNu,whirlpool,,94068,5250907.548371175
2026-09-01,GOOGLx,XsCPL9dNWBMvFtTmwcCA5v3xWPSMEBCszbQdiLLq6aN,raydium_launchlab,,118413,8109030.9686349295
2026-09-01,VIDAx,XsfCC9VL4DamVGNgdJpfLXB3sBVa158Gbx8sh7NzmTk,jupiterz,,2349,1288901.216013722
2026-05-01,QQQx,Xs8S1uUs1zvS2p7iwtsG3b6fkhpvmwz4GYU3gWAmWHZ,whirlpool,,7705,101337.92437104206
2025-10-01,AMZNx,Xs3eBt7uRfJX8QUs4suhyU8p2M6DoUDrJyWBa8LLZsg,byreal,,755,1240.1656079543088
2026-09-01,MRVLx,XsuxRGDzbLjnJ72v74b7p9VY6N66uYgTCyfwwRjVCJA,jupiterz,,126,45872.45592216325
2026-08-01,UNHx,XszvaiXGPwvk2nwb3o9C1CX4K6zH8sez11E6uyup6fe,whirlpool,,143,34.83247483431001
2026-04-01,GMEx,Xsf9mBktVB9BSU5kf4nHxPq5hCBJ2j2ui3ecFGxPRGc,meteora,,266,
2026-02-01,CRCLx,XsueG8BtpquVJX9LVLLEGuViXUungE6WmK5YZ3p3bd1,meteora,,10410,125264.80185266935
2025-12-01,QQQx,Xs8S1uUs1zvS2p7iwtsG3b6fkhpvmwz4GYU3gWAmWHZ,whirlpool,,7214,387348.62153908185
2025-12-01,WMTx,Xs151QeqTCiuKtinzfRATnUESM2xTU6V9Wy8Vy538ci,whirlpool,,343,746.4881702322142
2026-07-01,Sheeb,Xs5w4NAarEKsSiQKbJEZBMXKXWwpA7a2hAkF7NVpump,pumpdotfun,0.01,483,27326.11581144909
2025-10-01,HOODx,XsvNBAYkrDRNhA7wPHQfX3ZUXZyZLdnCQDfHZ56bzpg,byreal,,112,204.38870008928592
2026-06-01,GLDx,Xsv9hRk1z5ystj9MhnA7Lq4vjSsLwzL2nxrwmwtD3re,whirlpool,,15264,149483.03351347102
2026-07-01,HOODx,XsvNBAYkrDRNhA7wPHQfX3ZUXZyZLdnCQDfHZ56bzpg,meteora,,2154,6313.6748348048595
2026-09-01,KOx,XsaBXg8dU5cPM6ehmVctMkVqoiRG2ZjMo1cyBJ3AykQ,whirlpool,,55986,3420201.3514395594
2026-09-01,SPYx,XsoCS1TfEyfFhfvj8EtZ528L3CaKBDBRqRapnBbDF2W,jupiterz,,4167,7791319.655553877
2026-05-01,GOOGLx,XsCPL9dNWBMvFtTmwcCA5v3xWPSMEBCszbQdiLLq6aN,whirlpool,,13596,24311.468233050884
2025-10-01,WMTx,Xs151QeqTCiuKtinzfRATnUESM2xTU6V9Wy8Vy538ci,raydium,,4614,642.1658353175882
2025-10-01,CRCLx,XsueG8BtpquVJX9LVLLEGuViXUungE6WmK5YZ3p3bd1,pancakeswap,,4411,8780.901500765065
2026-06-01,STAKRR,XscZkQn3cFj1t9Ym4LNtEMrsi6eeeCTCtb6bTPrpump,pumpswap,0.0025,2000,128516.78551635049
2026-01-01,GOOGLx,XsCPL9dNWBMvFtTmwcCA5v3xWPSMEBCszbQdiLLq6aN,byreal,,17765,2352677.82555522
2026-05-01,COINx,Xs7ZdzSHLU9ftNJsii5fCeJhoRWSC32SQGzGQtePxNu,pancakeswap,,1449,1134.9219694569065
2026-09-01,MAx,XsApJFV9MAktqnAc6jqzsHVujxkGm9xcSUffaBoYLKC,raydium,,676,6778.610230646901
2026-06-01,ACNx,Xs5UJzmCRQ8DWZjskExdSQDnbE6iLkRu2jjrRAB1JSU,raydium,,104,136.299328992407
2026-04-01,MCDx,XsqE9cRRpzxcGKDXj1BJ7Xmg4GRhZoyY1KpmGSxAWT2,whirlpool,0.02,144,56.54260278422702
2026-06-01,AMDx,XsXcJ6GZ9kVnjqGsjBnktRcuwMBmvKWh8S93RefZ1rF,whirlpool,,1682,26934.00245838792
2026-07-01,AVGOx,XsgSaSvNSqLTtFuyWPBhK9196Xb9Bbdyjj4fH3cPJGo,raydium,,1197,264854.9184197636
2026-09-01,MCDx,XsqE9cRRpzxcGKDXj1BJ7Xmg4GRhZoyY1KpmGSxAWT2,meteora,,111440,7483755.860270166
2026-07-01,NVDAx,Xsc9qvGR1efVDFGLrVsmkzv3qi45LTBjeUKSPmx9qEh,whirlpool,0.003,254,262.0704515756
2026-04-01,QQQx,Xs8S1uUs1zvS2p7iwtsG3b6fkhpvmwz4GYU3gWAmWHZ,manifest,,1153,69985.75247283826
2025-06-01,CRCLx,XsueG8BtpquVJX9LVLLEGuViXUungE6WmK5YZ3p3bd1,raydium,,429,254376.89664518344
2026-05-01,QQQx,Xs8S1uUs1zvS2p7iwtsG3b6fkhpvmwz4GYU3gWAmWHZ,jupiterz,,4008,6044513.389513829
2025-08-01,AAPLx,XsbEhLAtcf6HdfpFZ5xEMdqW8nfAvcsP5bdudRLJzJp,raydium,,13796,634656.6123567087
2026-01-01,AMZNx,Xs3eBt7uRfJX8QUs4suhyU8p2M6DoUDrJyWBa8LLZsg,jupiterz,,258,164156.88029484107
2025-09-01,GOOGLx,XsCPL9dNWBMvFtTmwcCA5v3xWPSMEBCszbQdiLLq6aN,raydium,,13492,1200520.1903717373
2025-11-01,MSTRx,XsP7xzNPvEHS1m6qfanPUGjNmdnmsLKEoNAnHjdxxyZ,raydium,,55548,6259064.934472615
2026-03-01,MSFTx,XspzcW1PRtgf6Wj92HCiZdjzKCyFekVD8P5Ueh3dRMX,jupiterz,,660,1169981.2989415387
2025-07-01,SPYx,XsoCS1TfEyfFhfvj8EtZ528L3CaKBDBRqRapnBbDF2W,pancakeswap,,3681,25303.89755700089
2026-04-01,CRCLx,XsueG8BtpquVJX9LVLLEGuViXUungE6WmK5YZ3p3bd1,pancakeswap,,439,16.83548056061
2026-07-01,DFDVx,Xs2yquAgsHByNzx68WJC55WHjHBvG9JsMB7CWjTLyPy,whirlpool,,1177,22566.30737519342
2026-07-01,METAx,Xsa62P5mvPszXL1krVUnU5ar38bBSVcWAB6fmPCo5Zu,whirlpool,,3150,150584.4909174215
2026-07-01,METAx,Xsa62P5mvPszXL1krVUnU5ar38bBSVcWAB6fmPCo5Zu,byreal,,4391,348461.32925166254
2026-09-01,COINx,Xs7ZdzSHLU9ftNJsii5fCeJhoRWSC32SQGzGQtePxNu,jupiterz,,5369,3767815.8527688705
2026-04-01,TSLAx,XsDoVfqeBukxuZHWhdvWHBhgEHjGNst4MLodqsJHzoB,meteora,,10105,339325.4563705984
2026-09-01,CVXx,XsNNMt7WTNA2sV3jrb1NNfNgapxRF5i4i6GcnTRRHts,raydium,,197,12239.807435545812
2026-08-01,NVDAx,Xsc9qvGR1efVDFGLrVsmkzv3qi45LTBjeUKSPmx9qEh,whirlpool,,134662,3452111.998387708
2025-08-01,HOODx,XsvNBAYkrDRNhA7wPHQfX3ZUXZyZLdnCQDfHZ56bzpg,meteora,,1394,10107.96945748051
2026-06-01,UNHx,XszvaiXGPwvk2nwb3o9C1CX4K6zH8sez11E6uyup6fe,whirlpool,,282,49.72977353939001
2025-09-01,DFDVx,Xs2yquAgsHByNzx68WJC55WHjHBvG9JsMB7CWjTLyPy,whirlpool,,5598,252458.48466437045
2025-11-01,TSLAx,XsDoVfqeBukxuZHWhdvWHBhgEHjGNst4MLodqsJHzoB,raydium,,172216,35381054.05601833
2026-03-01,KOx,XsaBXg8dU5cPM6ehmVctMkVqoiRG2ZjMo1cyBJ3AykQ,whirlpool,,328,162.52691476082597
2025-12-01,TSLAx,XsDoVfqeBukxuZHWhdvWHBhgEHjGNst4MLodqsJHzoB,byreal,,44020,16276083.063712182
2026-07-01,MCDx,XsqE9cRRpzxcGKDXj1BJ7Xmg4GRhZoyY1KpmGSxAWT2,raydium,,192,15690.33383264334
2026-07-01,MUx,XsQLZycSZ7QnBBdBXQaTbQdiUcbRqjNJgyBGAMzhHav,jupiterz,,157,991543.2448783716
2026-06-01,PGx,XsYdjDjNUygZ7yGKfQaB6TxLh2gC6RRjzLtLAGJrhzV,whirlpool,,194,35.16261762547
2026-07-01,GMEx,Xsf9mBktVB9BSU5kf4nHxPq5hCBJ2j2ui3ecFGxPRGc,whirlpool,,4870,32420.844300681732
2026-09-01,BRK.Bx,Xs6B6zawENwAbWVi7w92rjazLuAr5Az59qgWKcNb45x,manifest,,452,2257.7551894413277
2026-08-01,GLDx,Xsv9hRk1z5ystj9MhnA7Lq4vjSsLwzL2nxrwmwtD3re,meteora,,1561,34160.825750284144
2026-05-01,AAPLx,XsbEhLAtcf6HdfpFZ5xEMdqW8nfAvcsP5bdudRLJzJp,raydium,,6874,726062.7485978088
2025-10-01,TQQQx,XsjQP3iMAaQ3kQScQKthQpx9ALRbjKAjQtHg6TFomoc,whirlpool,,133,225.22288046974995
2026-01-01,GOOGLx,XsCPL9dNWBMvFtTmwcCA5v3xWPSMEBCszbQdiLLq6aN,raydium,,40606,4388166.836773052
2025-08-01,AMZNx,Xs3eBt7uRfJX8QUs4suhyU8p2M6DoUDrJyWBa8LLZsg,meteora,,4352,50373.61406901151
2025-08-01,CRCLx,XsueG8BtpquVJX9LVLLEGuViXUungE6WmK5YZ3p3bd1,byreal,,826,4140.718111657299
2025-12-01,TSLAx,XsDoVfqeBukxuZHWhdvWHBhgEHjGNst4MLodqsJHzoB,meteora,,22364,2317870.6967400024
2026-03-01,GOOGLx,XsCPL9dNWBMvFtTmwcCA5v3xWPSMEBCszbQdiLLq6aN,pancakeswap,,10259,175353.10288882375
2026-04-01,PEPx,Xsv99frTRUeornyvCfvhnDesQDWuvns1M852Pez91vF,raydium,,339,1189.8097423715503
2026-06-01,CVXx,XsNNMt7WTNA2sV3jrb1NNfNgapxRF5i4i6GcnTRRHts,raydium,,128,6834.714275832506
2025-12-01,PEAK,XsAWW44V8eZetsQiXwdWHpbtDDt4ySfrnNagWoopump,pumpdotfun,0.01,190,7447.9602017912985
2026-04-01,MCDx,XsqE9cRRpzxcGKDXj1BJ7Xmg4GRhZoyY1KpmGSxAWT2,jupiterz,,132,101035.38639902102
2026-07-01,TSLAx,XsDoVfqeBukxuZHWhdvWHBhgEHjGNst4MLodqsJHzoB,whirlpool,,86293,6093787.228671405
2026-09-01,BRK.Bx,Xs6B6zawENwAbWVi7w92rjazLuAr5Az59qgWKcNb45x,raydium_launchlab,,30325,1996139.9514213922
2025-10-01,COINx,Xs7ZdzSHLU9ftNJsii5fCeJhoRWSC32SQGzGQtePxNu,whirlpool,,1459,4157.809322350551
2026-02-01,NVDAx,Xsc9qvGR1efVDFGLrVsmkzv3qi45LTBjeUKSPmx9qEh,byreal,,23367,4632331.27047041
2026-02-01,INTCx,XshPgPdXFRWB8tP1j82rebb2Q9rPgGX37RuqzohmArM,whirlpool,,973,3545.048180829299
2026-03-01,INTCx,XshPgPdXFRWB8tP1j82rebb2Q9rPgGX37RuqzohmArM,raydium,,517,8730.579898928434
2026-06-01,JNJx,XsGVi5eo1Dh2zUpic4qACcjuWGjNv8GCt3dm5XcX6Dn,raydium,,123,204.7037287569261
2026-09-01,MSFTx,XspzcW1PRtgf6Wj92HCiZdjzKCyFekVD8P5Ueh3dRMX,manifest,,15841,221288.77413945034
2026-09-01,more,Xs4WAEZqMYbXDLiWMwfnArRvnDtpinPmP9HDLNWuXSX,pumpswap,0.0095,949,31436.800585466364
2026-04-01,HappyHorse,XsZAwTv7YqBjwnpyqwAxFzUvKWohK8uXduVhoT6pump,pumpswap,0.0025,1696,85027.56741453716
2026-08-01,SNDKx,Xswbpc8UqU6e1j9QZEWCjBMjyvz4twqD7PCy6j2e7jj,manifest,,238,1822.1578702149402
2026-04-01,MSTRx,XsP7xzNPvEHS1m6qfanPUGjNmdnmsLKEoNAnHjdxxyZ,pancakeswap,,2881,12071.242991071862
2025-09-01,TSLAx,XsDoVfqeBukxuZHWhdvWHBhgEHjGNst4MLodqsJHzoB,raydium,,61369,25416837.241136752
2025-08-01,QQQx,Xs8S1uUs1zvS2p7iwtsG3b6fkhpvmwz4GYU3gWAmWHZ,meteora,,370,4765.544857049332
2026-04-01,MSTRx,XsP7xzNPvEHS1m6qfanPUGjNmdnmsLKEoNAnHjdxxyZ,jupiterz,,999,1213106.5565930784
2026-01-01,AAPLx,XsbEhLAtcf6HdfpFZ5xEMdqW8nfAvcsP5bdudRLJzJp,whirlpool,,117,37.36556386956101
2026-05-01,AAPLx,XsbEhLAtcf6HdfpFZ5xEMdqW8nfAvcsP5bdudRLJzJp,meteora,,509,4769.136932239274
2026-02-01,WMTx,Xs151QeqTCiuKtinzfRATnUESM2xTU6V9Wy8Vy538ci,raydium,,421,3012.7116392245794
2026-04-01,ORCLx,XsjFwUPiLofddX5cWFHW35GCbXcSu1BCUGfxoQAQjeL,whirlpool,,750,1077.7972340653994
2026-09-01,SPCXx,Xs3oZwbHvqis4NYcf4YKWmEia2eC84wSiVrcYcTqpH8,raydium,,573713,1249.556869188608
2026-09-01,MCDx,XsqE9cRRpzxcGKDXj1BJ7Xmg4GRhZoyY1KpmGSxAWT2,whirlpool,0.02,1168,27199.647591930403
2026-04-01,MSTRx,XsP7xzNPvEHS1m6qfanPUGjNmdnmsLKEoNAnHjdxxyZ,whirlpool,,35393,455205.63503780536
2026-03-01,TSLAx,XsDoVfqeBukxuZHWhdvWHBhgEHjGNst4MLodqsJHzoB,manifest,,8757,346374.87575614033
2026-02-01,GOOGLx,XsCPL9dNWBMvFtTmwcCA5v3xWPSMEBCszbQdiLLq6aN,meteora,,4583,190893.5517335813
2026-02-01,CRCLx,XsueG8BtpquVJX9LVLLEGuViXUungE6WmK5YZ3p3bd1,pancakeswap,,3796,2507.609526229779
2026-02-01,ORCLx,XsjFwUPiLofddX5cWFHW35GCbXcSu1BCUGfxoQAQjeL,raydium,,327,6651.032562377552
2025-06-01,NVDAx,Xsc9qvGR1efVDFGLrVsmkzv3qi45LTBjeUKSPmx9qEh,raydium,,773,348570.1644321647
2026-02-01,😭,XsaLAYvYG65eb6THvzSMtHxPV21cDCJnGqr83e9pump,pumpdotfun,0.01,111,5221.182065102079
2025-09-01,NVDAx,Xsc9qvGR1efVDFGLrVsmkzv3qi45LTBjeUKSPmx9qEh,jupiterz,,126,808945.7440335625
2026-06-01,SPYx,XsoCS1TfEyfFhfvj8EtZ528L3CaKBDBRqRapnBbDF2W,raydium,,571741,575234824.4432483
2026-09-01,OURA,Xsg5wAwmiHVopEZpYynDu352fxFbrT1VyNoyncTpump,pumpswap,0.0025,40791,1369607.3439010151
2026-09-01,QQQx,Xs8S1uUs1zvS2p7iwtsG3b6fkhpvmwz4GYU3gWAmWHZ,meteora,,6695,205267.12923720622
2026-04-01,GOOGLx,XsCPL9dNWBMvFtTmwcCA5v3xWPSMEBCszbQdiLLq6aN,meteora,,2284,34422.41313361492
2026-08-01,COINx,Xs7ZdzSHLU9ftNJsii5fCeJhoRWSC32SQGzGQtePxNu,whirlpool,,33395,522552.6759535108
2026-08-01,INTCx,XshPgPdXFRWB8tP1j82rebb2Q9rPgGX37RuqzohmArM,jupiterz,,665,1032759.0149583408
2026-05-01,QQQx,Xs8S1uUs1zvS2p7iwtsG3b6fkhpvmwz4GYU3gWAmWHZ,pancakeswap,,5518,27673.686908301475
2026-05-01,AAPLx,XsbEhLAtcf6HdfpFZ5xEMdqW8nfAvcsP5bdudRLJzJp,byreal,,10408,775737.8292993804
2025-10-01,ORCLx,XsjFwUPiLofddX5cWFHW35GCbXcSu1BCUGfxoQAQjeL,raydium,,200,4990.893459599893
2026-02-01,QQQx,Xs8S1uUs1zvS2p7iwtsG3b6fkhpvmwz4GYU3gWAmWHZ,raydium,,85267,12200093.28765279
2025-07-01,QQQx,Xs8S1uUs1zvS2p7iwtsG3b6fkhpvmwz4GYU3gWAmWHZ,meteora,,762,4233.820508733163
2026-06-01,MUx,XsQLZycSZ7QnBBdBXQaTbQdiUcbRqjNJgyBGAMzhHav,jupiterz,,119,547553.5620176318
2026-07-01,GOOGLx,XsCPL9dNWBMvFtTmwcCA5v3xWPSMEBCszbQdiLLq6aN,whirlpool,,13511,25442.420030603953
2026-09-01,CRCLx,XsueG8BtpquVJX9LVLLEGuViXUungE6WmK5YZ3p3bd1,whirlpool,,85341,782845.9643281145
2026-07-01,COINx,Xs7ZdzSHLU9ftNJsii5fCeJhoRWSC32SQGzGQtePxNu,byreal,,16746,1138902.961533167
2026-08-01,GOOGLx,XsCPL9dNWBMvFtTmwcCA5v3xWPSMEBCszbQdiLLq6aN,jupiterz,,988,2706087.542927593
2026-08-01,$richness,Xsd5FU213VjdLqiDHowYtaivpBMe3rzYwsUZxtmpump,pumpdotfun,0.01,433,1033.8462381243207
2026-08-01,BRK.Bx,Xs6B6zawENwAbWVi7w92rjazLuAr5Az59qgWKcNb45x,meteora,,1323,2021.684439855801
2025-10-01,KOx,XsaBXg8dU5cPM6ehmVctMkVqoiRG2ZjMo1cyBJ3AykQ,whirlpool,,302,117.68258572962
2025-10-01,HOODx,XsvNBAYkrDRNhA7wPHQfX3ZUXZyZLdnCQDfHZ56bzpg,whirlpool,,122,1458.597947332589
2025-08-01,TSLxPay,Xso4TS9SNBSNQUpixkJ1X3BGuYP9xKzWCYaMkPWhXZn,meteora,,203,828.5208117055801
2025-11-01,HOODx,XsvNBAYkrDRNhA7wPHQfX3ZUXZyZLdnCQDfHZ56bzpg,whirlpool,,1178,2210.9266796481766
2025-11-01,SPYx,XsoCS1TfEyfFhfvj8EtZ528L3CaKBDBRqRapnBbDF2W,byreal,,6355,666728.6493219822
2026-06-01,MRVLx,XsuxRGDzbLjnJ72v74b7p9VY6N66uYgTCyfwwRjVCJA,whirlpool,,756,2545.1228481657495
2026-06-01,QQQx,Xs8S1uUs1zvS2p7iwtsG3b6fkhpvmwz4GYU3gWAmWHZ,jupiterz,,10432,11881747.001031391
2026-09-01,METAx,Xsa62P5mvPszXL1krVUnU5ar38bBSVcWAB6fmPCo5Zu,whirlpool,,124885,7609990.602695393
2025-07-01,SPYx,XsoCS1TfEyfFhfvj8EtZ528L3CaKBDBRqRapnBbDF2W,meteora,,10500,478177.1281134336
2026-04-01,XOMx,XsaHND8sHyfMfsWPj6kSdd5VwvCayZvjYgKmmcNL5qh,raydium,,1736,56121.849597101755
2026-05-01,MSTRx,XsP7xzNPvEHS1m6qfanPUGjNmdnmsLKEoNAnHjdxxyZ,raydium,,126245,29669347.807651643
2025-10-01,METAx,Xsa62P5mvPszXL1krVUnU5ar38bBSVcWAB6fmPCo5Zu,byreal,,1023,1509.0368752993625
2025-08-01,MSTRx,XsP7xzNPvEHS1m6qfanPUGjNmdnmsLKEoNAnHjdxxyZ,whirlpool,,9101,213870.77770057713
2025-12-01,UNHx,XszvaiXGPwvk2nwb3o9C1CX4K6zH8sez11E6uyup6fe,raydium,,2765,24432.276469078286
2025-09-01,BYC,Xsb9mbGMGcMPu3mDehdFrFnU87GkiGJCkN89ZsVdaos,meteora,,136,14525.372276811977
2026-03-01,MSFTx,XspzcW1PRtgf6Wj92HCiZdjzKCyFekVD8P5Ueh3dRMX,raydium,,5176,540715.3012868337
2026-05-01,LLYx,Xsnuv4omNoHozR6EEW5mXkw8Nrny5rB3jVfLqi6gKMH,raydium,,475,16349.301141128917
2026-02-01,SPYx,XsoCS1TfEyfFhfvj8EtZ528L3CaKBDBRqRapnBbDF2W,whirlpool,0.0002,861,5569.0209159608075
2026-09-01,NFLXx,XsEH7wWfJJu2ZT3UCFeVfALnVA6CP5ur7Ee11KmzVpL,whirlpool,,148,21.135903699823995
2026-07-01,ABTx,XsHtf5RpxsQ7jeJ9ivNewouZKJHbPxhPoEy6yYvULr7,raydium,,177,1331.1521376688825
2026-09-01,MSTRx,XsP7xzNPvEHS1m6qfanPUGjNmdnmsLKEoNAnHjdxxyZ,whirlpool,,68945,356676.5187919216
2025-10-01,MSTRx,XsP7xzNPvEHS1m6qfanPUGjNmdnmsLKEoNAnHjdxxyZ,meteora,,7010,156712.15174495158
2026-01-01,NVDAx,Xsc9qvGR1efVDFGLrVsmkzv3qi45LTBjeUKSPmx9qEh,meteora,,7304,405935.03617539216
2026-02-01,GLDx,Xsv9hRk1z5ystj9MhnA7Lq4vjSsLwzL2nxrwmwtD3re,raydium,,62339,3389661.551581416
2026-02-01,TSLAx,XsDoVfqeBukxuZHWhdvWHBhgEHjGNst4MLodqsJHzoB,pancakeswap,,42106,975944.1706197548
2026-02-01,BRK.Bx,Xs6B6zawENwAbWVi7w92rjazLuAr5Az59qgWKcNb45x,raydium,,664,23187.7351274177
2026-09-01,BRK.Bx,Xs6B6zawENwAbWVi7w92rjazLuAr5Az59qgWKcNb45x,raydium,,143699,11754509.945305629
2026-09-01,AAPLx,XsbEhLAtcf6HdfpFZ5xEMdqW8nfAvcsP5bdudRLJzJp,meteora,,32005,1649712.3060265456
2026-04-01,CRCLx,XsueG8BtpquVJX9LVLLEGuViXUungE6WmK5YZ3p3bd1,whirlpool,,53777,1878539.4935079075
2026-04-01,GOOGLx,XsCPL9dNWBMvFtTmwcCA5v3xWPSMEBCszbQdiLLq6aN,raydium,,35160,3455703.799298963
2025-07-01,NVDAx,Xsc9qvGR1efVDFGLrVsmkzv3qi45LTBjeUKSPmx9qEh,raydium,,43812,7504002.779229254
2025-09-01,GOOGLx,XsCPL9dNWBMvFtTmwcCA5v3xWPSMEBCszbQdiLLq6aN,pancakeswap,,6024,140305.54784785426
2025-11-01,GOOGLx,XsCPL9dNWBMvFtTmwcCA5v3xWPSMEBCszbQdiLLq6aN,whirlpool,,11005,682340.7782427056
2026-04-01,Vx,XsqgsbXwWogGJsNcVZ3TyVouy2MbTkfCFhCGGGcQZ2p,raydium,,215,6041.5186600444285
2026-09-01,GOOGLx,XsCPL9dNWBMvFtTmwcCA5v3xWPSMEBCszbQdiLLq6aN,raydium,,315923,21124204.292393077
2026-04-01,TSLAx,XsDoVfqeBukxuZHWhdvWHBhgEHjGNst4MLodqsJHzoB,jupiterz,,1408,4107597.4527105377
2026-08-01,TSLAx,XsDoVfqeBukxuZHWhdvWHBhgEHjGNst4MLodqsJHzoB,pancakeswap,,33370,240590.88374017988
2026-05-01,ORCLx,XsjFwUPiLofddX5cWFHW35GCbXcSu1BCUGfxoQAQjeL,raydium,,1329,55414.77870426143
2025-10-01,SPYx,XsoCS1TfEyfFhfvj8EtZ528L3CaKBDBRqRapnBbDF2W,whirlpool,,102971,5317093.173204179
2026-01-01,SPYx,XsoCS1TfEyfFhfvj8EtZ528L3CaKBDBRqRapnBbDF2W,meteora,,8496,666583.3745477243
2025-12-01,MSTRx,XsP7xzNPvEHS1m6qfanPUGjNmdnmsLKEoNAnHjdxxyZ,raydium,,69584,7566914.244593728
2026-03-01,NVDAx,Xsc9qvGR1efVDFGLrVsmkzv3qi45LTBjeUKSPmx9qEh,manifest,,6405,270529.41206316923
2026-04-01,MCDx,XsqE9cRRpzxcGKDXj1BJ7Xmg4GRhZoyY1KpmGSxAWT2,raydium,,1386,34396.39036019848
2026-09-01,IBMx,XspwhyYPdWVM8XBHZnpS9hgyag9MKjLRyE3tVfmCbSr,meteora,,192,3020.291209532628
2026-09-01,SPCXx,Xs3oZwbHvqis4NYcf4YKWmEia2eC84wSiVrcYcTqpH8,scorch,,119859,23479163.156078868
2026-01-01,AAPLx,XsbEhLAtcf6HdfpFZ5xEMdqW8nfAvcsP5bdudRLJzJp,pancakeswap,,9087,339204.4583672029
2026-01-01,XOMx,XsaHND8sHyfMfsWPj6kSdd5VwvCayZvjYgKmmcNL5qh,raydium,,1251,27550.144606365313
2025-11-01,NVDAx,Xsc9qvGR1efVDFGLrVsmkzv3qi45LTBjeUKSPmx9qEh,jupiterz,,879,2125030.9765030853
2026-04-01,JPMx,XsMAqkcKsUewDrzVkait4e5u4y8REgtyS7jWgCpLV2C,raydium,,106,4604.455739135941
2026-05-01,KOx,XsaBXg8dU5cPM6ehmVctMkVqoiRG2ZjMo1cyBJ3AykQ,whirlpool,,591,193.19134716094297
2026-02-01,MSTRx,XsP7xzNPvEHS1m6qfanPUGjNmdnmsLKEoNAnHjdxxyZ,jupiterz,,337,605215.1230603111
2025-12-01,METAx,Xsa62P5mvPszXL1krVUnU5ar38bBSVcWAB6fmPCo5Zu,whirlpool,,182,1642.6160465294147
2026-01-01,LLYx,Xsnuv4omNoHozR6EEW5mXkw8Nrny5rB3jVfLqi6gKMH,raydium,,224,10839.877635601842
2025-11-01,COINx,Xs7ZdzSHLU9ftNJsii5fCeJhoRWSC32SQGzGQtePxNu,jupiterz,,147,55130.41948866367
2025-12-01,MSFTx,XspzcW1PRtgf6Wj92HCiZdjzKCyFekVD8P5Ueh3dRMX,whirlpool,,140,461.6499902420741
2025-07-01,TSLAx,XsDoVfqeBukxuZHWhdvWHBhgEHjGNst4MLodqsJHzoB,whirlpool,,70579,7017145.641342582
2026-08-01,QQQx,Xs8S1uUs1zvS2p7iwtsG3b6fkhpvmwz4GYU3gWAmWHZ,byreal,,2871,560329.8795792697
2026-08-01,AVGOx,XsgSaSvNSqLTtFuyWPBhK9196Xb9Bbdyjj4fH3cPJGo,raydium,,1450,211101.0446569579
2026-01-01,TSLAx,XsDoVfqeBukxuZHWhdvWHBhgEHjGNst4MLodqsJHzoB,meteora,,16499,1586415.152977116
2025-08-01,SPYx,XsoCS1TfEyfFhfvj8EtZ528L3CaKBDBRqRapnBbDF2W,byreal,,208,1056.6720799565585
2025-11-01,METAx,Xsa62P5mvPszXL1krVUnU5ar38bBSVcWAB6fmPCo5Zu,whirlpool,,440,3778.557121391864
2026-03-01,LINx,XsSr8anD1hkvNMu8XQiVcmiaTP7XGvYu7Q58LdmtE8Z,raydium,,197,321.11486329779206
2026-02-01,CRCLx,XsueG8BtpquVJX9LVLLEGuViXUungE6WmK5YZ3p3bd1,raydium,,127467,27975429.727103498
2025-12-01,GOOGLx,XsCPL9dNWBMvFtTmwcCA5v3xWPSMEBCszbQdiLLq6aN,pancakeswap,,7249,132585.39607510986
2026-06-01,AVGOx,XsgSaSvNSqLTtFuyWPBhK9196Xb9Bbdyjj4fH3cPJGo,raydium,,2946,301273.02276642283
2026-06-01,CRCLx,XsueG8BtpquVJX9LVLLEGuViXUungE6WmK5YZ3p3bd1,jupiterz,,2357,3263824.488164301
2026-07-01,TSLAx,XsDoVfqeBukxuZHWhdvWHBhgEHjGNst4MLodqsJHzoB,alphaq,,7143,2309884.4914707546
2026-09-01,TSMx,XsafvsGtzFqqHgTnA3aPC83EAMkacU5mcGtcSayhpVV,manifest,,517,34739.89411871993
2026-09-01,NVOx,XsfAzPzYrYjd4Dpa9BU3cusBsvWfVB9gBcyGC87S57n,jupiterz,,102,26319.243624922106
2026-04-01,COINx,Xs7ZdzSHLU9ftNJsii5fCeJhoRWSC32SQGzGQtePxNu,byreal,,16797,2093300.4566840224
2025-07-01,TSLAx,XsDoVfqeBukxuZHWhdvWHBhgEHjGNst4MLodqsJHzoB,pancakeswap,,3809,19259.48281915746
2026-08-01,TSLAx,XsDoVfqeBukxuZHWhdvWHBhgEHjGNst4MLodqsJHzoB,whirlpool,,56606,445782.88654790376
2025-12-01,MCDx,XsqE9cRRpzxcGKDXj1BJ7Xmg4GRhZoyY1KpmGSxAWT2,raydium,,2045,12595.550507752145
2025-09-01,TSLAx,XsDoVfqeBukxuZHWhdvWHBhgEHjGNst4MLodqsJHzoB,jupiterz,,855,3634353.6855155677
2026-05-01,Vx,XsqgsbXwWogGJsNcVZ3TyVouy2MbTkfCFhCGGGcQZ2p,raydium,,315,4477.598060591685
2026-05-01,HOODx,XsvNBAYkrDRNhA7wPHQfX3ZUXZyZLdnCQDfHZ56bzpg,jupiterz,,320,607840.9476195241
2026-02-01,GLDx,Xsv9hRk1z5ystj9MhnA7Lq4vjSsLwzL2nxrwmwtD3re,whirlpool,,26192,633361.5881048529
2026-02-01,ACNx,Xs5UJzmCRQ8DWZjskExdSQDnbE6iLkRu2jjrRAB1JSU,whirlpool,,948,2547.108046461078
2026-06-01,QQQx,Xs8S1uUs1zvS2p7iwtsG3b6fkhpvmwz4GYU3gWAmWHZ,byreal,,20228,2971024.664896342
2026-04-01,MSFTx,XspzcW1PRtgf6Wj92HCiZdjzKCyFekVD8P5Ueh3dRMX,raydium,,11812,1232080.1267524716
2026-08-01,CRCLx,XsueG8BtpquVJX9LVLLEGuViXUungE6WmK5YZ3p3bd1,jupiterz,,2924,3177572.551850711
2026-08-01,GOOGLx,XsCPL9dNWBMvFtTmwcCA5v3xWPSMEBCszbQdiLLq6aN,byreal,,12663,1923919.4451324334
2026-08-01,AMZNx,Xs3eBt7uRfJX8QUs4suhyU8p2M6DoUDrJyWBa8LLZsg,raydium,,24505,1996317.1312477516
2026-01-01,AAPLx,XsbEhLAtcf6HdfpFZ5xEMdqW8nfAvcsP5bdudRLJzJp,raydium,,16148,2822188.333299536
2026-04-01,ORCLx,XsjFwUPiLofddX5cWFHW35GCbXcSu1BCUGfxoQAQjeL,raydium,,1297,64690.623831618046
2025-11-01,UNHx,XszvaiXGPwvk2nwb3o9C1CX4K6zH8sez11E6uyup6fe,whirlpool,,456,473.213494365207
2026-03-01,TSLAx,XsDoVfqeBukxuZHWhdvWHBhgEHjGNst4MLodqsJHzoB,byreal,,31009,9431936.521677233
2026-02-01,QQQx,Xs8S1uUs1zvS2p7iwtsG3b6fkhpvmwz4GYU3gWAmWHZ,meteora,,9178,334083.0398321969
2026-09-01,DFDVx,Xs2yquAgsHByNzx68WJC55WHjHBvG9JsMB7CWjTLyPy,meteora,,63961,8804780.08795645
2026-07-01,AAPLx,XsbEhLAtcf6HdfpFZ5xEMdqW8nfAvcsP5bdudRLJzJp,whirlpool,,553,42.912194335444056
2026-04-01,SPYx,XsoCS1TfEyfFhfvj8EtZ528L3CaKBDBRqRapnBbDF2W,byreal,,13655,1985677.4758350053
2026-04-01,NFLXx,XsEH7wWfJJu2ZT3UCFeVfALnVA6CP5ur7Ee11KmzVpL,whirlpool,,253,2.8495843295109986
2025-10-01,NVDAx,Xsc9qvGR1efVDFGLrVsmkzv3qi45LTBjeUKSPmx9qEh,pancakeswap,,23368,399918.8854444943
2025-12-01,AAPLx,XsbEhLAtcf6HdfpFZ5xEMdqW8nfAvcsP5bdudRLJzJp,raydium,,7989,358123.5856281318
2025-09-01,AMBRx,XsaQTCgebC2KPbf27KUhdv5JFvHhQ4GDAPURwrEhAzb,raydium,,1462,88802.94616232338
2026-03-01,CRCLx,XsueG8BtpquVJX9LVLLEGuViXUungE6WmK5YZ3p3bd1,pancakeswap,,1211,123.33426133556975
2026-03-01,KOx,XsaBXg8dU5cPM6ehmVctMkVqoiRG2ZjMo1cyBJ3AykQ,raydium,,676,8789.221570269148
2025-11-01,LLYx,Xsnuv4omNoHozR6EEW5mXkw8Nrny5rB3jVfLqi6gKMH,raydium,,177,11086.891850565435
2025-12-01,TSLAx,XsDoVfqeBukxuZHWhdvWHBhgEHjGNst4MLodqsJHzoB,jupiterz,,1684,4466099.09652496
2026-04-01,GLDx,Xsv9hRk1z5ystj9MhnA7Lq4vjSsLwzL2nxrwmwtD3re,byreal,,180,39.84083463704099
2026-06-01,TSLAx,XsDoVfqeBukxuZHWhdvWHBhgEHjGNst4MLodqsJHzoB,raydium,,237001,42696777.460279174
2026-07-01,TSLAx,XsDoVfqeBukxuZHWhdvWHBhgEHjGNst4MLodqsJHzoB,raydium,,177146,38405969.895979755
2026-07-01,STRCx,Xs78JED6PFZxWc2wCEPspZW9kL3Se5J7L5TChKgsidH,raydium,,8597,1301214.5529168167
2026-09-01,TSLAx,XsDoVfqeBukxuZHWhdvWHBhgEHjGNst4MLodqsJHzoB,whirlpool,0.003,601,3746.1881055165018
2026-07-01,1,XszVwgypoEgzrpt4kFuyCD5tC9HroT3ZxaQ43dZpump,pumpdotfun,0.01,142,10180.3250091617
2026-06-01,EIGHTCLAW,Xs7HJ8Y8CcnogEhfLY7JD9uLpTT5KcEn2NPA85pXLeo,pumpdotfun,0.01,678,25785.231783231964
2026-01-01,COINx,Xs7ZdzSHLU9ftNJsii5fCeJhoRWSC32SQGzGQtePxNu,jupiterz,,770,371589.35877558286
2025-09-01,QQQx,Xs8S1uUs1zvS2p7iwtsG3b6fkhpvmwz4GYU3gWAmWHZ,whirlpool,,4983,87075.85225041903
2026-01-01,AZNx,Xs3ZFkPYT2BN7qBMqf1j1bfTeTm1rFzEFSsQ1z3wAKU,raydium,,114,1852.5484485667434
2026-02-01,COINx,Xs7ZdzSHLU9ftNJsii5fCeJhoRWSC32SQGzGQtePxNu,whirlpool,,12396,97765.17593231527
2026-08-01,PUMP,XsVBVhQNZuxKniZGFCcXKrV3f3xjyvWr6vwvPg2pump,pumpdotfun,0.01,190,748.2517336814899
2026-02-01,TMOx,Xs8drBWy3Sd5QY3aifG9kt9KFs2K3PGZmx7jWrsrk57,whirlpool,,814,2295.5241328318407
2026-01-01,SPYx,XsoCS1TfEyfFhfvj8EtZ528L3CaKBDBRqRapnBbDF2W,whirlpool,0.01,112,114.92830991878996
2026-01-01,HOODx,XsvNBAYkrDRNhA7wPHQfX3ZUXZyZLdnCQDfHZ56bzpg,raydium,,30401,1745311.47916278
2026-01-01,MSTRx,XsP7xzNPvEHS1m6qfanPUGjNmdnmsLKEoNAnHjdxxyZ,pancakeswap,,6976,220891.1274482413
2025-09-01,AAPLx,XsbEhLAtcf6HdfpFZ5xEMdqW8nfAvcsP5bdudRLJzJp,raydium,,15020,646618.884445342
2025-11-01,MSTRx,XsP7xzNPvEHS1m6qfanPUGjNmdnmsLKEoNAnHjdxxyZ,pancakeswap,,15016,521456.6061925761
2026-03-01,AAPLx,XsbEhLAtcf6HdfpFZ5xEMdqW8nfAvcsP5bdudRLJzJp,jupiterz,,1130,886438.1694174393
2026-09-01,SPCXx,Xs3oZwbHvqis4NYcf4YKWmEia2eC84wSiVrcYcTqpH8,whirlpool,0.01,185,
2025-12-01,COINx,Xs7ZdzSHLU9ftNJsii5fCeJhoRWSC32SQGzGQtePxNu,byreal,,10303,495510.52955066785
2026-05-01,AAPLx,XsbEhLAtcf6HdfpFZ5xEMdqW8nfAvcsP5bdudRLJzJp,jupiterz,,209,895087.6396891817
2025-12-01,ORCLx,XsjFwUPiLofddX5cWFHW35GCbXcSu1BCUGfxoQAQjeL,whirlpool,,273,2625.9927726536034
2026-09-01,NFLXx,XsEH7wWfJJu2ZT3UCFeVfALnVA6CP5ur7Ee11KmzVpL,raydium,,8901,409576.1036866946
2026-09-01,ORCLx,XsjFwUPiLofddX5cWFHW35GCbXcSu1BCUGfxoQAQjeL,raydium,,1614,81700.68448859669
2026-04-01,NVDAx,Xsc9qvGR1efVDFGLrVsmkzv3qi45LTBjeUKSPmx9qEh,byreal,,17892,4080142.7053528912
2026-04-01,MSFTx,XspzcW1PRtgf6Wj92HCiZdjzKCyFekVD8P5Ueh3dRMX,whirlpool,,1105,349.5922321755718
2026-05-01,LINx,XsSr8anD1hkvNMu8XQiVcmiaTP7XGvYu7Q58LdmtE8Z,raydium,,1015,2282.7145742029334
2025-10-01,GOOGLx,XsCPL9dNWBMvFtTmwcCA5v3xWPSMEBCszbQdiLLq6aN,meteora,,5068,56693.93238571244
2025-10-01,MSTRx,XsP7xzNPvEHS1m6qfanPUGjNmdnmsLKEoNAnHjdxxyZ,byreal,,11646,554488.2493653828
2026-08-01,HOODx,XsvNBAYkrDRNhA7wPHQfX3ZUXZyZLdnCQDfHZ56bzpg,whirlpool,,1246,38582.0063781712
2025-11-01,MSTRx,XsP7xzNPvEHS1m6qfanPUGjNmdnmsLKEoNAnHjdxxyZ,whirlpool,,2932,26920.935764639056
2025-07-01,AMZNx,Xs3eBt7uRfJX8QUs4suhyU8p2M6DoUDrJyWBa8LLZsg,whirlpool,,3567,64771.104657378324
2025-12-01,AMBRx,XsaQTCgebC2KPbf27KUhdv5JFvHhQ4GDAPURwrEhAzb,raydium,,544,2755.184611797159
2025-11-01,SPYx,XsoCS1TfEyfFhfvj8EtZ528L3CaKBDBRqRapnBbDF2W,jupiterz,,155,296067.9784260842
2026-04-01,STRCx,Xs78JED6PFZxWc2wCEPspZW9kL3Se5J7L5TChKgsidH,jupiterz,,118,202013.48623077103
2026-03-01,WMTx,Xs151QeqTCiuKtinzfRATnUESM2xTU6V9Wy8Vy538ci,raydium,,248,3473.4809272671782
2025-12-01,AMZNx,Xs3eBt7uRfJX8QUs4suhyU8p2M6DoUDrJyWBa8LLZsg,jupiterz,,151,24143.152691664327
2026-07-01,HOODx,XsvNBAYkrDRNhA7wPHQfX3ZUXZyZLdnCQDfHZ56bzpg,raydium,,45165,2726587.1094430923
2026-07-01,SPYx,XsoCS1TfEyfFhfvj8EtZ528L3CaKBDBRqRapnBbDF2W,meteora,,3234,20167.72059358928
2025-07-01,SPYx,XsoCS1TfEyfFhfvj8EtZ528L3CaKBDBRqRapnBbDF2W,raydium,,74876,16386058.291127156
2026-05-01,MSFTx,XspzcW1PRtgf6Wj92HCiZdjzKCyFekVD8P5Ueh3dRMX,raydium,,17955,1568985.9089253477
2026-05-01,CRCLx,XsueG8BtpquVJX9LVLLEGuViXUungE6WmK5YZ3p3bd1,pancakeswap,,626,21.30338469854
2026-05-01,SPARK,XsbVWL7UwFMbSdEGDtjmbhbuZzdYCsXjKWBCvgHpump,meteora,,1945,33668.066421821844
2025-12-01,METAx,Xsa62P5mvPszXL1krVUnU5ar38bBSVcWAB6fmPCo5Zu,raydium,,4103,443596.91936946707
2025-08-01,TSLAx,XsDoVfqeBukxuZHWhdvWHBhgEHjGNst4MLodqsJHzoB,jupiterz,,402,828089.190681312
2025-09-01,TSLAx,XsDoVfqeBukxuZHWhdvWHBhgEHjGNst4MLodqsJHzoB,meteora,,30154,4847139.974808725
2025-09-01,MSTRx,XsP7xzNPvEHS1m6qfanPUGjNmdnmsLKEoNAnHjdxxyZ,raydium,,26193,4893606.166299488
2026-03-01,MSTRx,XsP7xzNPvEHS1m6qfanPUGjNmdnmsLKEoNAnHjdxxyZ,meteora,,4834,27734.451356991533
2026-05-01,PEPx,Xsv99frTRUeornyvCfvhnDesQDWuvns1M852Pez91vF,whirlpool,,239,27.81014634083499
2026-04-01,WMTx,Xs151QeqTCiuKtinzfRATnUESM2xTU6V9Wy8Vy538ci,raydium,,634,1053.7405544949297
2026-07-01,MSTRx,XsP7xzNPvEHS1m6qfanPUGjNmdnmsLKEoNAnHjdxxyZ,whirlpool,,25249,52229.74575604119
2026-09-01,QQQx,Xs8S1uUs1zvS2p7iwtsG3b6fkhpvmwz4GYU3gWAmWHZ,raydium,,706074,46466789.48150566
2026-04-01,AMZNx,Xs3eBt7uRfJX8QUs4suhyU8p2M6DoUDrJyWBa8LLZsg,byreal,,10359,903145.4568437013
2025-09-01,AMZNx,Xs3eBt7uRfJX8QUs4suhyU8p2M6DoUDrJyWBa8LLZsg,meteora,,3280,55082.982313388755
2025-12-01,LOL,XsGRqGceGuCs1xSAcfbsTKiGX3rSzP98DbtfCvGmQ5w,meteora,,110,6684.334232344011
2025-09-01,MCDx,XsqE9cRRpzxcGKDXj1BJ7Xmg4GRhZoyY1KpmGSxAWT2,raydium,,490,10830.280603100657
2026-06-01,HOODx,XsvNBAYkrDRNhA7wPHQfX3ZUXZyZLdnCQDfHZ56bzpg,whirlpool,,1708,1954.045563915354
2026-06-01,TSLAx,XsDoVfqeBukxuZHWhdvWHBhgEHjGNst4MLodqsJHzoB,alphaq,,924,240622.561789943
2026-07-01,GMEx,Xsf9mBktVB9BSU5kf4nHxPq5hCBJ2j2ui3ecFGxPRGc,raydium,,4442,15645.522986389218
2026-09-01,WMTx,Xs151QeqTCiuKtinzfRATnUESM2xTU6V9Wy8Vy538ci,raydium,,8463,542058.6825178909
2026-09-01,SPYx,XsoCS1TfEyfFhfvj8EtZ528L3CaKBDBRqRapnBbDF2W,byreal,,195552,27107668.72933979
2026-09-01,NVDAx,Xsc9qvGR1efVDFGLrVsmkzv3qi45LTBjeUKSPmx9qEh,byreal,,9287,1736295.0010981476
2026-09-01,more,Xs4WAEZqMYbXDLiWMwfnArRvnDtpinPmP9HDLNWuXSX,pumpswap,0.0025,1602,74382.41958808528
2026-04-01,QQQx,Xs8S1uUs1zvS2p7iwtsG3b6fkhpvmwz4GYU3gWAmWHZ,raydium,,68420,12779637.203149324
2026-05-01,CRCLx,XsueG8BtpquVJX9LVLLEGuViXUungE6WmK5YZ3p3bd1,whirlpool,,94002,1848436.5594035974
2026-06-01,PGx,XsYdjDjNUygZ7yGKfQaB6TxLh2gC6RRjzLtLAGJrhzV,raydium,,290,4887.628022000838
2025-12-01,GOOGLx,XsCPL9dNWBMvFtTmwcCA5v3xWPSMEBCszbQdiLLq6aN,whirlpool,,4109,53490.145738608866
2025-07-01,HOODx,XsvNBAYkrDRNhA7wPHQfX3ZUXZyZLdnCQDfHZ56bzpg,whirlpool,,1234,51987.93421434717
2026-02-01,HOODx,XsvNBAYkrDRNhA7wPHQfX3ZUXZyZLdnCQDfHZ56bzpg,byreal,,11565,605092.3575486253
2025-07-01,xStockDAY,XsfLXezBHc6RDbPeC5jSftr6qr8EVsizwdG23v6MDbC,raydium,,150,301.0532076086199
2026-07-01,GLDx,Xsv9hRk1z5ystj9MhnA7Lq4vjSsLwzL2nxrwmwtD3re,meteora,,1427,55194.81222513788
2026-07-01,SPCXx,Xs3oZwbHvqis4NYcf4YKWmEia2eC84wSiVrcYcTqpH8,whirlpool,,33136,357678.56259061245
2026-06-01,SPCXx,Xs3oZwbHvqis4NYcf4YKWmEia2eC84wSiVrcYcTqpH8,manifest,,403,49939.91624019553
2025-08-01,GOOGLx,XsCPL9dNWBMvFtTmwcCA5v3xWPSMEBCszbQdiLLq6aN,raydium,,23436,1305948.863120767
2026-03-01,AMZNx,Xs3eBt7uRfJX8QUs4suhyU8p2M6DoUDrJyWBa8LLZsg,byreal,,8829,999252.2175830719
2025-09-01,SCUM,XsNscCtcDJCQV1CE2SxGtjHTPPPZi3VAQHjCz2A3ako,meteora,,320,93975.50907321174
2026-02-01,NVDAx,Xsc9qvGR1efVDFGLrVsmkzv3qi45LTBjeUKSPmx9qEh,pancakeswap,,29228,563421.5719799108
2026-07-01,COINx,Xs7ZdzSHLU9ftNJsii5fCeJhoRWSC32SQGzGQtePxNu,meteora,,399,117.52907433223
2026-02-01,solo,Xs33ojVazWsuw8pPyScViZiT4Qr4Y3Zk21BBfaWpump,pumpdotfun,0.01,319,13176.618316445773
2026-09-01,GMEx,Xsf9mBktVB9BSU5kf4nHxPq5hCBJ2j2ui3ecFGxPRGc,whirlpool,0.003,4096,7917.448672963304
2026-09-01,HOODx,XsvNBAYkrDRNhA7wPHQfX3ZUXZyZLdnCQDfHZ56bzpg,jupiterz,,6525,4673657.192822228
2026-09-01,TSMx,XsafvsGtzFqqHgTnA3aPC83EAMkacU5mcGtcSayhpVV,whirlpool,,653,29036.734707766027
2026-04-01,PLTRx,XsoBhf2ufR8fTyNSjqfU71DYGaE6Z3SUGAidpzriAA4,raydium,,861,141344.68267311755
2026-05-01,TSLAx,XsDoVfqeBukxuZHWhdvWHBhgEHjGNst4MLodqsJHzoB,byreal,,43034,8956979.694020826
2025-08-01,QQQx,Xs8S1uUs1zvS2p7iwtsG3b6fkhpvmwz4GYU3gWAmWHZ,raydium,,21178,3058902.3404828245
2026-01-01,UNHx,XszvaiXGPwvk2nwb3o9C1CX4K6zH8sez11E6uyup6fe,whirlpool,,333,583.8296524459279
2025-08-01,AMBRx,XsaQTCgebC2KPbf27KUhdv5JFvHhQ4GDAPURwrEhAzb,raydium,,384,56725.01007979465
2025-12-01,LLYx,Xsnuv4omNoHozR6EEW5mXkw8Nrny5rB3jVfLqi6gKMH,raydium,,173,7536.99787037493
2025-07-01,AxSR,XsDNfedMCSZqV4UurAQ3ta5MA8pYQbhU1CswBEWXnUp,raydium,,158,741.8498524810894
2025-07-01,CRCLxPay,XsnbBHShx5YtdFdzAuLvyQDJoXh3cammQRzTBbb9AxB,raydium,,101,803.1265601121703
2026-09-01,METAx,Xsa62P5mvPszXL1krVUnU5ar38bBSVcWAB6fmPCo5Zu,byreal,,7247,478414.7094450705
2026-07-01,STRCx,Xs78JED6PFZxWc2wCEPspZW9kL3Se5J7L5TChKgsidH,byreal,,3195,1130294.1149734983
2026-05-01,GMEx,Xsf9mBktVB9BSU5kf4nHxPq5hCBJ2j2ui3ecFGxPRGc,raydium,,910,3494.3720534603476
2025-10-01,TSLAx,XsDoVfqeBukxuZHWhdvWHBhgEHjGNst4MLodqsJHzoB,meteora,,37835,7777249.516352131
2026-01-01,GOOGLx,XsCPL9dNWBMvFtTmwcCA5v3xWPSMEBCszbQdiLLq6aN,meteora,,4501,216784.27401720098
2026-05-01,AVGOx,XsgSaSvNSqLTtFuyWPBhK9196Xb9Bbdyjj4fH3cPJGo,raydium,,689,81407.42788733977
2025-11-01,COINx,Xs7ZdzSHLU9ftNJsii5fCeJhoRWSC32SQGzGQtePxNu,raydium,,33213,451743.5284088688
2026-04-01,INTCx,XshPgPdXFRWB8tP1j82rebb2Q9rPgGX37RuqzohmArM,raydium,,380,5535.73089447481
2026-09-01,TQQQx,XsjQP3iMAaQ3kQScQKthQpx9ALRbjKAjQtHg6TFomoc,jupiterz,,183,104932.10126475804
2026-06-01,CRCLx,XsueG8BtpquVJX9LVLLEGuViXUungE6WmK5YZ3p3bd1,whirlpool,,84916,730902.0764495645
2026-09-01,GMEx,Xsf9mBktVB9BSU5kf4nHxPq5hCBJ2j2ui3ecFGxPRGc,raydium,,289543,23752705.356106143
2026-09-01,AMZNx,Xs3eBt7uRfJX8QUs4suhyU8p2M6DoUDrJyWBa8LLZsg,raydium,,197670,14325815.121921148
2026-09-01,SPCXx,Xs3oZwbHvqis4NYcf4YKWmEia2eC84wSiVrcYcTqpH8,manifest,,71162,3340399.3994715293
2026-08-01,CRCLx,XsueG8BtpquVJX9LVLLEGuViXUungE6WmK5YZ3p3bd1,pancakeswap,,38789,238251.40004280457
2026-01-01,SPYx,XsoCS1TfEyfFhfvj8EtZ528L3CaKBDBRqRapnBbDF2W,pancakeswap,,19152,422583.104447909
2025-08-01,CRCLx,XsueG8BtpquVJX9LVLLEGuViXUungE6WmK5YZ3p3bd1,meteora,,7656,103398.12908843972
2025-11-01,AAPLx,XsbEhLAtcf6HdfpFZ5xEMdqW8nfAvcsP5bdudRLJzJp,byreal,,5383,239033.39617096682
2026-03-01,HOODx,XsvNBAYkrDRNhA7wPHQfX3ZUXZyZLdnCQDfHZ56bzpg,pancakeswap,,3002,24682.31399302741
2026-09-01,NFLXx,XsEH7wWfJJu2ZT3UCFeVfALnVA6CP5ur7Ee11KmzVpL,whirlpool,0.0008,326,2910.8933342135915
2026-04-01,MSFTx,XspzcW1PRtgf6Wj92HCiZdjzKCyFekVD8P5Ueh3dRMX,jupiterz,,712,681418.4628345517
2026-02-01,SPYx,XsoCS1TfEyfFhfvj8EtZ528L3CaKBDBRqRapnBbDF2W,meteora,,8200,420610.5421999834
2025-07-01,AMBRx,XsaQTCgebC2KPbf27KUhdv5JFvHhQ4GDAPURwrEhAzb,raydium,,751,89453.88982205439
2025-07-01,SxSR,Xs7pAVAQ1tYrgcx6PDnEryuSdYP6YZyiLo2phz14RaX,raydium,,129,373.12581537658997
2025-07-01,DFDVx,Xs2yquAgsHByNzx68WJC55WHjHBvG9JsMB7CWjTLyPy,meteora,,413,3052.5306775832014
2026-06-01,SPCXx,Xs3oZwbHvqis4NYcf4YKWmEia2eC84wSiVrcYcTqpH8,jupiterz,,2970,4437155.502456906
2025-10-01,Arena,XsLraTj2sC7FthWFFjoczv5uo6U4T9PrgcBY24YUe61,meteora,,1245,142080.64772005766
2026-01-01,QQQx,Xs8S1uUs1zvS2p7iwtsG3b6fkhpvmwz4GYU3gWAmWHZ,meteora,,7970,529985.547808704
2026-01-01,COINx,Xs7ZdzSHLU9ftNJsii5fCeJhoRWSC32SQGzGQtePxNu,pancakeswap,,4966,132444.62966761796
2025-11-01,QQQx,Xs8S1uUs1zvS2p7iwtsG3b6fkhpvmwz4GYU3gWAmWHZ,jupiterz,,633,612732.604404091
2026-07-01,TQQQx,XsjQP3iMAaQ3kQScQKthQpx9ALRbjKAjQtHg6TFomoc,raydium,,320,3823.539892707172
2025-12-01,AMZNx,Xs3eBt7uRfJX8QUs4suhyU8p2M6DoUDrJyWBa8LLZsg,whirlpool,,318,1304.667981734595
2025-08-01,MCDx,XsqE9cRRpzxcGKDXj1BJ7Xmg4GRhZoyY1KpmGSxAWT2,byreal,,100,1023.2352789624364
2025-12-01,GMEx,Xsf9mBktVB9BSU5kf4nHxPq5hCBJ2j2ui3ecFGxPRGc,whirlpool,,131,
2026-06-01,CRCLx,XsueG8BtpquVJX9LVLLEGuViXUungE6WmK5YZ3p3bd1,pancakeswap,,4210,7605.668240957707
2026-09-01,SPCXx,Xs3oZwbHvqis4NYcf4YKWmEia2eC84wSiVrcYcTqpH8,raydium_launchlab,,530929,
2026-09-01,KOx,XsaBXg8dU5cPM6ehmVctMkVqoiRG2ZjMo1cyBJ3AykQ,whirlpool,0.0008,29673,1735499.3352646253
2026-09-01,KOx,XsaBXg8dU5cPM6ehmVctMkVqoiRG2ZjMo1cyBJ3AykQ,meteora,,8518,526946.3351013007
2025-11-01,QQQx,Xs8S1uUs1zvS2p7iwtsG3b6fkhpvmwz4GYU3gWAmWHZ,meteora,,3448,83284.3281621727
2025-11-01,GOOGLx,XsCPL9dNWBMvFtTmwcCA5v3xWPSMEBCszbQdiLLq6aN,jupiterz,,436,1485858.0432112098
2026-03-01,STRCx,Xs78JED6PFZxWc2wCEPspZW9kL3Se5J7L5TChKgsidH,raydium,,339,24079.178973309205
2025-12-01,JNJx,XsGVi5eo1Dh2zUpic4qACcjuWGjNv8GCt3dm5XcX6Dn,raydium,,211,634.1896592996399
2026-02-01,UNHx,XszvaiXGPwvk2nwb3o9C1CX4K6zH8sez11E6uyup6fe,whirlpool,,135,16.696109539361004
2026-06-01,PLTRx,XsoBhf2ufR8fTyNSjqfU71DYGaE6Z3SUGAidpzriAA4,raydium,,1457,442921.622826258
2026-06-01,HOODx,XsvNBAYkrDRNhA7wPHQfX3ZUXZyZLdnCQDfHZ56bzpg,jupiterz,,1037,1178048.6875519564
2026-09-01,GLDx,Xsv9hRk1z5ystj9MhnA7Lq4vjSsLwzL2nxrwmwtD3re,raydium,,1055016,118717689.35924627
2026-08-01,AMZNx,Xs3eBt7uRfJX8QUs4suhyU8p2M6DoUDrJyWBa8LLZsg,byreal,,3885,150907.100255976
2025-10-01,AAPLx,XsbEhLAtcf6HdfpFZ5xEMdqW8nfAvcsP5bdudRLJzJp,raydium,,23876,1798925.992221707
2025-10-01,AMZNx,Xs3eBt7uRfJX8QUs4suhyU8p2M6DoUDrJyWBa8LLZsg,meteora,,5973,70902.93963496268
2025-09-01,SPYx,XsoCS1TfEyfFhfvj8EtZ528L3CaKBDBRqRapnBbDF2W,pancakeswap,,37494,1322983.7960254273
2026-03-01,CMCSAx,XsvKCaNsxg2GN8jjUmq71qukMJr7Q1c5R2Mk9P8kcS8,whirlpool,,244,656.364511100911
2025-12-01,GOOGLx,XsCPL9dNWBMvFtTmwcCA5v3xWPSMEBCszbQdiLLq6aN,jupiterz,,1122,1004882.8647164453
2026-08-01,AVGOx,XsgSaSvNSqLTtFuyWPBhK9196Xb9Bbdyjj4fH3cPJGo,jupiterz,,105,117562.84549786834
2026-06-01,GOOGLx,XsCPL9dNWBMvFtTmwcCA5v3xWPSMEBCszbQdiLLq6aN,raydium,,51724,4149494.3258590093
2026-09-01,HOODx,XsvNBAYkrDRNhA7wPHQfX3ZUXZyZLdnCQDfHZ56bzpg,raydium_launchlab,,53958,3963444.7226724993
2026-04-01,AMZNx,Xs3eBt7uRfJX8QUs4suhyU8p2M6DoUDrJyWBa8LLZsg,raydium,,21027,2528582.052766806
2026-04-01,GOOGLx,XsCPL9dNWBMvFtTmwcCA5v3xWPSMEBCszbQdiLLq6aN,byreal,,16218,2654938.429114452
2026-08-01,SPCXx,Xs3oZwbHvqis4NYcf4YKWmEia2eC84wSiVrcYcTqpH8,meteora,,13640,206281.13017992792
2025-08-01,NVDAx,Xsc9qvGR1efVDFGLrVsmkzv3qi45LTBjeUKSPmx9qEh,raydium,,41665,5878736.917916717
2025-08-01,CRCLx,XsueG8BtpquVJX9LVLLEGuViXUungE6WmK5YZ3p3bd1,jupiterz,,235,374337.26683745126
2025-09-01,SPYx,XsoCS1TfEyfFhfvj8EtZ528L3CaKBDBRqRapnBbDF2W,whirlpool,,70655,4016792.8283839463
2025-09-01,MSTRx,XsP7xzNPvEHS1m6qfanPUGjNmdnmsLKEoNAnHjdxxyZ,byreal,,1342,21027.344554361847
2025-11-01,NVDAx,Xsc9qvGR1efVDFGLrVsmkzv3qi45LTBjeUKSPmx9qEh,whirlpool,,64203,2184298.5385531313
2026-03-01,ship,Xsr5NXzGbieUEDBW5KapnBmXHMRYyiPT5JtL59ipump,pumpdotfun,0.01,332,10756.166225686049
2026-05-01,DFDVx,Xs2yquAgsHByNzx68WJC55WHjHBvG9JsMB7CWjTLyPy,whirlpool,,1677,77627.9876694182
2026-05-01,VTIx,XsssYEQjzxBCFgvYFFNuhJFBeHNdLWYeUSP8F45cDr9,meteora,,178,1102.8628679087324
2026-06-01,AAPLx,XsbEhLAtcf6HdfpFZ5xEMdqW8nfAvcsP5bdudRLJzJp,meteora,,1543,9055.866385873867
2026-09-01,PLTRx,XsoBhf2ufR8fTyNSjqfU71DYGaE6Z3SUGAidpzriAA4,whirlpool,0.003,2884,2737.297534835997
2025-07-01,QQQx,Xs8S1uUs1zvS2p7iwtsG3b6fkhpvmwz4GYU3gWAmWHZ,raydium,,16182,1338517.7384156832
2026-08-01,MSFTx,XspzcW1PRtgf6Wj92HCiZdjzKCyFekVD8P5Ueh3dRMX,raydium,,28263,2200720.9489741684
2025-10-01,UNHx,XszvaiXGPwvk2nwb3o9C1CX4K6zH8sez11E6uyup6fe,raydium,,448,6444.94356293171
2025-11-01,SPYx,XsoCS1TfEyfFhfvj8EtZ528L3CaKBDBRqRapnBbDF2W,whirlpool,,89713,3537943.4910612474
2025-10-01,AMBRx,XsaQTCgebC2KPbf27KUhdv5JFvHhQ4GDAPURwrEhAzb,whirlpool,,405,716.7952369976123
2026-08-01,Vx,XsqgsbXwWogGJsNcVZ3TyVouy2MbTkfCFhCGGGcQZ2p,raydium,,185,4019.846174252276
2026-08-01,CRCLx,XsueG8BtpquVJX9LVLLEGuViXUungE6WmK5YZ3p3bd1,whirlpool,,58072,337522.4094750084
2025-10-01,SPYx,XsoCS1TfEyfFhfvj8EtZ528L3CaKBDBRqRapnBbDF2W,jupiterz,,151,565894.1137584363
2025-09-01,NVDAx,Xsc9qvGR1efVDFGLrVsmkzv3qi45LTBjeUKSPmx9qEh,whirlpool,,46123,1421261.10178265
2025-09-01,COINx,Xs7ZdzSHLU9ftNJsii5fCeJhoRWSC32SQGzGQtePxNu,raydium,,1458,277070.9783120433
2026-02-01,METAx,Xsa62P5mvPszXL1krVUnU5ar38bBSVcWAB6fmPCo5Zu,whirlpool,,372,3008.4752272650653
2025-12-01,MSTRx,XsP7xzNPvEHS1m6qfanPUGjNmdnmsLKEoNAnHjdxxyZ,byreal,,12294,836114.996039128
2026-02-01,CVXx,XsNNMt7WTNA2sV3jrb1NNfNgapxRF5i4i6GcnTRRHts,raydium,,122,1592.561604932229
2026-07-01,AAPLx,XsbEhLAtcf6HdfpFZ5xEMdqW8nfAvcsP5bdudRLJzJp,jupiterz,,529,777349.3087695098
2025-12-01,METAx,Xsa62P5mvPszXL1krVUnU5ar38bBSVcWAB6fmPCo5Zu,jupiterz,,196,174892.68654520903
2026-06-01,TQQQx,XsjQP3iMAaQ3kQScQKthQpx9ALRbjKAjQtHg6TFomoc,whirlpool,,736,10014.1401066286
2026-09-01,CRCLx,XsueG8BtpquVJX9LVLLEGuViXUungE6WmK5YZ3p3bd1,jupiterz,,5733,8199371.140712987
2026-08-01,SPYx,XsoCS1TfEyfFhfvj8EtZ528L3CaKBDBRqRapnBbDF2W,byreal,,30178,6257935.912621394
2026-08-01,HOODx,XsvNBAYkrDRNhA7wPHQfX3ZUXZyZLdnCQDfHZ56bzpg,jupiterz,,420,414125.86713579786
2026-05-01,STRCx,Xs78JED6PFZxWc2wCEPspZW9kL3Se5J7L5TChKgsidH,raydium,,9627,5407606.145101264
2026-01-01,NVDAx,Xsc9qvGR1efVDFGLrVsmkzv3qi45LTBjeUKSPmx9qEh,whirlpool,,51423,3542184.680967949
2025-08-01,METAx,Xsa62P5mvPszXL1krVUnU5ar38bBSVcWAB6fmPCo5Zu,byreal,,111,440.16117438758795
2025-09-01,GOOGLx,XsCPL9dNWBMvFtTmwcCA5v3xWPSMEBCszbQdiLLq6aN,jupiterz,,237,770582.6454365696
2025-09-01,AMZNx,Xs3eBt7uRfJX8QUs4suhyU8p2M6DoUDrJyWBa8LLZsg,whirlpool,,906,6494.43338242909
2026-01-01,TMOx,Xs8drBWy3Sd5QY3aifG9kt9KFs2K3PGZmx7jWrsrk57,whirlpool,,152,694.1894587460896
2026-06-01,WMTx,Xs151QeqTCiuKtinzfRATnUESM2xTU6V9Wy8Vy538ci,raydium,,200,3018.4502934838024
2026-02-01,AMZNx,Xs3eBt7uRfJX8QUs4suhyU8p2M6DoUDrJyWBa8LLZsg,meteora,,1382,3980.911550179082
2026-03-01,XOMx,XsaHND8sHyfMfsWPj6kSdd5VwvCayZvjYgKmmcNL5qh,whirlpool,,745,5630.2556764683695
2026-04-01,SPYx,XsoCS1TfEyfFhfvj8EtZ528L3CaKBDBRqRapnBbDF2W,raydium,,78240,15256096.980888708
2026-08-01,GOOGLx,XsCPL9dNWBMvFtTmwcCA5v3xWPSMEBCszbQdiLLq6aN,raydium,,67811,1744235.1399282918
2026-08-01,GLDx,Xsv9hRk1z5ystj9MhnA7Lq4vjSsLwzL2nxrwmwtD3re,byreal,,675,111.55478617267698
2025-08-01,AMZNx,Xs3eBt7uRfJX8QUs4suhyU8p2M6DoUDrJyWBa8LLZsg,whirlpool,,1666,10059.065817642915
2026-01-01,KOx,XsaBXg8dU5cPM6ehmVctMkVqoiRG2ZjMo1cyBJ3AykQ,raydium,,420,4225.575808486423
2025-09-01,GOTH,XspSTmujxiVCp1L9tQhyqmZLtKqYXJTL2VAFVbhdaos,meteora,,5264,531553.1011312157
2025-11-01,COINx,Xs7ZdzSHLU9ftNJsii5fCeJhoRWSC32SQGzGQtePxNu,whirlpool,,732,636.6290596609191
2026-03-01,NVDAx,Xsc9qvGR1efVDFGLrVsmkzv3qi45LTBjeUKSPmx9qEh,meteora,,9176,151142.99190169442
2026-03-01,AAPLx,XsbEhLAtcf6HdfpFZ5xEMdqW8nfAvcsP5bdudRLJzJp,whirlpool,,931,216.96158756604902
2026-07-01,CRCLx,XsueG8BtpquVJX9LVLLEGuViXUungE6WmK5YZ3p3bd1,alphaq,,14433,2274497.312412265
2026-09-01,PGx,XsYdjDjNUygZ7yGKfQaB6TxLh2gC6RRjzLtLAGJrhzV,raydium,,213,6303.186193330393
2026-05-01,TSLAx,XsDoVfqeBukxuZHWhdvWHBhgEHjGNst4MLodqsJHzoB,raydium,,181511,35848878.69153013
2026-05-01,GOOGLx,XsCPL9dNWBMvFtTmwcCA5v3xWPSMEBCszbQdiLLq6aN,byreal,,19063,2936049.2216418614
2025-10-01,GOOGLx,XsCPL9dNWBMvFtTmwcCA5v3xWPSMEBCszbQdiLLq6aN,whirlpool,,14522,834712.9627301474
2025-09-01,GLDx,Xsv9hRk1z5ystj9MhnA7Lq4vjSsLwzL2nxrwmwtD3re,whirlpool,,4615,348873.90901975194
2025-11-01,SPYx,XsoCS1TfEyfFhfvj8EtZ528L3CaKBDBRqRapnBbDF2W,pancakeswap,,50737,1494194.8906023223
2026-03-01,AAPLx,XsbEhLAtcf6HdfpFZ5xEMdqW8nfAvcsP5bdudRLJzJp,pancakeswap,,11088,63049.95748608733
2026-02-01,HoodWhale,XsadsDvTntgkW78DvQFgg9bN4muXJ3988FyUS8xpump,pumpdotfun,0.01,152,4015.619996509209
2026-02-01,COINx,Xs7ZdzSHLU9ftNJsii5fCeJhoRWSC32SQGzGQtePxNu,jupiterz,,209,223331.88748120627
2025-07-01,TSLAx,XsDoVfqeBukxuZHWhdvWHBhgEHjGNst4MLodqsJHzoB,jupiterz,,126,260858.08572418167
2025-12-01,PGx,XsYdjDjNUygZ7yGKfQaB6TxLh2gC6RRjzLtLAGJrhzV,whirlpool,,521,267.28775099989025
2026-02-01,AZNx,Xs3ZFkPYT2BN7qBMqf1j1bfTeTm1rFzEFSsQ1z3wAKU,raydium,,261,6223.2372655356285
2026-06-01,MSTRx,XsP7xzNPvEHS1m6qfanPUGjNmdnmsLKEoNAnHjdxxyZ,meteora,,9872,74551.37778589493
2026-06-01,AMZNx,Xs3eBt7uRfJX8QUs4suhyU8p2M6DoUDrJyWBa8LLZsg,byreal,,10299,272849.75307858613
2026-07-01,MSTRx,XsP7xzNPvEHS1m6qfanPUGjNmdnmsLKEoNAnHjdxxyZ,meteora,,6651,110294.22004257645
2026-09-01,SPYx,XsoCS1TfEyfFhfvj8EtZ528L3CaKBDBRqRapnBbDF2W,alphaq,,102822,11348940.806646593
2026-09-01,TSLAx,XsDoVfqeBukxuZHWhdvWHBhgEHjGNst4MLodqsJHzoB,pancakeswap,,44445,477280.8766067952
2026-08-01,TSMx,XsafvsGtzFqqHgTnA3aPC83EAMkacU5mcGtcSayhpVV,manifest,,1906,1534.240496106531
2025-06-01,RILEY,XsrsGQKBAu6w3KogUH9Vw6awMB7miWmWbNAgjd1pump,pumpswap,0.0025,327,12502.264067149414
2026-02-01,MSTRx,XsP7xzNPvEHS1m6qfanPUGjNmdnmsLKEoNAnHjdxxyZ,pancakeswap,,9180,81402.13568241165
2026-02-01,LLYx,Xsnuv4omNoHozR6EEW5mXkw8Nrny5rB3jVfLqi6gKMH,raydium,,153,10090.557057154168
2026-03-01,AVGOx,XsgSaSvNSqLTtFuyWPBhK9196Xb9Bbdyjj4fH3cPJGo,raydium,,149,1066.522262750886
2026-07-01,SPCXx,Xs3oZwbHvqis4NYcf4YKWmEia2eC84wSiVrcYcTqpH8,jupiterz,,900,1821768.4810138852
2026-06-01,NFLXx,XsEH7wWfJJu2ZT3UCFeVfALnVA6CP5ur7Ee11KmzVpL,raydium,,1420,35780.34343285847
2026-07-01,CRCLx,XsueG8BtpquVJX9LVLLEGuViXUungE6WmK5YZ3p3bd1,raydium,,319537,80033391.83656779
2026-09-01,GOOGLx,XsCPL9dNWBMvFtTmwcCA5v3xWPSMEBCszbQdiLLq6aN,whirlpool,0.003,1171,616.8756378269999
2026-08-01,ORCLx,XsjFwUPiLofddX5cWFHW35GCbXcSu1BCUGfxoQAQjeL,raydium,,3117,66961.39426618494
2026-01-01,COINx,Xs7ZdzSHLU9ftNJsii5fCeJhoRWSC32SQGzGQtePxNu,whirlpool,,4005,22913.6399612578
2026-05-01,AAPLx,XsbEhLAtcf6HdfpFZ5xEMdqW8nfAvcsP5bdudRLJzJp,whirlpool,,566,302.16410777830924
2026-02-01,HOODx,XsvNBAYkrDRNhA7wPHQfX3ZUXZyZLdnCQDfHZ56bzpg,raydium,,29322,833550.5620883835
2025-07-01,MCDx,XsqE9cRRpzxcGKDXj1BJ7Xmg4GRhZoyY1KpmGSxAWT2,raydium,,102,1617.1984290055962
2026-09-01,HOODx,XsvNBAYkrDRNhA7wPHQfX3ZUXZyZLdnCQDfHZ56bzpg,whirlpool,,78356,6222249.056325539
2025-10-01,QQQx,Xs8S1uUs1zvS2p7iwtsG3b6fkhpvmwz4GYU3gWAmWHZ,whirlpool,,7462,225258.06062087734
2026-01-01,CRCLx,XsueG8BtpquVJX9LVLLEGuViXUungE6WmK5YZ3p3bd1,raydium,,70929,18665284.223942008
2025-08-01,TSLAx,XsDoVfqeBukxuZHWhdvWHBhgEHjGNst4MLodqsJHzoB,whirlpool,,61477,4017882.356331282
2026-09-01,TSMx,XsafvsGtzFqqHgTnA3aPC83EAMkacU5mcGtcSayhpVV,jupiterz,,100,108652.56000572813
2025-09-01,COINx,Xs7ZdzSHLU9ftNJsii5fCeJhoRWSC32SQGzGQtePxNu,whirlpool,,1177,19601.352777700424
2026-05-01,HOODx,XsvNBAYkrDRNhA7wPHQfX3ZUXZyZLdnCQDfHZ56bzpg,pancakeswap,,815,1190.092974689141
2025-11-01,METAx,Xsa62P5mvPszXL1krVUnU5ar38bBSVcWAB6fmPCo5Zu,jupiterz,,140,140404.78513924335
2026-02-01,MSTRx,XsP7xzNPvEHS1m6qfanPUGjNmdnmsLKEoNAnHjdxxyZ,whirlpool,,7745,19030.10026098876
2025-12-01,AAPLx,XsbEhLAtcf6HdfpFZ5xEMdqW8nfAvcsP5bdudRLJzJp,byreal,,11365,685515.9783842848
2026-06-01,KOx,XsaBXg8dU5cPM6ehmVctMkVqoiRG2ZjMo1cyBJ3AykQ,whirlpool,,835,263.1567229686848
2026-09-01,DFDVx,Xs2yquAgsHByNzx68WJC55WHjHBvG9JsMB7CWjTLyPy,raydium_launchlab,,14228,1051381.6074380944
2026-09-01,QQQx,Xs8S1uUs1zvS2p7iwtsG3b6fkhpvmwz4GYU3gWAmWHZ,byreal,,3178,375760.55729756545
2026-04-01,TSLAx,XsDoVfqeBukxuZHWhdvWHBhgEHjGNst4MLodqsJHzoB,whirlpool,,77468,643979.8865626092
2025-07-01,GOOGLx,XsCPL9dNWBMvFtTmwcCA5v3xWPSMEBCszbQdiLLq6aN,raydium,,37058,2515661.1058769766
2026-04-01,GMEx,Xsf9mBktVB9BSU5kf4nHxPq5hCBJ2j2ui3ecFGxPRGc,whirlpool,,17951,4690.574789353229
2026-08-01,SPCXx,Xs3oZwbHvqis4NYcf4YKWmEia2eC84wSiVrcYcTqpH8,scorch,,66201,9869129.158853557
2026-08-01,NFLXx,XsEH7wWfJJu2ZT3UCFeVfALnVA6CP5ur7Ee11KmzVpL,raydium,,1269,23325.733076209897
2025-10-01,METAx,Xsa62P5mvPszXL1krVUnU5ar38bBSVcWAB6fmPCo5Zu,whirlpool,,785,13629.59286516804
2025-12-01,COINx,Xs7ZdzSHLU9ftNJsii5fCeJhoRWSC32SQGzGQtePxNu,raydium,,30665,504106.1492897333
2025-09-01,Balls,XsduJKry2JACRaasCYTWdoFLP4tdSzViQ5kKNbTdaos,meteora,,814,60088.00810470144
2025-09-01,AAPLx,XsbEhLAtcf6HdfpFZ5xEMdqW8nfAvcsP5bdudRLJzJp,byreal,,936,1660.1315290236496
2026-02-01,CRCLx,XsueG8BtpquVJX9LVLLEGuViXUungE6WmK5YZ3p3bd1,byreal,,21200,1997581.1580830829
2026-08-01,MRVLx,XsuxRGDzbLjnJ72v74b7p9VY6N66uYgTCyfwwRjVCJA,jupiterz,,102,200925.0293197567
2026-06-01,CRCLx,XsueG8BtpquVJX9LVLLEGuViXUungE6WmK5YZ3p3bd1,raydium,,603094,154208513.24124086
2026-06-01,MAx,XsApJFV9MAktqnAc6jqzsHVujxkGm9xcSUffaBoYLKC,raydium,,143,572.4045919597914
2026-09-01,AAPLx,XsbEhLAtcf6HdfpFZ5xEMdqW8nfAvcsP5bdudRLJzJp,byreal,,19862,2978787.5194887617
2025-08-01,MSTRx,XsP7xzNPvEHS1m6qfanPUGjNmdnmsLKEoNAnHjdxxyZ,meteora,,18677,1355736.60911656
2025-11-01,DFDVx,Xs2yquAgsHByNzx68WJC55WHjHBvG9JsMB7CWjTLyPy,whirlpool,,1625,115514.54828462093
2026-05-01,MAx,XsApJFV9MAktqnAc6jqzsHVujxkGm9xcSUffaBoYLKC,raydium,,219,1881.975592703644
2026-06-01,NVDAx,Xsc9qvGR1efVDFGLrVsmkzv3qi45LTBjeUKSPmx9qEh,raydium,,257053,99384127.39962937
2026-05-01,HOODx,XsvNBAYkrDRNhA7wPHQfX3ZUXZyZLdnCQDfHZ56bzpg,byreal,,15302,1172099.4315021543
2026-08-01,COINx,Xs7ZdzSHLU9ftNJsii5fCeJhoRWSC32SQGzGQtePxNu,raydium,,59982,8897969.645486059
2026-01-01,CRCLx,XsueG8BtpquVJX9LVLLEGuViXUungE6WmK5YZ3p3bd1,pancakeswap,,1749,1889.3066617432396
2026-09-01,MAx,XsApJFV9MAktqnAc6jqzsHVujxkGm9xcSUffaBoYLKC,whirlpool,,187,216.05963366409978
2026-08-01,AMDx,XsXcJ6GZ9kVnjqGsjBnktRcuwMBmvKWh8S93RefZ1rF,meteora,,334,8810.696955207544
2026-03-01,NVDAx,Xsc9qvGR1efVDFGLrVsmkzv3qi45LTBjeUKSPmx9qEh,raydium,,111872,20739587.30448332
2026-03-01,BRK.Bx,Xs6B6zawENwAbWVi7w92rjazLuAr5Az59qgWKcNb45x,raydium,,2587,47567.92703333573
2026-04-01,METAx,Xsa62P5mvPszXL1krVUnU5ar38bBSVcWAB6fmPCo5Zu,whirlpool,,1062,1536.2998975944406
2026-02-01,COINx,Xs7ZdzSHLU9ftNJsii5fCeJhoRWSC32SQGzGQtePxNu,byreal,,24386,932898.2386599984
2026-04-01,MAx,XsApJFV9MAktqnAc6jqzsHVujxkGm9xcSUffaBoYLKC,raydium,,172,1042.427972045423
2025-12-01,KOx,XsaBXg8dU5cPM6ehmVctMkVqoiRG2ZjMo1cyBJ3AykQ,whirlpool,,154,48.88200583133
2026-06-01,STAKRR,XscZkQn3cFj1t9Ym4LNtEMrsi6eeeCTCtb6bTPrpump,pumpdotfun,0.01,4249,0
2026-06-01,MCDx,XsqE9cRRpzxcGKDXj1BJ7Xmg4GRhZoyY1KpmGSxAWT2,whirlpool,,605,33.74769849277999
2026-09-01,WMTx,Xs151QeqTCiuKtinzfRATnUESM2xTU6V9Wy8Vy538ci,manifest,,17727,67792.75181874345
2026-09-01,COINx,Xs7ZdzSHLU9ftNJsii5fCeJhoRWSC32SQGzGQtePxNu,pancakeswap,,3840,4575.374139858299
2026-04-01,CRCLx,XsueG8BtpquVJX9LVLLEGuViXUungE6WmK5YZ3p3bd1,byreal,,31954,5981695.156197208
2026-04-01,SPYx,XsoCS1TfEyfFhfvj8EtZ528L3CaKBDBRqRapnBbDF2W,manifest,,3279,139044.46983695964
2026-08-01,HOODx,XsvNBAYkrDRNhA7wPHQfX3ZUXZyZLdnCQDfHZ56bzpg,byreal,,11738,896262.5760909852
2026-01-01,BRK.Bx,Xs6B6zawENwAbWVi7w92rjazLuAr5Az59qgWKcNb45x,raydium,,312,18357.875581575598
2026-01-01,MSTRx,XsP7xzNPvEHS1m6qfanPUGjNmdnmsLKEoNAnHjdxxyZ,byreal,,12052,747862.1848957007
2026-08-01,SPYx,XsoCS1TfEyfFhfvj8EtZ528L3CaKBDBRqRapnBbDF2W,jupiterz,,1349,6084926.624898131
2026-03-01,SPYx,XsoCS1TfEyfFhfvj8EtZ528L3CaKBDBRqRapnBbDF2W,byreal,,9869,3114606.33502859
2026-07-01,QQQx,Xs8S1uUs1zvS2p7iwtsG3b6fkhpvmwz4GYU3gWAmWHZ,jupiterz,,2860,5512680.353224973
2026-08-01,ORCLx,XsjFwUPiLofddX5cWFHW35GCbXcSu1BCUGfxoQAQjeL,jupiterz,,146,2099440.753287403
2026-06-01,NVDAx,Xsc9qvGR1efVDFGLrVsmkzv3qi45LTBjeUKSPmx9qEh,whirlpool,,119423,4296053.653365421
2026-07-01,SPYx,XsoCS1TfEyfFhfvj8EtZ528L3CaKBDBRqRapnBbDF2W,alphaq,,13731,2733908.1857896615
2026-07-01,GLDx,Xsv9hRk1z5ystj9MhnA7Lq4vjSsLwzL2nxrwmwtD3re,whirlpool,0.003,2479,167263.8616937524
2026-09-01,MSTRx,XsP7xzNPvEHS1m6qfanPUGjNmdnmsLKEoNAnHjdxxyZ,raydium,,208647,29580250.905662645
2026-09-01,AMZNx,Xs3eBt7uRfJX8QUs4suhyU8p2M6DoUDrJyWBa8LLZsg,raydium_launchlab,,59421,4014115.2110005156
2026-05-01,TSLAx,XsDoVfqeBukxuZHWhdvWHBhgEHjGNst4MLodqsJHzoB,pancakeswap,,25111,355364.1796358673
2026-05-01,GMEx,Xsf9mBktVB9BSU5kf4nHxPq5hCBJ2j2ui3ecFGxPRGc,meteora,,1953,72.23894009634007
2025-10-01,Vx,XsqgsbXwWogGJsNcVZ3TyVouy2MbTkfCFhCGGGcQZ2p,raydium,,329,2923.177846774507
2025-12-01,SPYx,XsoCS1TfEyfFhfvj8EtZ528L3CaKBDBRqRapnBbDF2W,meteora,,8473,322825.65155843867
2025-11-01,QQQx,Xs8S1uUs1zvS2p7iwtsG3b6fkhpvmwz4GYU3gWAmWHZ,byreal,,11185,1033137.0089353675
2026-01-01,WMTx,Xs151QeqTCiuKtinzfRATnUESM2xTU6V9Wy8Vy538ci,whirlpool,,184,641.7883435216012
2026-07-01,SNDKx,Xswbpc8UqU6e1j9QZEWCjBMjyvz4twqD7PCy6j2e7jj,manifest,,116,3155.711607402628
2026-06-01,METAx,Xsa62P5mvPszXL1krVUnU5ar38bBSVcWAB6fmPCo5Zu,raydium,,4149,633247.5972240182
2025-10-01,TSLAx,XsDoVfqeBukxuZHWhdvWHBhgEHjGNst4MLodqsJHzoB,raydium,,88913,29244614.46467145
2025-10-01,CRCLx,XsueG8BtpquVJX9LVLLEGuViXUungE6WmK5YZ3p3bd1,meteora,,9045,468413.62489329063
2025-10-01,NVDAx,Xsc9qvGR1efVDFGLrVsmkzv3qi45LTBjeUKSPmx9qEh,byreal,,15262,1805566.9837235578
2025-08-01,COINx,Xs7ZdzSHLU9ftNJsii5fCeJhoRWSC32SQGzGQtePxNu,jupiterz,,301,52623.64599940472
2026-03-01,AMZNx,Xs3eBt7uRfJX8QUs4suhyU8p2M6DoUDrJyWBa8LLZsg,whirlpool,,2085,3629.2514155712556
2026-06-01,GOOGLx,XsCPL9dNWBMvFtTmwcCA5v3xWPSMEBCszbQdiLLq6aN,meteora,,1183,15462.144024525132
2026-07-01,TSLAx,XsDoVfqeBukxuZHWhdvWHBhgEHjGNst4MLodqsJHzoB,meteora,,9688,327204.97803464613
2026-07-01,AVGOx,XsgSaSvNSqLTtFuyWPBhK9196Xb9Bbdyjj4fH3cPJGo,whirlpool,,385,2654.5108720266494
2026-09-01,MSFTx,XspzcW1PRtgf6Wj92HCiZdjzKCyFekVD8P5Ueh3dRMX,raydium_launchlab,,145292,9429791.830888608
2026-07-01,SPCXx,Xs3oZwbHvqis4NYcf4YKWmEia2eC84wSiVrcYcTqpH8,byreal,,69544,8160914.706410311
2026-04-01,QQQx,Xs8S1uUs1zvS2p7iwtsG3b6fkhpvmwz4GYU3gWAmWHZ,meteora,,8377,244371.19075576545
2026-04-01,CVXx,XsNNMt7WTNA2sV3jrb1NNfNgapxRF5i4i6GcnTRRHts,raydium,,1932,32416.518984012986
2026-08-01,NVDAx,Xsc9qvGR1efVDFGLrVsmkzv3qi45LTBjeUKSPmx9qEh,meteora,,15060,302132.5483082825
2026-05-01,COINx,Xs7ZdzSHLU9ftNJsii5fCeJhoRWSC32SQGzGQtePxNu,whirlpool,,18835,224910.81121900305
2026-05-01,MCDx,XsqE9cRRpzxcGKDXj1BJ7Xmg4GRhZoyY1KpmGSxAWT2,whirlpool,,328,57.951000276869976
2026-05-01,COINx,Xs7ZdzSHLU9ftNJsii5fCeJhoRWSC32SQGzGQtePxNu,byreal,,21182,2707769.086417772
2025-10-01,SPYx,XsoCS1TfEyfFhfvj8EtZ528L3CaKBDBRqRapnBbDF2W,raydium,,53304,5931269.381586917
2025-10-01,GMEx,Xsf9mBktVB9BSU5kf4nHxPq5hCBJ2j2ui3ecFGxPRGc,raydium,,15854,25048.48838050348
2026-01-01,NVDAx,Xsc9qvGR1efVDFGLrVsmkzv3qi45LTBjeUKSPmx9qEh,byreal,,16060,2382369.1721801287
2025-09-01,HOODx,XsvNBAYkrDRNhA7wPHQfX3ZUXZyZLdnCQDfHZ56bzpg,whirlpool,,562,1249.5981293461027
2025-07-01,COINx,Xs7ZdzSHLU9ftNJsii5fCeJhoRWSC32SQGzGQtePxNu,whirlpool,,1136,59870.13516782231
2026-02-01,GMEx,Xsf9mBktVB9BSU5kf4nHxPq5hCBJ2j2ui3ecFGxPRGc,whirlpool,,12567,1034.271722012207
2026-02-01,CRCLx,XsueG8BtpquVJX9LVLLEGuViXUungE6WmK5YZ3p3bd1,jupiterz,,345,727723.6776591329
2026-06-01,MSTRx,XsP7xzNPvEHS1m6qfanPUGjNmdnmsLKEoNAnHjdxxyZ,raydium,,169586,28763626.81558984
2026-07-01,AAPLx,XsbEhLAtcf6HdfpFZ5xEMdqW8nfAvcsP5bdudRLJzJp,raydium,,5766,201091.1434147295
2026-09-01,QQQx,Xs8S1uUs1zvS2p7iwtsG3b6fkhpvmwz4GYU3gWAmWHZ,jupiterz,,1402,1950931.3215017228
2025-07-01,AAPLx,XsbEhLAtcf6HdfpFZ5xEMdqW8nfAvcsP5bdudRLJzJp,raydium,,41475,2164233.876969053
2026-05-01,GLDx,Xsv9hRk1z5ystj9MhnA7Lq4vjSsLwzL2nxrwmwtD3re,whirlpool,0.003,3603,957106.16654698
2026-08-01,SPYx,XsoCS1TfEyfFhfvj8EtZ528L3CaKBDBRqRapnBbDF2W,whirlpool,,120855,10125635.530170584
2026-03-01,Vx,XsqgsbXwWogGJsNcVZ3TyVouy2MbTkfCFhCGGGcQZ2p,whirlpool,,114,16.039581186799996
2026-07-01,PLTRx,XsoBhf2ufR8fTyNSjqfU71DYGaE6Z3SUGAidpzriAA4,whirlpool,,1611,109238.80015080274
2026-01-01,MSFTx,XspzcW1PRtgf6Wj92HCiZdjzKCyFekVD8P5Ueh3dRMX,raydium,,969,52678.572465378886
2025-08-01,GOOGLx,XsCPL9dNWBMvFtTmwcCA5v3xWPSMEBCszbQdiLLq6aN,meteora,,6767,139968.37710256787
2026-04-01,XOMx,XsaHND8sHyfMfsWPj6kSdd5VwvCayZvjYgKmmcNL5qh,whirlpool,,951,3979.4749798852063
2026-06-01,UNHx,XszvaiXGPwvk2nwb3o9C1CX4K6zH8sez11E6uyup6fe,raydium,,1761,92158.00900941751
2025-08-01,AMZNx,Xs3eBt7uRfJX8QUs4suhyU8p2M6DoUDrJyWBa8LLZsg,byreal,,113,498.99661844908286
2026-03-01,SPYx,XsoCS1TfEyfFhfvj8EtZ528L3CaKBDBRqRapnBbDF2W,whirlpool,,77299,5311895.772860625
2025-07-01,SPYx,XsoCS1TfEyfFhfvj8EtZ528L3CaKBDBRqRapnBbDF2W,jupiterz,,131,209018.11586023806
2026-01-01,Vx,XsqgsbXwWogGJsNcVZ3TyVouy2MbTkfCFhCGGGcQZ2p,raydium,,161,3139.2918697746513
2026-07-01,GMEx,Xsf9mBktVB9BSU5kf4nHxPq5hCBJ2j2ui3ecFGxPRGc,meteora,,2808,2281.617926794091
2026-07-01,MSTRx,XsP7xzNPvEHS1m6qfanPUGjNmdnmsLKEoNAnHjdxxyZ,raydium,,105793,18540750.39681385
2026-07-01,GOOGLx,XsCPL9dNWBMvFtTmwcCA5v3xWPSMEBCszbQdiLLq6aN,raydium,,57719,3270060.442612076
2026-06-01,GOOGLx,XsCPL9dNWBMvFtTmwcCA5v3xWPSMEBCszbQdiLLq6aN,pancakeswap,,1030,1429.5602421574597
2025-10-01,ZADDY✨,XsqftCLMZr9ZyXeYzeovKhUCWMFFybbhRjGVyhzdAnT,meteora,,148,88842.05452121311
2026-06-01,PLTRx,XsoBhf2ufR8fTyNSjqfU71DYGaE6Z3SUGAidpzriAA4,jupiterz,,484,294802.5946666374
2026-01-01,GLDx,Xsv9hRk1z5ystj9MhnA7Lq4vjSsLwzL2nxrwmwtD3re,raydium,,32677,1039052.1004140174
2025-09-01,HOODx,XsvNBAYkrDRNhA7wPHQfX3ZUXZyZLdnCQDfHZ56bzpg,raydium,,4058,659589.065760024
2025-11-01,SPACECAT,XsPkyw2CZDMFYRZss97bVJSVw26qebTNweGsPSMdaos,meteora,,3770,160460.75720999984
2026-05-01,SPYx,XsoCS1TfEyfFhfvj8EtZ528L3CaKBDBRqRapnBbDF2W,manifest,,1184,50528.863332037494
2026-03-01,INTCx,XshPgPdXFRWB8tP1j82rebb2Q9rPgGX37RuqzohmArM,whirlpool,,322,955.8985138701404
2026-02-01,SPYx,XsoCS1TfEyfFhfvj8EtZ528L3CaKBDBRqRapnBbDF2W,raydium,,27407,5680178.032345632
2026-05-01,MCDx,XsqE9cRRpzxcGKDXj1BJ7Xmg4GRhZoyY1KpmGSxAWT2,raydium,,654,13704.398691913206
2026-09-01,QQQx,Xs8S1uUs1zvS2p7iwtsG3b6fkhpvmwz4GYU3gWAmWHZ,whirlpool,,92094,676859.6995824744
2026-09-01,SPCXx,Xs3oZwbHvqis4NYcf4YKWmEia2eC84wSiVrcYcTqpH8,jupiterz,,2733,5801531.411612552
2026-07-01,QQQx,Xs8S1uUs1zvS2p7iwtsG3b6fkhpvmwz4GYU3gWAmWHZ,byreal,,7676,1866711.6288515422
2025-10-01,DFDVx,Xs2yquAgsHByNzx68WJC55WHjHBvG9JsMB7CWjTLyPy,whirlpool,,6751,262076.68708208657
2026-01-01,AAPLx,XsbEhLAtcf6HdfpFZ5xEMdqW8nfAvcsP5bdudRLJzJp,meteora,,1938,8136.226873639877
2025-08-01,AAPLx,XsbEhLAtcf6HdfpFZ5xEMdqW8nfAvcsP5bdudRLJzJp,pancakeswap,,6585,63260.64993926639
2026-06-01,AZNx,Xs3ZFkPYT2BN7qBMqf1j1bfTeTm1rFzEFSsQ1z3wAKU,raydium,,127,2730.2226083634296
2025-09-01,TSLAx,XsDoVfqeBukxuZHWhdvWHBhgEHjGNst4MLodqsJHzoB,byreal,,7211,274755.43667408003
2025-06-01,SNITCH,Xsk4jxnDfS25WggWi6xXxoKvoU3bnfE4iBsLzvUpump,pumpdotfun,0.01,106,5889.78080336192
2026-06-01,INTCx,XshPgPdXFRWB8tP1j82rebb2Q9rPgGX37RuqzohmArM,whirlpool,,359,35.936278478493
2025-11-01,GMEx,Xsf9mBktVB9BSU5kf4nHxPq5hCBJ2j2ui3ecFGxPRGc,raydium,,3490,534.420441375953
2025-11-01,KOx,XsaBXg8dU5cPM6ehmVctMkVqoiRG2ZjMo1cyBJ3AykQ,whirlpool,,378,122.14471551760994
2026-07-01,MCDx,XsqE9cRRpzxcGKDXj1BJ7Xmg4GRhZoyY1KpmGSxAWT2,byreal,,950,130225.36894433515
2025-12-01,DFDVx,Xs2yquAgsHByNzx68WJC55WHjHBvG9JsMB7CWjTLyPy,whirlpool,,1182,104136.55597365192
2026-08-01,NVDAx,Xsc9qvGR1efVDFGLrVsmkzv3qi45LTBjeUKSPmx9qEh,pancakeswap,,172,4.00962139903
2026-09-01,SPCXx,Xs3oZwbHvqis4NYcf4YKWmEia2eC84wSiVrcYcTqpH8,whirlpool,,429883,30212230.878502447
2026-09-01,HOODx,XsvNBAYkrDRNhA7wPHQfX3ZUXZyZLdnCQDfHZ56bzpg,byreal,,25406,2391171.209784191
2026-01-01,MCDx,XsqE9cRRpzxcGKDXj1BJ7Xmg4GRhZoyY1KpmGSxAWT2,byreal,,1675,22897.927832702164
2025-08-01,MSTRx,XsP7xzNPvEHS1m6qfanPUGjNmdnmsLKEoNAnHjdxxyZ,raydium,,61352,13206379.765455497
2026-03-01,MCDx,XsqE9cRRpzxcGKDXj1BJ7Xmg4GRhZoyY1KpmGSxAWT2,jupiterz,,350,329913.6084404032
2026-09-01,KOx,XsaBXg8dU5cPM6ehmVctMkVqoiRG2ZjMo1cyBJ3AykQ,whirlpool,0.003,3183,3086.654881222202
2026-09-01,MCDx,XsqE9cRRpzxcGKDXj1BJ7Xmg4GRhZoyY1KpmGSxAWT2,whirlpool,,176500,14698818.399392882
2026-09-01,TSLAx,XsDoVfqeBukxuZHWhdvWHBhgEHjGNst4MLodqsJHzoB,meteora,,30835,1139684.1093499213
2026-09-01,SPCXx,Xs3oZwbHvqis4NYcf4YKWmEia2eC84wSiVrcYcTqpH8,byreal,,69343,3644026.9629222183
2026-04-01,AAPLx,XsbEhLAtcf6HdfpFZ5xEMdqW8nfAvcsP5bdudRLJzJp,whirlpool,,858,189.05543506146898
2026-01-01,UNHx,XszvaiXGPwvk2nwb3o9C1CX4K6zH8sez11E6uyup6fe,raydium,,3227,53383.71890000144
2025-08-01,AAPLx,XsbEhLAtcf6HdfpFZ5xEMdqW8nfAvcsP5bdudRLJzJp,byreal,,458,1138.941277959796
2026-06-01,MRVLx,XsuxRGDzbLjnJ72v74b7p9VY6N66uYgTCyfwwRjVCJA,meteora,,260,2223.039573538799
2025-11-01,TSLAx,XsDoVfqeBukxuZHWhdvWHBhgEHjGNst4MLodqsJHzoB,whirlpool,,104300,7557174.163390863
2025-12-01,HOODx,XsvNBAYkrDRNhA7wPHQfX3ZUXZyZLdnCQDfHZ56bzpg,raydium,,29407,843841.3814799832
2026-01-01,NFLXx,XsEH7wWfJJu2ZT3UCFeVfALnVA6CP5ur7Ee11KmzVpL,raydium,,721,14363.615618615266
2025-07-01,QQQx,Xs8S1uUs1zvS2p7iwtsG3b6fkhpvmwz4GYU3gWAmWHZ,whirlpool,,1230,10060.861508431906
2026-02-01,DFDVx,Xs2yquAgsHByNzx68WJC55WHjHBvG9JsMB7CWjTLyPy,whirlpool,,2866,66659.69879837762
2026-06-01,MCDx,XsqE9cRRpzxcGKDXj1BJ7Xmg4GRhZoyY1KpmGSxAWT2,jupiterz,,115,56635.2236783297
2026-07-01,METAx,Xsa62P5mvPszXL1krVUnU5ar38bBSVcWAB6fmPCo5Zu,raydium,,5450,1284913.1559185765
2026-09-01,GLDx,Xsv9hRk1z5ystj9MhnA7Lq4vjSsLwzL2nxrwmwtD3re,raydium_launchlab,,193639,11402632.104759132
2026-09-01,GMEx,Xsf9mBktVB9BSU5kf4nHxPq5hCBJ2j2ui3ecFGxPRGc,meteora,,42885,2822417.534337399
2026-09-01,AAPLx,XsbEhLAtcf6HdfpFZ5xEMdqW8nfAvcsP5bdudRLJzJp,pancakeswap,,30620,160029.3610299755
2026-08-01,SPCXx,Xs3oZwbHvqis4NYcf4YKWmEia2eC84wSiVrcYcTqpH8,byreal,,113340,15082151.022619916
2026-08-01,STRCx,Xs78JED6PFZxWc2wCEPspZW9kL3Se5J7L5TChKgsidH,meteora,,474,4092.514665387258
2026-05-01,QQQx,Xs8S1uUs1zvS2p7iwtsG3b6fkhpvmwz4GYU3gWAmWHZ,meteora,,5050,155491.3271220997
2026-01-01,CRCLx,XsueG8BtpquVJX9LVLLEGuViXUungE6WmK5YZ3p3bd1,meteora,,4335,66226.46056602412
2025-09-01,AAPLx,XsbEhLAtcf6HdfpFZ5xEMdqW8nfAvcsP5bdudRLJzJp,whirlpool,,213,216.37658942532704
2026-05-01,AMBRx,XsaQTCgebC2KPbf27KUhdv5JFvHhQ4GDAPURwrEhAzb,raydium,,265,1850.529772270684
2026-09-01,BMNRx,XsrBCwaH8c46xiqXBChzobgufRKxQxAWUWbndgBNzFn,meteora,,473,11616.00719305921
2026-03-01,MSFTx,XspzcW1PRtgf6Wj92HCiZdjzKCyFekVD8P5Ueh3dRMX,whirlpool,,208,36.420617104085
2026-02-01,KOx,XsaBXg8dU5cPM6ehmVctMkVqoiRG2ZjMo1cyBJ3AykQ,whirlpool,,659,1244.5174069783411
2026-04-01,TQQQx,XsjQP3iMAaQ3kQScQKthQpx9ALRbjKAjQtHg6TFomoc,raydium,,1009,2770.511724850382
2026-07-01,QQQx,Xs8S1uUs1zvS2p7iwtsG3b6fkhpvmwz4GYU3gWAmWHZ,whirlpool,,17895,161300.87559855383
2026-07-01,SPCXx,Xs3oZwbHvqis4NYcf4YKWmEia2eC84wSiVrcYcTqpH8,meteora,,7026,577511.5497103542
2026-09-01,METAx,Xsa62P5mvPszXL1krVUnU5ar38bBSVcWAB6fmPCo5Zu,raydium_launchlab,,172020,12684517.465412717
2026-09-01,INTCx,XshPgPdXFRWB8tP1j82rebb2Q9rPgGX37RuqzohmArM,raydium_launchlab,,15757,1129937.8916847054
2026-09-01,NVDAx,Xsc9qvGR1efVDFGLrVsmkzv3qi45LTBjeUKSPmx9qEh,manifest,,77251,1531807.3920237927
2026-09-01,GLDx,Xsv9hRk1z5ystj9MhnA7Lq4vjSsLwzL2nxrwmwtD3re,manifest,,1522,41386.46274739947
2026-07-01,HOODx,XsvNBAYkrDRNhA7wPHQfX3ZUXZyZLdnCQDfHZ56bzpg,jupiterz,,1728,1471289.018924949
2026-04-01,AAPLx,XsbEhLAtcf6HdfpFZ5xEMdqW8nfAvcsP5bdudRLJzJp,raydium,,10071,2186712.55589698
2025-07-01,HOODx,XsvNBAYkrDRNhA7wPHQfX3ZUXZyZLdnCQDfHZ56bzpg,raydium,,3184,473552.89804170845
2026-04-01,LINx,XsSr8anD1hkvNMu8XQiVcmiaTP7XGvYu7Q58LdmtE8Z,raydium,,2858,4338.488709778575
2026-08-01,COINx,Xs7ZdzSHLU9ftNJsii5fCeJhoRWSC32SQGzGQtePxNu,pancakeswap,,4792,5069.975245326451
2026-05-01,COINx,Xs7ZdzSHLU9ftNJsii5fCeJhoRWSC32SQGzGQtePxNu,jupiterz,,810,927848.2510241419
2025-10-01,GLDx,Xsv9hRk1z5ystj9MhnA7Lq4vjSsLwzL2nxrwmwtD3re,raydium,,4567,465246.8477372114
2025-10-01,BRK.Bx,Xs6B6zawENwAbWVi7w92rjazLuAr5Az59qgWKcNb45x,raydium,,804,46019.75477718913
2026-01-01,METAx,Xsa62P5mvPszXL1krVUnU5ar38bBSVcWAB6fmPCo5Zu,raydium,,4246,642755.6909347756
2025-12-01,HOODx,XsvNBAYkrDRNhA7wPHQfX3ZUXZyZLdnCQDfHZ56bzpg,whirlpool,,890,1207.2133222286284
2026-06-01,QQQx,Xs8S1uUs1zvS2p7iwtsG3b6fkhpvmwz4GYU3gWAmWHZ,manifest,,5385,276684.90376766335
2026-07-01,TSLAx,XsDoVfqeBukxuZHWhdvWHBhgEHjGNst4MLodqsJHzoB,pancakeswap,,21066,262399.1199807669
2026-04-01,AAPLx,XsbEhLAtcf6HdfpFZ5xEMdqW8nfAvcsP5bdudRLJzJp,byreal,,11802,930526.4439678768
2026-05-01,CVXx,XsNNMt7WTNA2sV3jrb1NNfNgapxRF5i4i6GcnTRRHts,raydium,,951,17792.63494151535
2026-01-01,MSTRx,XsP7xzNPvEHS1m6qfanPUGjNmdnmsLKEoNAnHjdxxyZ,meteora,,3207,40745.02707501859
2026-01-01,AMZNx,Xs3eBt7uRfJX8QUs4suhyU8p2M6DoUDrJyWBa8LLZsg,raydium,,9099,1813709.5677598866
2025-08-01,GOOGLx,XsCPL9dNWBMvFtTmwcCA5v3xWPSMEBCszbQdiLLq6aN,pancakeswap,,4314,28969.861815536864
2026-02-01,Vx,XsqgsbXwWogGJsNcVZ3TyVouy2MbTkfCFhCGGGcQZ2p,raydium,,113,2544.59835859347
2026-07-01,PGx,XsYdjDjNUygZ7yGKfQaB6TxLh2gC6RRjzLtLAGJrhzV,raydium,,275,7187.038914042235
2026-03-01,ORCLx,XsjFwUPiLofddX5cWFHW35GCbXcSu1BCUGfxoQAQjeL,whirlpool,,239,2417.1847442599073
2025-12-01,CRCLx,XsueG8BtpquVJX9LVLLEGuViXUungE6WmK5YZ3p3bd1,jupiterz,,484,822211.549206386
2026-06-01,NVDAx,Xsc9qvGR1efVDFGLrVsmkzv3qi45LTBjeUKSPmx9qEh,meteora,,10835,113022.4673043396
2026-09-01,COINx,Xs7ZdzSHLU9ftNJsii5fCeJhoRWSC32SQGzGQtePxNu,raydium_launchlab,,80336,5102199.385839781
2026-04-01,AMZNx,Xs3eBt7uRfJX8QUs4suhyU8p2M6DoUDrJyWBa8LLZsg,jupiterz,,226,427576.65941165324
2026-08-01,NVDAx,Xsc9qvGR1efVDFGLrVsmkzv3qi45LTBjeUKSPmx9qEh,raydium,,280944,31561334.37765733
2026-08-01,SPCXx,Xs3oZwbHvqis4NYcf4YKWmEia2eC84wSiVrcYcTqpH8,manifest,,7037,652909.3016942557
2026-08-01,SAOF,Xs6dBx538TtLhWP26d57K35iK2DFM3McxsGhB33PUMP,pumpswap,0.0025,10980,676666.0357675359
2026-05-01,METAx,Xsa62P5mvPszXL1krVUnU5ar38bBSVcWAB6fmPCo5Zu,raydium,,3982,696243.7925840081
2025-08-01,TSLAx,XsDoVfqeBukxuZHWhdvWHBhgEHjGNst4MLodqsJHzoB,meteora,,35533,5319195.673162784
2026-03-01,COINx,Xs7ZdzSHLU9ftNJsii5fCeJhoRWSC32SQGzGQtePxNu,whirlpool,,17577,125253.43246217909
2026-03-01,HOODx,XsvNBAYkrDRNhA7wPHQfX3ZUXZyZLdnCQDfHZ56bzpg,byreal,,14486,628349.9874232032
2025-11-01,GOOGLx,XsCPL9dNWBMvFtTmwcCA5v3xWPSMEBCszbQdiLLq6aN,raydium,,28546,3247119.0028995895
2026-07-01,SPYx,XsoCS1TfEyfFhfvj8EtZ528L3CaKBDBRqRapnBbDF2W,jupiterz,,2326,6236228.543925925
2026-02-01,AAPLx,XsbEhLAtcf6HdfpFZ5xEMdqW8nfAvcsP5bdudRLJzJp,jupiterz,,166,55148.58240160468
2026-04-01,NVDAx,Xsc9qvGR1efVDFGLrVsmkzv3qi45LTBjeUKSPmx9qEh,whirlpool,0.003,119,1210.7288593957
2026-03-01,Research,XscrLNoQ2d3mDjjBcrzCk1jSkRQVmiv7qMU8DcFpump,pumpdotfun,0.01,143,10711.249230344787
2026-04-01,QQQx,Xs8S1uUs1zvS2p7iwtsG3b6fkhpvmwz4GYU3gWAmWHZ,pancakeswap,,9121,50021.26834309385
2026-04-01,HOODx,XsvNBAYkrDRNhA7wPHQfX3ZUXZyZLdnCQDfHZ56bzpg,jupiterz,,2154,1838634.968817563
2026-05-01,QQQx,Xs8S1uUs1zvS2p7iwtsG3b6fkhpvmwz4GYU3gWAmWHZ,raydium,,94239,25996155.831534058
2026-05-01,MSTRx,XsP7xzNPvEHS1m6qfanPUGjNmdnmsLKEoNAnHjdxxyZ,meteora,,3967,18267.857593368888
2026-05-01,PLTRx,XsoBhf2ufR8fTyNSjqfU71DYGaE6Z3SUGAidpzriAA4,whirlpool,,712,47643.488517582926
2025-10-01,SPYx,XsoCS1TfEyfFhfvj8EtZ528L3CaKBDBRqRapnBbDF2W,pancakeswap,,64191,2824092.5779966083
2025-10-01,TSLAx,XsDoVfqeBukxuZHWhdvWHBhgEHjGNst4MLodqsJHzoB,pancakeswap,,53178,3402559.906806599
2026-01-01,MSTRx,XsP7xzNPvEHS1m6qfanPUGjNmdnmsLKEoNAnHjdxxyZ,whirlpool,,3341,18005.375652142335
2025-12-01,AMZNx,Xs3eBt7uRfJX8QUs4suhyU8p2M6DoUDrJyWBa8LLZsg,meteora,,3145,15996.993850703713
2026-03-01,CRCLx,XsueG8BtpquVJX9LVLLEGuViXUungE6WmK5YZ3p3bd1,whirlpool,,61965,3116253.527573184
2026-01-01,AMBRx,XsaQTCgebC2KPbf27KUhdv5JFvHhQ4GDAPURwrEhAzb,whirlpool,,694,5608.735235859819
2025-07-01,COINx,Xs7ZdzSHLU9ftNJsii5fCeJhoRWSC32SQGzGQtePxNu,raydium,,814,19648.278909077926
2025-07-01,AAPLx,XsbEhLAtcf6HdfpFZ5xEMdqW8nfAvcsP5bdudRLJzJp,pancakeswap,,1318,8705.07671008855
2025-12-01,WMTx,Xs151QeqTCiuKtinzfRATnUESM2xTU6V9Wy8Vy538ci,raydium,,165,1289.986321044002
2026-05-01,MAx,XsApJFV9MAktqnAc6jqzsHVujxkGm9xcSUffaBoYLKC,whirlpool,,165,70.86889433862001
2026-06-01,GLDx,Xsv9hRk1z5ystj9MhnA7Lq4vjSsLwzL2nxrwmwtD3re,raydium,,70953,4672300.1446813
2026-04-01,MSTRx,XsP7xzNPvEHS1m6qfanPUGjNmdnmsLKEoNAnHjdxxyZ,meteora,,4255,20392.851568865768
2026-05-01,Bobbie,XsU1awu3Eu2C9tQa3UT7nZYppG6MLo4jkeTaijEpump,pumpdotfun,0.01,1156,37655.14543247892
2025-09-01,SPYx,XsoCS1TfEyfFhfvj8EtZ528L3CaKBDBRqRapnBbDF2W,byreal,,4743,448031.8230559486
2025-11-01,MCDx,XsqE9cRRpzxcGKDXj1BJ7Xmg4GRhZoyY1KpmGSxAWT2,raydium,,2151,12075.481701557865
2026-05-01,SPYx,XsoCS1TfEyfFhfvj8EtZ528L3CaKBDBRqRapnBbDF2W,byreal,,7726,1400331.2243285975
2026-02-01,NVDAx,Xsc9qvGR1efVDFGLrVsmkzv3qi45LTBjeUKSPmx9qEh,raydium,,82143,13201019.930136165
2025-12-01,GLDx,Xsv9hRk1z5ystj9MhnA7Lq4vjSsLwzL2nxrwmwtD3re,whirlpool,0.003,7471,1166372.5030461287
2026-02-01,GOOGLx,XsCPL9dNWBMvFtTmwcCA5v3xWPSMEBCszbQdiLLq6aN,jupiterz,,390,615099.3744416744
2026-06-01,AAPLx,XsbEhLAtcf6HdfpFZ5xEMdqW8nfAvcsP5bdudRLJzJp,whirlpool,,728,11.844172067701995
2026-09-01,TSLAx,XsDoVfqeBukxuZHWhdvWHBhgEHjGNst4MLodqsJHzoB,byreal,,9935,1507467.5619112088
2026-09-01,APPx,XsPdAVBi8Zc1xvv53k4JcMrQaEDTgkGqKYeh7AYgPHV,manifest,,111,64.80810222410697
2026-08-01,CRCLx,XsueG8BtpquVJX9LVLLEGuViXUungE6WmK5YZ3p3bd1,scorch,,57317,8266705.123210809
2026-08-01,STRCx,Xs78JED6PFZxWc2wCEPspZW9kL3Se5J7L5TChKgsidH,raydium,,8540,2448509.3748627445
2025-10-01,TSLAx,XsDoVfqeBukxuZHWhdvWHBhgEHjGNst4MLodqsJHzoB,byreal,,15567,1421931.5357969785
2025-08-01,CRCLx,XsueG8BtpquVJX9LVLLEGuViXUungE6WmK5YZ3p3bd1,pancakeswap,,13105,194111.59741313555
2026-01-01,NVDAx,Xsc9qvGR1efVDFGLrVsmkzv3qi45LTBjeUKSPmx9qEh,jupiterz,,316,645063.6372125146
2026-01-01,AMZNx,Xs3eBt7uRfJX8QUs4suhyU8p2M6DoUDrJyWBa8LLZsg,meteora,,2632,13782.171817233357
2026-03-01,CRCLx,XsueG8BtpquVJX9LVLLEGuViXUungE6WmK5YZ3p3bd1,raydium,,279924,99969937.84809682
2026-03-01,TMOx,Xs8drBWy3Sd5QY3aifG9kt9KFs2K3PGZmx7jWrsrk57,whirlpool,,287,771.1910700780297
2025-09-01,COINx,Xs7ZdzSHLU9ftNJsii5fCeJhoRWSC32SQGzGQtePxNu,jupiterz,,246,188315.67953706146
2026-07-01,XOMx,XsaHND8sHyfMfsWPj6kSdd5VwvCayZvjYgKmmcNL5qh,raydium,,352,24627.243531695283
2026-05-01,EC,XspiRVTbejm1xkXXUB2zDV3UkAKzYygezY8rffUpump,pumpdotfun,0.01,119,1602.2498872394597
2025-12-01,SPYx,XsoCS1TfEyfFhfvj8EtZ528L3CaKBDBRqRapnBbDF2W,jupiterz,,204,259416.80321668182
2026-06-01,TSLAx,XsDoVfqeBukxuZHWhdvWHBhgEHjGNst4MLodqsJHzoB,pancakeswap,,14232,68028.27481307201
2026-09-01,LLYx,Xsnuv4omNoHozR6EEW5mXkw8Nrny5rB3jVfLqi6gKMH,raydium,,821,12302.724813217248
2026-09-01,COINx,Xs7ZdzSHLU9ftNJsii5fCeJhoRWSC32SQGzGQtePxNu,byreal,,10225,1240367.6040157217
2026-09-01,COINx,Xs7ZdzSHLU9ftNJsii5fCeJhoRWSC32SQGzGQtePxNu,manifest,,6018,202780.0865034647
2026-04-01,GLDx,Xsv9hRk1z5ystj9MhnA7Lq4vjSsLwzL2nxrwmwtD3re,whirlpool,0.003,3494,906314.8880990339
2026-05-01,NFLXx,XsEH7wWfJJu2ZT3UCFeVfALnVA6CP5ur7Ee11KmzVpL,whirlpool,,391,17.412763847395993
2025-10-01,CRCLx,XsueG8BtpquVJX9LVLLEGuViXUungE6WmK5YZ3p3bd1,raydium,,42157,10973774.180394221
2025-10-01,TSLAx,XsDoVfqeBukxuZHWhdvWHBhgEHjGNst4MLodqsJHzoB,whirlpool,,95921,6584609.130772019
2026-04-01,TSLAx,XsDoVfqeBukxuZHWhdvWHBhgEHjGNst4MLodqsJHzoB,whirlpool,0.01,714,220.7148120604201
2026-04-01,Reaper,XsP77wFEBiRNVxg5ZHg37w1Jy7noHxvS3Uab369pump,pumpdotfun,0.01,2901,8855.864324340619
2025-09-01,MSTRx,XsP7xzNPvEHS1m6qfanPUGjNmdnmsLKEoNAnHjdxxyZ,pancakeswap,,6527,103212.7342301526
2025-09-01,SPYx,XsoCS1TfEyfFhfvj8EtZ528L3CaKBDBRqRapnBbDF2W,meteora,,6393,430351.5237966153
2025-09-01,METAx,Xsa62P5mvPszXL1krVUnU5ar38bBSVcWAB6fmPCo5Zu,raydium,,2124,169281.05106501837
2025-11-01,AAPLx,XsbEhLAtcf6HdfpFZ5xEMdqW8nfAvcsP5bdudRLJzJp,raydium,,15960,1301025.8686064435
2025-11-01,METAx,Xsa62P5mvPszXL1krVUnU5ar38bBSVcWAB6fmPCo5Zu,raydium,,21639,1547838.4603749402
2025-11-01,SPYx,XsoCS1TfEyfFhfvj8EtZ528L3CaKBDBRqRapnBbDF2W,whirlpool,0.0002,5214,19912.69523390582
2026-07-01,MUx,XsQLZycSZ7QnBBdBXQaTbQdiUcbRqjNJgyBGAMzhHav,manifest,,235,6599.089029425843
2026-02-01,TSLAx,XsDoVfqeBukxuZHWhdvWHBhgEHjGNst4MLodqsJHzoB,byreal,,32900,7522971.185788173
2026-06-01,MSFTx,XspzcW1PRtgf6Wj92HCiZdjzKCyFekVD8P5Ueh3dRMX,jupiterz,,824,893809.8993048128
2026-09-01,VIDAx,XsfCC9VL4DamVGNgdJpfLXB3sBVa158Gbx8sh7NzmTk,meteora,,13459,458881.20756168175
2026-09-01,CRCLx,XsueG8BtpquVJX9LVLLEGuViXUungE6WmK5YZ3p3bd1,pancakeswap,,16111,44792.73083961259
2026-09-01,KOx,XsaBXg8dU5cPM6ehmVctMkVqoiRG2ZjMo1cyBJ3AykQ,raydium_launchlab,,26672,1769754.916812413
2026-07-01,NVDAx,Xsc9qvGR1efVDFGLrVsmkzv3qi45LTBjeUKSPmx9qEh,jupiterz,,1436,3014389.203979428
2025-07-01,TSLAx,XsDoVfqeBukxuZHWhdvWHBhgEHjGNst4MLodqsJHzoB,raydium,,66892,21990437.09237214
2025-10-01,NVDAx,Xsc9qvGR1efVDFGLrVsmkzv3qi45LTBjeUKSPmx9qEh,raydium,,57960,8783545.636662798
2025-11-01,AMBRx,XsaQTCgebC2KPbf27KUhdv5JFvHhQ4GDAPURwrEhAzb,raydium,,1426,13573.857106698972
2025-11-01,AAPLx,XsbEhLAtcf6HdfpFZ5xEMdqW8nfAvcsP5bdudRLJzJp,whirlpool,,2104,2838.7582896253025
2026-02-01,AMZNx,Xs3eBt7uRfJX8QUs4suhyU8p2M6DoUDrJyWBa8LLZsg,byreal,,5961,477823.6098014337
2026-03-01,TSLA,XsxtVpK7zRDvaGzYsYiKRWWsJA2D9RGSPYy6DYtUiy4,meteora,,216,7428.258003739558
2026-08-01,PGx,XsYdjDjNUygZ7yGKfQaB6TxLh2gC6RRjzLtLAGJrhzV,whirlpool,,132,4.789787344760001
2026-09-01,MSFTx,XspzcW1PRtgf6Wj92HCiZdjzKCyFekVD8P5Ueh3dRMX,whirlpool,,28527,620265.175463883
2026-09-01,AAPLx,XsbEhLAtcf6HdfpFZ5xEMdqW8nfAvcsP5bdudRLJzJp,jupiterz,,7297,4725106.809847192
2026-04-01,TSLAx,XsDoVfqeBukxuZHWhdvWHBhgEHjGNst4MLodqsJHzoB,byreal,,28068,5543097.195152303
2025-11-01,SPYx,XsoCS1TfEyfFhfvj8EtZ528L3CaKBDBRqRapnBbDF2W,meteora,,19355,1053690.1227181153
2026-03-01,ORCLx,XsjFwUPiLofddX5cWFHW35GCbXcSu1BCUGfxoQAQjeL,raydium,,525,27846.33086043119
2025-07-01,CRCLx,XsueG8BtpquVJX9LVLLEGuViXUungE6WmK5YZ3p3bd1,jupiterz,,172,522396.1154684432
2026-09-01,BMNRx,XsrBCwaH8c46xiqXBChzobgufRKxQxAWUWbndgBNzFn,jupiterz,,112,66118.57774974882
2026-09-01,NOTE,XssWCCUJ88NXTR49KEART2px6mTVmU4aqNJ3bFJpump,pumpdotfun,0.01,2947,125667.24520029039
2026-09-01,GOOGLx,XsCPL9dNWBMvFtTmwcCA5v3xWPSMEBCszbQdiLLq6aN,pancakeswap,,918,183.8213732260601
2026-08-01,GLDx,Xsv9hRk1z5ystj9MhnA7Lq4vjSsLwzL2nxrwmwtD3re,raydium,,129367,6962170.445753153
2026-08-01,SPCXx,Xs3oZwbHvqis4NYcf4YKWmEia2eC84wSiVrcYcTqpH8,whirlpool,,70371,1159104.8758621581
2025-10-01,NVDAx,Xsc9qvGR1efVDFGLrVsmkzv3qi45LTBjeUKSPmx9qEh,whirlpool,,66838,2138709.331633675
2026-03-01,NFLXx,XsEH7wWfJJu2ZT3UCFeVfALnVA6CP5ur7Ee11KmzVpL,raydium,,3848,11213.800422979844
2025-07-01,DFDVx,Xs2yquAgsHByNzx68WJC55WHjHBvG9JsMB7CWjTLyPy,whirlpool,,7534,610476.647250541
2026-02-01,MSTRx,XsP7xzNPvEHS1m6qfanPUGjNmdnmsLKEoNAnHjdxxyZ,meteora,,6140,46818.5398366151
2026-02-01,AMZNx,Xs3eBt7uRfJX8QUs4suhyU8p2M6DoUDrJyWBa8LLZsg,whirlpool,,2216,32161.123140638898
2025-07-01,xSDG,XsCjkdWed1WZPE8a4taV9QgAmT3aTuYofMTerdyETZz,raydium,,133,1382.4830022435096
2026-09-01,AVGOx,XsgSaSvNSqLTtFuyWPBhK9196Xb9Bbdyjj4fH3cPJGo,jupiterz,,115,121303.51053838393
2025-07-01,AMZNx,Xs3eBt7uRfJX8QUs4suhyU8p2M6DoUDrJyWBa8LLZsg,raydium,,21503,520184.1933238249
2026-08-01,GLDx,Xsv9hRk1z5ystj9MhnA7Lq4vjSsLwzL2nxrwmwtD3re,whirlpool,,19960,336562.6970753039
2025-10-01,MCDx,XsqE9cRRpzxcGKDXj1BJ7Xmg4GRhZoyY1KpmGSxAWT2,meteora,,198,541.2971616501968
2026-03-01,SPYx,XsoCS1TfEyfFhfvj8EtZ528L3CaKBDBRqRapnBbDF2W,pancakeswap,,19831,50468.36970927368
2025-11-01,NVDAx,Xsc9qvGR1efVDFGLrVsmkzv3qi45LTBjeUKSPmx9qEh,meteora,,21736,578244.8960074356
2026-02-01,CZ,Xsdv2VMGCpkVyKGymMRwT6VzjM9P1BmXscrmktEpump,pumpdotfun,0.01,288,9716.612541101265
2025-12-01,UNHx,XszvaiXGPwvk2nwb3o9C1CX4K6zH8sez11E6uyup6fe,whirlpool,,387,481.6676392182688
2026-07-01,ABTx,XsHtf5RpxsQ7jeJ9ivNewouZKJHbPxhPoEy6yYvULr7,whirlpool,,100,15.058441520736006
2026-09-01,AMZNx,Xs3eBt7uRfJX8QUs4suhyU8p2M6DoUDrJyWBa8LLZsg,byreal,,11058,984779.2932412875
2026-01-01,TSLAx,XsDoVfqeBukxuZHWhdvWHBhgEHjGNst4MLodqsJHzoB,jupiterz,,516,2589947.2247004947
2026-02-01,NVDAx,Xsc9qvGR1efVDFGLrVsmkzv3qi45LTBjeUKSPmx9qEh,whirlpool,,72637,3434945.3148670727
2026-06-01,COINx,Xs7ZdzSHLU9ftNJsii5fCeJhoRWSC32SQGzGQtePxNu,meteora,,346,171.8954019452619
2026-07-01,AAPLx,XsbEhLAtcf6HdfpFZ5xEMdqW8nfAvcsP5bdudRLJzJp,pancakeswap,,5128,12131.373439842773
2026-09-01,SPYx,XsoCS1TfEyfFhfvj8EtZ528L3CaKBDBRqRapnBbDF2W,raydium_launchlab,,313876,21578303.77087482
2026-07-01,CRCLx,XsueG8BtpquVJX9LVLLEGuViXUungE6WmK5YZ3p3bd1,byreal,,35994,10127292.088105477
2026-09-01,CRCLx,XsueG8BtpquVJX9LVLLEGuViXUungE6WmK5YZ3p3bd1,manifest,,451,9280.034169823355
2025-10-01,AMZNx,Xs3eBt7uRfJX8QUs4suhyU8p2M6DoUDrJyWBa8LLZsg,whirlpool,,817,3179.889538471991
2026-03-01,MAx,XsApJFV9MAktqnAc6jqzsHVujxkGm9xcSUffaBoYLKC,whirlpool,,262,104.4222033401
2025-11-01,HOODx,XsvNBAYkrDRNhA7wPHQfX3ZUXZyZLdnCQDfHZ56bzpg,raydium,,38321,1201694.1041771495
2025-12-01,ORCLx,XsjFwUPiLofddX5cWFHW35GCbXcSu1BCUGfxoQAQjeL,raydium,,941,14829.4922194392
2025-12-01,BRK.Bx,Xs6B6zawENwAbWVi7w92rjazLuAr5Az59qgWKcNb45x,raydium,,379,27458.392470721617
2026-09-01,GOOGLx,XsCPL9dNWBMvFtTmwcCA5v3xWPSMEBCszbQdiLLq6aN,whirlpool,,96008,3873970.9754190096
2026-09-01,MSTRx,XsP7xzNPvEHS1m6qfanPUGjNmdnmsLKEoNAnHjdxxyZ,meteora,,10365,172999.0889852374
2026-09-01,GLDx,Xsv9hRk1z5ystj9MhnA7Lq4vjSsLwzL2nxrwmwtD3re,jupiterz,,959,896635.222145394
2026-08-01,MSFTx,XspzcW1PRtgf6Wj92HCiZdjzKCyFekVD8P5Ueh3dRMX,jupiterz,,1047,634702.2198680476
2026-08-01,SPYx,XsoCS1TfEyfFhfvj8EtZ528L3CaKBDBRqRapnBbDF2W,raydium,,571416,122011290.21699052
2026-08-01,METAx,Xsa62P5mvPszXL1krVUnU5ar38bBSVcWAB6fmPCo5Zu,byreal,,2269,184917.6522290769
2026-05-01,AMZNx,Xs3eBt7uRfJX8QUs4suhyU8p2M6DoUDrJyWBa8LLZsg,byreal,,7716,478546.902913808
2025-10-01,MSTRx,XsP7xzNPvEHS1m6qfanPUGjNmdnmsLKEoNAnHjdxxyZ,jupiterz,,713,560416.2105188073
2026-01-01,COINx,Xs7ZdzSHLU9ftNJsii5fCeJhoRWSC32SQGzGQtePxNu,meteora,,1008,159127.52675706925
2026-08-01,COINx,Xs7ZdzSHLU9ftNJsii5fCeJhoRWSC32SQGzGQtePxNu,meteora,,869,26897.577060953
2025-12-01,QQQx,Xs8S1uUs1zvS2p7iwtsG3b6fkhpvmwz4GYU3gWAmWHZ,raydium,,68241,9019666.190324878
2025-12-01,MSTRx,XsP7xzNPvEHS1m6qfanPUGjNmdnmsLKEoNAnHjdxxyZ,pancakeswap,,8339,277317.5161813949
2026-05-01,ABTx,XsHtf5RpxsQ7jeJ9ivNewouZKJHbPxhPoEy6yYvULr7,raydium,,811,548.4140886984442
2026-09-01,LINx,XsSr8anD1hkvNMu8XQiVcmiaTP7XGvYu7Q58LdmtE8Z,raydium,,114,148.88861096152087
2026-02-01,ACNx,Xs5UJzmCRQ8DWZjskExdSQDnbE6iLkRu2jjrRAB1JSU,raydium,,317,3091.8864380891646
2026-02-01,TQQQx,XsjQP3iMAaQ3kQScQKthQpx9ALRbjKAjQtHg6TFomoc,raydium,,152,1934.6780945873497
2025-12-01,XOMx,XsaHND8sHyfMfsWPj6kSdd5VwvCayZvjYgKmmcNL5qh,raydium,,114,6588.502139393002
2026-06-01,STRCx,Xs78JED6PFZxWc2wCEPspZW9kL3Se5J7L5TChKgsidH,raydium,,22050,4874460.4553091675
2026-07-01,GOOGLx,XsCPL9dNWBMvFtTmwcCA5v3xWPSMEBCszbQdiLLq6aN,byreal,,21923,4230792.664470999
2026-04-01,GOOGLx,XsCPL9dNWBMvFtTmwcCA5v3xWPSMEBCszbQdiLLq6aN,pancakeswap,,7443,82889.09464233772
2026-04-01,SPYx,XsoCS1TfEyfFhfvj8EtZ528L3CaKBDBRqRapnBbDF2W,whirlpool,0.0002,2327,6342.643772811273
2026-05-01,CRCLx,XsueG8BtpquVJX9LVLLEGuViXUungE6WmK5YZ3p3bd1,raydium,,723547,208604647.95283628
2026-01-01,QQQx,Xs8S1uUs1zvS2p7iwtsG3b6fkhpvmwz4GYU3gWAmWHZ,pancakeswap,,3969,48068.47142716101
2025-08-01,QQQx,Xs8S1uUs1zvS2p7iwtsG3b6fkhpvmwz4GYU3gWAmWHZ,whirlpool,,3533,50436.065090473574
2025-11-01,AAPLx,XsbEhLAtcf6HdfpFZ5xEMdqW8nfAvcsP5bdudRLJzJp,pancakeswap,,14985,309165.57412678516
2026-05-01,PLTRx,XsoBhf2ufR8fTyNSjqfU71DYGaE6Z3SUGAidpzriAA4,raydium,,1140,290971.5983572288
2026-05-01,MCDx,XsqE9cRRpzxcGKDXj1BJ7Xmg4GRhZoyY1KpmGSxAWT2,meteora,,198,1096.8285036353905
2025-12-01,CRCLx,XsueG8BtpquVJX9LVLLEGuViXUungE6WmK5YZ3p3bd1,byreal,,21506,2169188.2466327744
2026-06-01,CRCLx,XsueG8BtpquVJX9LVLLEGuViXUungE6WmK5YZ3p3bd1,meteora,,8566,139553.6912535261
2026-06-01,AVGOx,XsgSaSvNSqLTtFuyWPBhK9196Xb9Bbdyjj4fH3cPJGo,whirlpool,,1423,6316.658860604525
2026-07-01,AMZNx,Xs3eBt7uRfJX8QUs4suhyU8p2M6DoUDrJyWBa8LLZsg,raydium,,14951,1976820.225476661
2026-09-01,NVDAx,Xsc9qvGR1efVDFGLrVsmkzv3qi45LTBjeUKSPmx9qEh,whirlpool,0.003,1281,591.1234185597003
2026-05-01,KOx,XsaBXg8dU5cPM6ehmVctMkVqoiRG2ZjMo1cyBJ3AykQ,raydium,,451,9630.950590209286
2025-11-01,AZNx,Xs3ZFkPYT2BN7qBMqf1j1bfTeTm1rFzEFSsQ1z3wAKU,raydium,,126,3792.550413947044
2026-05-01,WMTx,Xs151QeqTCiuKtinzfRATnUESM2xTU6V9Wy8Vy538ci,raydium,,397,6669.5183743222615
2026-04-01,AMZNx,Xs3eBt7uRfJX8QUs4suhyU8p2M6DoUDrJyWBa8LLZsg,meteora,,514,674.1957484751006
2026-08-01,PLTRx,XsoBhf2ufR8fTyNSjqfU71DYGaE6Z3SUGAidpzriAA4,jupiterz,,244,103083.21597385558
2026-07-01,HOODx,XsvNBAYkrDRNhA7wPHQfX3ZUXZyZLdnCQDfHZ56bzpg,whirlpool,,1717,1566.3801828920762
2026-07-01,SPCXx,Xs3oZwbHvqis4NYcf4YKWmEia2eC84wSiVrcYcTqpH8,raydium,,3407,0.5411276030800002
2026-04-01,UNHx,XszvaiXGPwvk2nwb3o9C1CX4K6zH8sez11E6uyup6fe,raydium,,2687,103891.68350789702
2026-05-01,GOOGLx,XsCPL9dNWBMvFtTmwcCA5v3xWPSMEBCszbQdiLLq6aN,raydium,,34101,1501493.6149840795
2025-10-01,TQQQx,XsjQP3iMAaQ3kQScQKthQpx9ALRbjKAjQtHg6TFomoc,raydium,,8244,40423.66832515425
2026-01-01,MSTRx,XsP7xzNPvEHS1m6qfanPUGjNmdnmsLKEoNAnHjdxxyZ,raydium,,71342,13768313.32930504
2025-09-01,MSTRx,XsP7xzNPvEHS1m6qfanPUGjNmdnmsLKEoNAnHjdxxyZ,whirlpool,,2094,13903.685628944708
2026-03-01,GOOGLx,XsCPL9dNWBMvFtTmwcCA5v3xWPSMEBCszbQdiLLq6aN,raydium,,39722,3889870.988392741
2026-03-01,METAx,Xsa62P5mvPszXL1krVUnU5ar38bBSVcWAB6fmPCo5Zu,raydium,,4547,418455.8719744084
2025-12-01,Baggio,Xsspzc96Jx1V2nmeMcdUuEYH65iprETK9MSgCuovyM6,meteora,,450,57923.02408563554
2026-09-01,PLTRx,XsoBhf2ufR8fTyNSjqfU71DYGaE6Z3SUGAidpzriAA4,whirlpool,,181795,13194493.458075086
2026-09-01,CRCLx,XsueG8BtpquVJX9LVLLEGuViXUungE6WmK5YZ3p3bd1,raydium_launchlab,,21174,1415106.0374631688
2026-09-01,STRCx,Xs78JED6PFZxWc2wCEPspZW9kL3Se5J7L5TChKgsidH,jupiterz,,1277,1501496.5521726354
2026-01-01,AMBRx,XsaQTCgebC2KPbf27KUhdv5JFvHhQ4GDAPURwrEhAzb,raydium,,1133,15943.952367228409
2025-09-01,NVDAx,Xsc9qvGR1efVDFGLrVsmkzv3qi45LTBjeUKSPmx9qEh,meteora,,7813,168007.19358338747
2026-03-01,QQQx,Xs8S1uUs1zvS2p7iwtsG3b6fkhpvmwz4GYU3gWAmWHZ,raydium,,102488,15344753.077969372
2026-03-01,GOOGLx,XsCPL9dNWBMvFtTmwcCA5v3xWPSMEBCszbQdiLLq6aN,meteora,,2822,26136.68380563086
2025-11-01,TSLAx,XsDoVfqeBukxuZHWhdvWHBhgEHjGNst4MLodqsJHzoB,jupiterz,,1293,5716757.438516046
2025-11-01,ABTx,XsHtf5RpxsQ7jeJ9ivNewouZKJHbPxhPoEy6yYvULr7,raydium,,169,1913.0113927496175
2025-12-01,CRCLx,XsueG8BtpquVJX9LVLLEGuViXUungE6WmK5YZ3p3bd1,pancakeswap,,2006,2744.4221226253285
2025-12-01,NVDAx,Xsc9qvGR1efVDFGLrVsmkzv3qi45LTBjeUKSPmx9qEh,byreal,,18421,2506412.6585946013
2026-02-01,MonkeyMoney,XsTnE9QkzMcFdNCKPoJzQXHpmoYPfoYsKnUSonMpump,pumpdotfun,0.01,832,34848.37706588698
2026-05-01,MRVLx,XsuxRGDzbLjnJ72v74b7p9VY6N66uYgTCyfwwRjVCJA,meteora,,113,3514.525716207831
2026-07-01,LLYx,Xsnuv4omNoHozR6EEW5mXkw8Nrny5rB3jVfLqi6gKMH,raydium,,205,3289.8355670479136
2025-06-01,SPYx,XsoCS1TfEyfFhfvj8EtZ528L3CaKBDBRqRapnBbDF2W,raydium,,174,107735.23395533975
2026-06-01,GOOGLx,XsCPL9dNWBMvFtTmwcCA5v3xWPSMEBCszbQdiLLq6aN,byreal,,28988,5758621.90665488
2026-04-01,MSTRx,XsP7xzNPvEHS1m6qfanPUGjNmdnmsLKEoNAnHjdxxyZ,raydium,,113997,23555523.49452108
2026-04-01,CVXx,XsNNMt7WTNA2sV3jrb1NNfNgapxRF5i4i6GcnTRRHts,whirlpool,,595,128.05604547472
2026-01-01,INTCx,XshPgPdXFRWB8tP1j82rebb2Q9rPgGX37RuqzohmArM,whirlpool,,1382,4229.616429316484
2025-11-01,COINx,Xs7ZdzSHLU9ftNJsii5fCeJhoRWSC32SQGzGQtePxNu,byreal,,8214,335612.05723588803
2026-03-01,AMZNx,Xs3eBt7uRfJX8QUs4suhyU8p2M6DoUDrJyWBa8LLZsg,meteora,,2435,3141.034208468252
2026-07-01,PLTRx,XsoBhf2ufR8fTyNSjqfU71DYGaE6Z3SUGAidpzriAA4,raydium,,999,161027.40082292055
2026-07-01,Stockmoney,Xs8s9EHWTRENzgrf17rVM9fpVqyqD2yULfFibG6pump,pumpdotfun,0.01,173,7238.117200537569
2026-06-01,SPCXx,Xs3oZwbHvqis4NYcf4YKWmEia2eC84wSiVrcYcTqpH8,whirlpool,0.003,10946,
2026-06-01,CRCLx,XsueG8BtpquVJX9LVLLEGuViXUungE6WmK5YZ3p3bd1,byreal,,59229,13726599.156845141
2026-09-01,TSLAx,XsDoVfqeBukxuZHWhdvWHBhgEHjGNst4MLodqsJHzoB,jupiterz,,1051,2428512.689111918
2026-04-01,METAx,Xsa62P5mvPszXL1krVUnU5ar38bBSVcWAB6fmPCo5Zu,raydium,,5487,689320.404170519
2026-08-01,SPYx,XsoCS1TfEyfFhfvj8EtZ528L3CaKBDBRqRapnBbDF2W,meteora,,18926,248587.64149268158
2026-08-01,SPYx,XsoCS1TfEyfFhfvj8EtZ528L3CaKBDBRqRapnBbDF2W,pancakeswap,,53654,1621145.6616220078
2026-08-01,NVDAx,Xsc9qvGR1efVDFGLrVsmkzv3qi45LTBjeUKSPmx9qEh,jupiterz,,1772,2629033.8109868555
2026-01-01,GOOGLx,XsCPL9dNWBMvFtTmwcCA5v3xWPSMEBCszbQdiLLq6aN,whirlpool,,5649,35871.33737119453
2026-03-01,NVDAx,Xsc9qvGR1efVDFGLrVsmkzv3qi45LTBjeUKSPmx9qEh,byreal,,20467,4998115.776792827
2025-11-01,GLDx,Xsv9hRk1z5ystj9MhnA7Lq4vjSsLwzL2nxrwmwtD3re,whirlpool,0.003,559,17585.773414919353
2026-02-01,COINx,Xs7ZdzSHLU9ftNJsii5fCeJhoRWSC32SQGzGQtePxNu,raydium,,33768,1357794.6288877055
2025-07-01,HOODx,XsfR4tmtvn1iJBCK2PqZwrUi25KrQn84kn5TcPEMzpg,raydium,,362,43806.979597930986
2026-03-01,HOODX,XsvvkBC1rvqiVa4C2W7qBFwkxi5YEBizggjWj7Avxgy,raydium,,116,12382.149932164475
2026-06-01,SPYx,XsoCS1TfEyfFhfvj8EtZ528L3CaKBDBRqRapnBbDF2W,alphaq,,179005,284453780.704459
2026-09-01,HOODx,XsvNBAYkrDRNhA7wPHQfX3ZUXZyZLdnCQDfHZ56bzpg,meteora,,38539,1589193.4655641878
2026-09-01,AAPLx,XsbEhLAtcf6HdfpFZ5xEMdqW8nfAvcsP5bdudRLJzJp,whirlpool,,84703,5177204.774078631
2026-09-01,SPCXx,Xs3oZwbHvqis4NYcf4YKWmEia2eC84wSiVrcYcTqpH8,meteora,,34085,555975.054744281
2026-04-01,TSLAx,XsDoVfqeBukxuZHWhdvWHBhgEHjGNst4MLodqsJHzoB,whirlpool,0.003,410,3198.4030042472996
2026-04-01,QQQx,Xs8S1uUs1zvS2p7iwtsG3b6fkhpvmwz4GYU3gWAmWHZ,jupiterz,,4209,3804275.682445657
2026-04-01,AAPLx,XsbEhLAtcf6HdfpFZ5xEMdqW8nfAvcsP5bdudRLJzJp,meteora,,839,1582.1909756373261
2026-08-01,KOx,XsaBXg8dU5cPM6ehmVctMkVqoiRG2ZjMo1cyBJ3AykQ,whirlpool,,4029,166615.30768411997
2026-01-01,METAx,Xsa62P5mvPszXL1krVUnU5ar38bBSVcWAB6fmPCo5Zu,whirlpool,,384,4666.746816366813
2026-01-01,AMZNx,Xs3eBt7uRfJX8QUs4suhyU8p2M6DoUDrJyWBa8LLZsg,byreal,,5460,439542.54999335436
2026-01-01,GOOGLx,XsCPL9dNWBMvFtTmwcCA5v3xWPSMEBCszbQdiLLq6aN,pancakeswap,,8951,429395.1229760165
2026-04-01,MCDx,XsqE9cRRpzxcGKDXj1BJ7Xmg4GRhZoyY1KpmGSxAWT2,byreal,,3791,206907.816952562
2025-09-01,QQQx,Xs8S1uUs1zvS2p7iwtsG3b6fkhpvmwz4GYU3gWAmWHZ,raydium,,18928,1682278.6647375424
2025-06-01,HP,XsfaWD9AT1kJhmsrmT37bLZXFqAHzH4qSNMSRjNpump,pumpdotfun,0.01,410,13845.140904666421
2026-03-01,NVOx,XsfAzPzYrYjd4Dpa9BU3cusBsvWfVB9gBcyGC87S57n,raydium,,128,143.25870179009007
2025-12-01,SPYx,XsoCS1TfEyfFhfvj8EtZ528L3CaKBDBRqRapnBbDF2W,byreal,,4499,856901.9483166598
2026-06-01,AMZNx,Xs3eBt7uRfJX8QUs4suhyU8p2M6DoUDrJyWBa8LLZsg,raydium,,25292,1862390.8313038917
2026-06-01,XOMx,XsaHND8sHyfMfsWPj6kSdd5VwvCayZvjYgKmmcNL5qh,raydium,,475,22184.88489739172
2026-06-01,METAx,Xsa62P5mvPszXL1krVUnU5ar38bBSVcWAB6fmPCo5Zu,byreal,,6103,662944.7261000986
2025-07-01,TSLAx,XsDoVfqeBukxuZHWhdvWHBhgEHjGNst4MLodqsJHzoB,meteora,,22712,3605354.396155575
2026-08-01,TSLAx,XsDoVfqeBukxuZHWhdvWHBhgEHjGNst4MLodqsJHzoB,raydium,,145997,24613093.71940051
2026-08-01,GMEx,Xsf9mBktVB9BSU5kf4nHxPq5hCBJ2j2ui3ecFGxPRGc,raydium,,8343,277497.1828006022
2026-08-01,GOOGLx,XsCPL9dNWBMvFtTmwcCA5v3xWPSMEBCszbQdiLLq6aN,whirlpool,0.003,853,364.84082035749987
2026-01-01,CRCLx,XsueG8BtpquVJX9LVLLEGuViXUungE6WmK5YZ3p3bd1,byreal,,14477,1390796.2995856283
2026-06-01,MSFTx,XspzcW1PRtgf6Wj92HCiZdjzKCyFekVD8P5Ueh3dRMX,whirlpool,,414,674.7638364878379
2026-07-01,QQQx,Xs8S1uUs1zvS2p7iwtsG3b6fkhpvmwz4GYU3gWAmWHZ,meteora,,1071,8499.836925071759
2026-09-01,NVDAx,Xsc9qvGR1efVDFGLrVsmkzv3qi45LTBjeUKSPmx9qEh,raydium_launchlab,,556286,39265365.703436874
2026-09-01,GLDx,Xsv9hRk1z5ystj9MhnA7Lq4vjSsLwzL2nxrwmwtD3re,whirlpool,0.003,15661,1100556.7457198168
2026-09-01,CRCLx,XsueG8BtpquVJX9LVLLEGuViXUungE6WmK5YZ3p3bd1,scorch,,98773,7247621.478736027
2026-06-01,MCDx,XsqE9cRRpzxcGKDXj1BJ7Xmg4GRhZoyY1KpmGSxAWT2,byreal,,1468,144432.7057148786
2025-08-01,GOOGLx,XsCPL9dNWBMvFtTmwcCA5v3xWPSMEBCszbQdiLLq6aN,byreal,,578,832.6299449600572
2025-11-01,QQQx,Xs8S1uUs1zvS2p7iwtsG3b6fkhpvmwz4GYU3gWAmWHZ,whirlpool,,10139,503636.7537936933
2025-07-01,HOODx,XsvNBAYkrDRNhA7wPHQfX3ZUXZyZLdnCQDfHZ56bzpg,meteora,,1355,9425.57963206561
2026-03-01,UNHx,XszvaiXGPwvk2nwb3o9C1CX4K6zH8sez11E6uyup6fe,whirlpool,,118,21.988830035479996
2025-12-01,KOx,XsaBXg8dU5cPM6ehmVctMkVqoiRG2ZjMo1cyBJ3AykQ,raydium,,420,3321.075983670257
2026-06-01,AMZNx,Xs3eBt7uRfJX8QUs4suhyU8p2M6DoUDrJyWBa8LLZsg,whirlpool,,2927,3241.701090619002
2026-04-01,TSLAx,XsDoVfqeBukxuZHWhdvWHBhgEHjGNst4MLodqsJHzoB,manifest,,18766,607331.8887179598
2025-10-01,NVDAx,Xsc9qvGR1efVDFGLrVsmkzv3qi45LTBjeUKSPmx9qEh,meteora,,13281,377108.1611728044
2026-03-01,GOOGLx,XsCPL9dNWBMvFtTmwcCA5v3xWPSMEBCszbQdiLLq6aN,jupiterz,,1393,2315508.5832087346
2026-09-01,PGx,XsYdjDjNUygZ7yGKfQaB6TxLh2gC6RRjzLtLAGJrhzV,whirlpool,,107,5.319443962000001
2026-09-01,STRCx,Xs78JED6PFZxWc2wCEPspZW9kL3Se5J7L5TChKgsidH,whirlpool,0.0004,285,2635.021680270389
2026-05-01,PGx,XsYdjDjNUygZ7yGKfQaB6TxLh2gC6RRjzLtLAGJrhzV,raydium,,149,7553.342020594113
2026-03-01,METAx,Xsa62P5mvPszXL1krVUnU5ar38bBSVcWAB6fmPCo5Zu,jupiterz,,307,267232.49794219685
2025-12-01,GMEx,Xsf9mBktVB9BSU5kf4nHxPq5hCBJ2j2ui3ecFGxPRGc,raydium,,150,73.95910167461302
2026-06-01,MSFTx,XspzcW1PRtgf6Wj92HCiZdjzKCyFekVD8P5Ueh3dRMX,raydium,,17578,1828762.6116118485
2026-09-01,GMEx,Xsf9mBktVB9BSU5kf4nHxPq5hCBJ2j2ui3ecFGxPRGc,jupiterz,,5721,3086244.5370198116
2026-04-01,GOOGLx,XsCPL9dNWBMvFtTmwcCA5v3xWPSMEBCszbQdiLLq6aN,whirlpool,,14982,30754.94533573931
2026-08-01,TSLAx,XsDoVfqeBukxuZHWhdvWHBhgEHjGNst4MLodqsJHzoB,byreal,,8215,1352546.2259839056
2026-05-01,USDEEZNUTZ,XsVpp92LSvJTTeXxdU9MDt7cojXsh1KQeihXv31pump,pumpdotfun,0.01,323,16708.28650986915
2025-10-01,KOx,XsaBXg8dU5cPM6ehmVctMkVqoiRG2ZjMo1cyBJ3AykQ,raydium,,362,6626.008210580663
2026-01-01,XOMx,XsaHND8sHyfMfsWPj6kSdd5VwvCayZvjYgKmmcNL5qh,whirlpool,,123,101.87329593748201
2025-12-01,SPYx,XsoCS1TfEyfFhfvj8EtZ528L3CaKBDBRqRapnBbDF2W,whirlpool,0.0002,247,1943.4562238017918
2026-06-01,MSTRx,XsP7xzNPvEHS1m6qfanPUGjNmdnmsLKEoNAnHjdxxyZ,byreal,,40333,3158251.0108547844
2026-09-01,AAPLx,XsbEhLAtcf6HdfpFZ5xEMdqW8nfAvcsP5bdudRLJzJp,raydium,,313782,24985420.39550437
2026-08-01,GMEx,Xsf9mBktVB9BSU5kf4nHxPq5hCBJ2j2ui3ecFGxPRGc,whirlpool,,43368,2560399.882142671
2026-08-01,KOx,XsaBXg8dU5cPM6ehmVctMkVqoiRG2ZjMo1cyBJ3AykQ,raydium,,6064,462402.2145039373
2026-03-01,GLDx,Xsv9hRk1z5ystj9MhnA7Lq4vjSsLwzL2nxrwmwtD3re,whirlpool,,15216,121389.06307458962
2026-08-01,LLYx,Xsnuv4omNoHozR6EEW5mXkw8Nrny5rB3jVfLqi6gKMH,raydium,,228,5919.710597273443
2025-12-01,NVDAx,Xsc9qvGR1efVDFGLrVsmkzv3qi45LTBjeUKSPmx9qEh,jupiterz,,1281,596003.3128091826
2026-06-01,AAPLx,XsbEhLAtcf6HdfpFZ5xEMdqW8nfAvcsP5bdudRLJzJp,jupiterz,,472,445677.6647806584
2026-09-01,COINx,Xs7ZdzSHLU9ftNJsii5fCeJhoRWSC32SQGzGQtePxNu,meteora,,5509,67734.43109872525
2026-05-01,NVDAx,Xsc9qvGR1efVDFGLrVsmkzv3qi45LTBjeUKSPmx9qEh,manifest,,17612,624316.4849677209
2026-01-01,AMZNx,Xs3eBt7uRfJX8QUs4suhyU8p2M6DoUDrJyWBa8LLZsg,whirlpool,,652,5810.451370877148
2026-01-01,METAx,Xsa62P5mvPszXL1krVUnU5ar38bBSVcWAB6fmPCo5Zu,byreal,,3338,273973.87244259636
2025-08-01,CRCLx,XsueG8BtpquVJX9LVLLEGuViXUungE6WmK5YZ3p3bd1,raydium,,74619,10253543.46205527
2025-09-01,COINx,Xs7ZdzSHLU9ftNJsii5fCeJhoRWSC32SQGzGQtePxNu,meteora,,528,51474.03756844453
2026-03-01,NVDAx,Xsc9qvGR1efVDFGLrVsmkzv3qi45LTBjeUKSPmx9qEh,whirlpool,,62475,1595192.6021187822
2026-03-01,CRCLx,XsueG8BtpquVJX9LVLLEGuViXUungE6WmK5YZ3p3bd1,jupiterz,,1205,1648696.715135456
2026-05-01,QQQx,Xs8S1uUs1zvS2p7iwtsG3b6fkhpvmwz4GYU3gWAmWHZ,byreal,,13963,2289783.6834604153
2026-03-01,SQUIDMERCHANT,XsnoSTstzFJEo9gh2oCyG7GXHvwkQHhEFDZbxDWUrt7,pumpdotfun,0.01,213,8833.94454647567
2026-02-01,OLO,XshPd9J9NG6eyin89L8uxdhji3LJBdgaaiHGkyjpump,meteora,,438,3281.0398580047804
2026-09-01,AMBRx,XsaQTCgebC2KPbf27KUhdv5JFvHhQ4GDAPURwrEhAzb,raydium,,153,546.89587446091
2026-06-01,INTCx,XshPgPdXFRWB8tP1j82rebb2Q9rPgGX37RuqzohmArM,raydium,,7553,242567.0152220712
2026-09-01,MCDx,XsqE9cRRpzxcGKDXj1BJ7Xmg4GRhZoyY1KpmGSxAWT2,raydium,,176649,13480770.79285436
2026-09-01,STRCx,Xs78JED6PFZxWc2wCEPspZW9kL3Se5J7L5TChKgsidH,raydium_launchlab,,28388,1801458.9433887652
2026-09-01,DFDVx,Xs2yquAgsHByNzx68WJC55WHjHBvG9JsMB7CWjTLyPy,jupiterz,,134,25168.01959526865
2026-07-01,COINx,Xs7ZdzSHLU9ftNJsii5fCeJhoRWSC32SQGzGQtePxNu,jupiterz,,3890,2505382.7509271335
2026-04-01,NFLXx,XsEH7wWfJJu2ZT3UCFeVfALnVA6CP5ur7Ee11KmzVpL,raydium,,7542,66257.61307931603
2025-10-01,SPYx,XsoCS1TfEyfFhfvj8EtZ528L3CaKBDBRqRapnBbDF2W,byreal,,6734,611032.4101466457
2026-01-01,NVDAx,Xsc9qvGR1efVDFGLrVsmkzv3qi45LTBjeUKSPmx9qEh,raydium,,61032,8521766.063542219
2025-08-01,METAx,Xsa62P5mvPszXL1krVUnU5ar38bBSVcWAB6fmPCo5Zu,whirlpool,,496,25818.373310460876
2026-01-01,TQQQx,XsjQP3iMAaQ3kQScQKthQpx9ALRbjKAjQtHg6TFomoc,raydium,,608,11517.04296973124
2026-06-01,TQQQx,XsjQP3iMAaQ3kQScQKthQpx9ALRbjKAjQtHg6TFomoc,raydium,,495,2769.3272450665177
2026-03-01,SPYx,XsoCS1TfEyfFhfvj8EtZ528L3CaKBDBRqRapnBbDF2W,whirlpool,0.0002,5851,20380.1883531723
2026-06-01,MSTRx,XsP7xzNPvEHS1m6qfanPUGjNmdnmsLKEoNAnHjdxxyZ,pancakeswap,,260,1.20033638556
2026-03-01,MSTRx,XsP7xzNPvEHS1m6qfanPUGjNmdnmsLKEoNAnHjdxxyZ,jupiterz,,2020,2764136.9716847828
2026-02-01,TSLAx,XsDoVfqeBukxuZHWhdvWHBhgEHjGNst4MLodqsJHzoB,raydium,,125122,18657403.740606375
2026-02-01,SPYx,XsoCS1TfEyfFhfvj8EtZ528L3CaKBDBRqRapnBbDF2W,whirlpool,,52594,1765292.1439614126
2025-06-01,MSTRx,XsP7xzNPvEHS1m6qfanPUGjNmdnmsLKEoNAnHjdxxyZ,raydium,,268,405076.94216815993
2026-06-01,AAPLx,XsbEhLAtcf6HdfpFZ5xEMdqW8nfAvcsP5bdudRLJzJp,pancakeswap,,11542,38427.676133922825
2026-09-01,QQQx,Xs8S1uUs1zvS2p7iwtsG3b6fkhpvmwz4GYU3gWAmWHZ,pancakeswap,,31490,660652.738390209
2026-09-01,STARBUCKS,Xsj5RDq8WkUV2bWfMt4hq1NWXGEsiEHCoaHiAKLpump,pumpswap,0.0025,7564,47532.83393457869
2026-04-01,CRCLx,XsueG8BtpquVJX9LVLLEGuViXUungE6WmK5YZ3p3bd1,raydium,,309235,90110391.5054446
2026-08-01,HOODx,XsvNBAYkrDRNhA7wPHQfX3ZUXZyZLdnCQDfHZ56bzpg,raydium,,46776,2248884.9624812533
2025-08-01,GOOGLx,XsCPL9dNWBMvFtTmwcCA5v3xWPSMEBCszbQdiLLq6aN,whirlpool,,9603,543140.477396338
2025-08-01,MSTRx,XsP7xzNPvEHS1m6qfanPUGjNmdnmsLKEoNAnHjdxxyZ,byreal,,613,1291.5154299240478
2025-09-01,TSLAx,XsDoVfqeBukxuZHWhdvWHBhgEHjGNst4MLodqsJHzoB,pancakeswap,,26803,1024270.9333495168
2025-09-01,HOODx,XsvNBAYkrDRNhA7wPHQfX3ZUXZyZLdnCQDfHZ56bzpg,meteora,,1557,43572.76380268005
2025-11-01,HOODx,XsvNBAYkrDRNhA7wPHQfX3ZUXZyZLdnCQDfHZ56bzpg,byreal,,7150,390554.52525374695
2026-03-01,SPYx,XsoCS1TfEyfFhfvj8EtZ528L3CaKBDBRqRapnBbDF2W,raydium,,100751,24520462.82469757
2026-01-01,AAPLx,XsbEhLAtcf6HdfpFZ5xEMdqW8nfAvcsP5bdudRLJzJp,jupiterz,,659,214788.44298466557
2026-03-01,ACNx,Xs5UJzmCRQ8DWZjskExdSQDnbE6iLkRu2jjrRAB1JSU,whirlpool,,223,268.1602180329701
2026-02-01,SPYx,XsoCS1TfEyfFhfvj8EtZ528L3CaKBDBRqRapnBbDF2W,pancakeswap,,15958,83328.93670336931
2025-08-01,QQQx,Xs8S1uUs1zvS2p7iwtsG3b6fkhpvmwz4GYU3gWAmWHZ,jupiterz,,107,437110.8310509682
2026-04-01,MAx,XsApJFV9MAktqnAc6jqzsHVujxkGm9xcSUffaBoYLKC,whirlpool,,123,43.72064061238999
2026-09-01,⬆️,XsXHWQUqoCreYXCxBnHToeZS2xhfGxznj8kueZrpump,pumpdotfun,0.01,162,2750.94318688858
2025-07-01,SPYx PAY,XsVenrbaNjpuoVGMiiLx4LhrPRGGLBEcqrra8QLKNHp,raydium,,122,1031.2383932202695
2026-06-01,GOOGLx,XsCPL9dNWBMvFtTmwcCA5v3xWPSMEBCszbQdiLLq6aN,whirlpool,,19601,29910.208989588406
2026-09-01,SPYx,XsoCS1TfEyfFhfvj8EtZ528L3CaKBDBRqRapnBbDF2W,manifest,,4975,207550.084957786
2025-10-01,SPYx,XsoCS1TfEyfFhfvj8EtZ528L3CaKBDBRqRapnBbDF2W,whirlpool,0.0002,13465,113014.26008600747
2025-12-01,NVDAx,Xsc9qvGR1efVDFGLrVsmkzv3qi45LTBjeUKSPmx9qEh,meteora,,10449,392602.3960855651
2026-03-01,Vx,XsqgsbXwWogGJsNcVZ3TyVouy2MbTkfCFhCGGGcQZ2p,raydium,,251,4192.211835758507
2026-04-01,MCDx,XsqE9cRRpzxcGKDXj1BJ7Xmg4GRhZoyY1KpmGSxAWT2,whirlpool,,1327,2643.272867686239
2026-08-01,STRCx,Xs78JED6PFZxWc2wCEPspZW9kL3Se5J7L5TChKgsidH,jupiterz,,243,497313.02439881803
2026-07-01,slay,Xsd7aSU6iUxBdy5mn4QQbGiigss2UvhhAVuytbdbngk,meteora,,2196,79493.08564929418
2025-08-01,AMZNx,Xs3eBt7uRfJX8QUs4suhyU8p2M6DoUDrJyWBa8LLZsg,raydium,,3983,142246.5924857599
2025-08-01,CRCLx,XsueG8BtpquVJX9LVLLEGuViXUungE6WmK5YZ3p3bd1,whirlpool,,3440,17718.171095360736
2025-11-01,COINx,Xs7ZdzSHLU9ftNJsii5fCeJhoRWSC32SQGzGQtePxNu,meteora,,2921,143332.77335079917
2026-03-01,GLDx,Xsv9hRk1z5ystj9MhnA7Lq4vjSsLwzL2nxrwmwtD3re,raydium,,80612,5651914.429935647
2026-05-01,HOODx,XsvNBAYkrDRNhA7wPHQfX3ZUXZyZLdnCQDfHZ56bzpg,meteora,,131,8187.068047312501
2026-05-01,TSLAx,XsDoVfqeBukxuZHWhdvWHBhgEHjGNst4MLodqsJHzoB,jupiterz,,479,2642626.3928072904
2026-01-01,CRCLx,XsueG8BtpquVJX9LVLLEGuViXUungE6WmK5YZ3p3bd1,whirlpool,,664,829.0962744198902
2026-07-01,MRVLx,XsuxRGDzbLjnJ72v74b7p9VY6N66uYgTCyfwwRjVCJA,whirlpool,,340,1264.8816787530384
2026-02-01,NVDAx,Xsc9qvGR1efVDFGLrVsmkzv3qi45LTBjeUKSPmx9qEh,meteora,,20197,648723.8270596942
2026-08-01,GLDx,Xsv9hRk1z5ystj9MhnA7Lq4vjSsLwzL2nxrwmwtD3re,jupiterz,,104,121043.48197833351
2026-07-01,QQQx,Xs8S1uUs1zvS2p7iwtsG3b6fkhpvmwz4GYU3gWAmWHZ,pancakeswap,,7237,165315.0609166917
2026-07-01,AAPLx,XsbEhLAtcf6HdfpFZ5xEMdqW8nfAvcsP5bdudRLJzJp,byreal,,5341,238920.94788291506
2026-04-01,AAPLx,XsbEhLAtcf6HdfpFZ5xEMdqW8nfAvcsP5bdudRLJzJp,pancakeswap,,8693,39060.02570097963
2026-08-01,DFDVx,Xs2yquAgsHByNzx68WJC55WHjHBvG9JsMB7CWjTLyPy,whirlpool,,1933,69414.98224727945
2025-12-01,SPYx,XsoCS1TfEyfFhfvj8EtZ528L3CaKBDBRqRapnBbDF2W,whirlpool,,48187,2342615.2020145576
2026-02-01,KOx,XsaBXg8dU5cPM6ehmVctMkVqoiRG2ZjMo1cyBJ3AykQ,raydium,,691,3686.3150969586186
2025-06-01,STU,Xsr4ta2rhUxRWuGQs5XMpbvJm2bzsy3h2K79DL7pump,pumpswap,0.0025,332,10096.948254504472
2025-10-01,BRK.Bx,Xs6B6zawENwAbWVi7w92rjazLuAr5Az59qgWKcNb45x,whirlpool,,148,
2026-06-01,MSTRx,XsP7xzNPvEHS1m6qfanPUGjNmdnmsLKEoNAnHjdxxyZ,whirlpool,,53864,331282.5990928078
2026-09-01,MRVLx,XsuxRGDzbLjnJ72v74b7p9VY6N66uYgTCyfwwRjVCJA,whirlpool,,319,11903.882119023163
2026-04-01,ABTx,XsHtf5RpxsQ7jeJ9ivNewouZKJHbPxhPoEy6yYvULr7,raydium,,2292,1174.5024975186004
2026-04-01,MSTRx,XsP7xzNPvEHS1m6qfanPUGjNmdnmsLKEoNAnHjdxxyZ,byreal,,17836,2082318.4163621077
2025-08-01,METAx,Xsa62P5mvPszXL1krVUnU5ar38bBSVcWAB6fmPCo5Zu,raydium,,792,42262.947351558374
2025-08-01,AAPLx,XsbEhLAtcf6HdfpFZ5xEMdqW8nfAvcsP5bdudRLJzJp,meteora,,5038,46667.38025033215
2026-01-01,CMCSAx,XsvKCaNsxg2GN8jjUmq71qukMJr7Q1c5R2Mk9P8kcS8,whirlpool,,187,2114.6969306616884
2025-09-01,HOODx,XsvNBAYkrDRNhA7wPHQfX3ZUXZyZLdnCQDfHZ56bzpg,byreal,,447,1555.8205843773328
2026-03-01,NVDAx,Xsc9qvGR1efVDFGLrVsmkzv3qi45LTBjeUKSPmx9qEh,pancakeswap,,23123,328787.4063992814
2026-03-01,CRCLx,XsueG8BtpquVJX9LVLLEGuViXUungE6WmK5YZ3p3bd1,meteora,,7223,35593.66127014954
2026-05-01,NVDAx,Xsc9qvGR1efVDFGLrVsmkzv3qi45LTBjeUKSPmx9qEh,whirlpool,0.003,1383,3182.828278502394
2025-08-01,xStock,XsPfnzmQYg3EWncwRDL7Ud1x7c68b5BLr4sQjvc8geR,raydium,,312,1992.27415413144
2026-02-01,GMEx,Xsf9mBktVB9BSU5kf4nHxPq5hCBJ2j2ui3ecFGxPRGc,raydium,,5637,841.6344585086922
2026-02-01,SPYx,XsoCS1TfEyfFhfvj8EtZ528L3CaKBDBRqRapnBbDF2W,byreal,,4802,1272489.7235754724
2025-12-01,SPYx,XsoCS1TfEyfFhfvj8EtZ528L3CaKBDBRqRapnBbDF2W,pancakeswap,,23435,525629.9658000269
2025-07-01,COINx,Xs7ZdzSHLU9ftNJsii5fCeJhoRWSC32SQGzGQtePxNu,meteora,,294,1513.9520935302205
2026-01-01,MSFTx,XspzcW1PRtgf6Wj92HCiZdjzKCyFekVD8P5Ueh3dRMX,whirlpool,,145,390.0302886508449
2025-09-01,COINx,Xs7ZdzSHLU9ftNJsii5fCeJhoRWSC32SQGzGQtePxNu,byreal,,202,471.3731401195771
2026-09-01,Vx,XsqgsbXwWogGJsNcVZ3TyVouy2MbTkfCFhCGGGcQZ2p,manifest,,169,5473.915240653435
2026-09-01,KOx,XsaBXg8dU5cPM6ehmVctMkVqoiRG2ZjMo1cyBJ3AykQ,jupiterz,,448,203579.61128021666
2026-07-01,TSLAx,XsDoVfqeBukxuZHWhdvWHBhgEHjGNst4MLodqsJHzoB,jupiterz,,2329,5491469.972862727
2026-06-01,MRVLx,XsuxRGDzbLjnJ72v74b7p9VY6N66uYgTCyfwwRjVCJA,jupiterz,,125,364351.42916722124
2025-11-01,TSLAx,XsDoVfqeBukxuZHWhdvWHBhgEHjGNst4MLodqsJHzoB,pancakeswap,,53480,2275976.127551623
2025-11-01,QQQx,Xs8S1uUs1zvS2p7iwtsG3b6fkhpvmwz4GYU3gWAmWHZ,raydium,,69894,5686649.398412029
2026-03-01,ACNx,Xs5UJzmCRQ8DWZjskExdSQDnbE6iLkRu2jjrRAB1JSU,raydium,,291,829.0731875786859
2026-07-01,MSFTx,XspzcW1PRtgf6Wj92HCiZdjzKCyFekVD8P5Ueh3dRMX,raydium,,16072,1863231.8262976934
2026-09-01,DFDVx,Xs2yquAgsHByNzx68WJC55WHjHBvG9JsMB7CWjTLyPy,whirlpool,,72855,4375554.779140694
2026-09-01,NVDAx,Xsc9qvGR1efVDFGLrVsmkzv3qi45LTBjeUKSPmx9qEh,jupiterz,,8521,7946763.137843276
2026-09-01,GOOGLx,XsCPL9dNWBMvFtTmwcCA5v3xWPSMEBCszbQdiLLq6aN,byreal,,12598,2101607.892055943
2026-07-01,AMZNx,Xs3eBt7uRfJX8QUs4suhyU8p2M6DoUDrJyWBa8LLZsg,jupiterz,,943,928034.9811364943
2026-08-01,SPCXx,Xs3oZwbHvqis4NYcf4YKWmEia2eC84wSiVrcYcTqpH8,whirlpool,0.003,8499,
2026-03-01,TSLAx,XsDoVfqeBukxuZHWhdvWHBhgEHjGNst4MLodqsJHzoB,raydium,,152082,26165514.660437766
2026-03-01,LLYx,Xsnuv4omNoHozR6EEW5mXkw8Nrny5rB3jVfLqi6gKMH,raydium,,326,10849.606060005073
2026-07-01,CRCLx,XsueG8BtpquVJX9LVLLEGuViXUungE6WmK5YZ3p3bd1,whirlpool,,51346,365287.75707409845
2026-09-01,INTCx,XshPgPdXFRWB8tP1j82rebb2Q9rPgGX37RuqzohmArM,jupiterz,,1935,1933799.2210062372
2026-04-01,GLDx,Xsv9hRk1z5ystj9MhnA7Lq4vjSsLwzL2nxrwmwtD3re,raydium,,43544,3551582.477928738
2026-04-01,STRCx,Xs78JED6PFZxWc2wCEPspZW9kL3Se5J7L5TChKgsidH,raydium,,2353,1010958.5583742018
2026-04-01,NVOx,XsfAzPzYrYjd4Dpa9BU3cusBsvWfVB9gBcyGC87S57n,raydium,,694,570.1692879245899
2025-10-01,GOOGLx,XsCPL9dNWBMvFtTmwcCA5v3xWPSMEBCszbQdiLLq6aN,pancakeswap,,8775,138092.3666058147
2026-08-01,NVDAx,Xsc9qvGR1efVDFGLrVsmkzv3qi45LTBjeUKSPmx9qEh,byreal,,14711,3484600.010445911
2026-08-01,AMDx,XsXcJ6GZ9kVnjqGsjBnktRcuwMBmvKWh8S93RefZ1rF,whirlpool,,1119,15543.317363586126
2026-01-01,QQQx,Xs8S1uUs1zvS2p7iwtsG3b6fkhpvmwz4GYU3gWAmWHZ,byreal,,12113,3274419.995666206
2025-11-01,AMZNx,Xs3eBt7uRfJX8QUs4suhyU8p2M6DoUDrJyWBa8LLZsg,raydium,,8416,431819.67611081264
2025-11-01,AAPLx,XsbEhLAtcf6HdfpFZ5xEMdqW8nfAvcsP5bdudRLJzJp,meteora,,4941,38589.64019194768
2026-03-01,TSLAx,XsDoVfqeBukxuZHWhdvWHBhgEHjGNst4MLodqsJHzoB,meteora,,17545,742423.5585103541
2026-03-01,TSLAx,XsDoVfqeBukxuZHWhdvWHBhgEHjGNst4MLodqsJHzoB,whirlpool,,80856,1590297.7569039718
2026-03-01,AMBRx,XsaQTCgebC2KPbf27KUhdv5JFvHhQ4GDAPURwrEhAzb,raydium,,375,5746.917864144076
2026-03-01,DFDVx,Xs2yquAgsHByNzx68WJC55WHjHBvG9JsMB7CWjTLyPy,whirlpool,,2723,87437.1378154746
2026-09-01,PLTRx,XsoBhf2ufR8fTyNSjqfU71DYGaE6Z3SUGAidpzriAA4,whirlpool,0.01,408,230.27219004725984
2026-09-01,MSTRx,XsP7xzNPvEHS1m6qfanPUGjNmdnmsLKEoNAnHjdxxyZ,pancakeswap,,155,4.06266685946
2025-12-01,AAPLx,XsbEhLAtcf6HdfpFZ5xEMdqW8nfAvcsP5bdudRLJzJp,jupiterz,,327,30588.358338756472
2026-06-01,GLDx,Xsv9hRk1z5ystj9MhnA7Lq4vjSsLwzL2nxrwmwtD3re,jupiterz,,164,175498.9337224723
2026-07-01,AMZNx,Xs3eBt7uRfJX8QUs4suhyU8p2M6DoUDrJyWBa8LLZsg,whirlpool,,2245,3378.56376144158
2026-09-01,MAx,XsApJFV9MAktqnAc6jqzsHVujxkGm9xcSUffaBoYLKC,meteora,,404,6013.855465934231
2026-05-01,TSLAx,XsDoVfqeBukxuZHWhdvWHBhgEHjGNst4MLodqsJHzoB,manifest,,19552,563150.7186283702
2025-10-01,AAPLx,XsbEhLAtcf6HdfpFZ5xEMdqW8nfAvcsP5bdudRLJzJp,meteora,,5517,52554.9268752141
2025-10-01,CRCLx,XsueG8BtpquVJX9LVLLEGuViXUungE6WmK5YZ3p3bd1,byreal,,15633,1377779.3539255431
2026-08-01,GLDx,Xsv9hRk1z5ystj9MhnA7Lq4vjSsLwzL2nxrwmwtD3re,whirlpool,0.003,6562,712379.7003730322
2025-08-01,XPONZI,XsALeJUhYMFp4GHYQvNSv9tHJ1EuMHa1SQ2KRusJkAQ,raydium,,396,4569.104202576409
2026-06-01,SPCXx,Xs3oZwbHvqis4NYcf4YKWmEia2eC84wSiVrcYcTqpH8,raydium,,310,25.09071524380001
2026-03-01,MC,XsMf825dqaZjabvhAXTaW9WC1cRdmNCGGaUVwoJSzPf,meteora,,5334,1580018.1682390198
2026-03-01,GOOGLx,XsCPL9dNWBMvFtTmwcCA5v3xWPSMEBCszbQdiLLq6aN,byreal,,19762,2506809.8598867212
2026-03-01,METAx,Xsa62P5mvPszXL1krVUnU5ar38bBSVcWAB6fmPCo5Zu,whirlpool,,756,1888.145916662697
2026-06-01,SPYx,XsoCS1TfEyfFhfvj8EtZ528L3CaKBDBRqRapnBbDF2W,jupiterz,,6996,12235938.27648107
2026-09-01,TSLAx,XsDoVfqeBukxuZHWhdvWHBhgEHjGNst4MLodqsJHzoB,whirlpool,,168815,3495188.438588898
2026-04-01,CRCLx,XsueG8BtpquVJX9LVLLEGuViXUungE6WmK5YZ3p3bd1,meteora,,2908,36335.96364607135
2025-10-01,MSTRx,XsP7xzNPvEHS1m6qfanPUGjNmdnmsLKEoNAnHjdxxyZ,pancakeswap,,16673,554077.6003132547
2025-10-01,CRCLx,XsueG8BtpquVJX9LVLLEGuViXUungE6WmK5YZ3p3bd1,whirlpool,,5146,9072.876964228166
2026-01-01,TSLAx,XsDoVfqeBukxuZHWhdvWHBhgEHjGNst4MLodqsJHzoB,whirlpool,,115536,12004920.844968673
2025-12-01,CRCLx,XsueG8BtpquVJX9LVLLEGuViXUungE6WmK5YZ3p3bd1,meteora,,7927,138136.45375352513
2025-11-01,AMZNx,Xs3eBt7uRfJX8QUs4suhyU8p2M6DoUDrJyWBa8LLZsg,byreal,,3278,173271.1972280048
2026-05-01,METAx,Xsa62P5mvPszXL1krVUnU5ar38bBSVcWAB6fmPCo5Zu,whirlpool,,306,322.74948647135614
2026-02-01,TSLAx,XsDoVfqeBukxuZHWhdvWHBhgEHjGNst4MLodqsJHzoB,whirlpool,0.01,144,27.61668467327001
2026-05-01,METAx,Xsa62P5mvPszXL1krVUnU5ar38bBSVcWAB6fmPCo5Zu,jupiterz,,233,251139.51106588275
2026-07-01,ORCLx,XsjFwUPiLofddX5cWFHW35GCbXcSu1BCUGfxoQAQjeL,jupiterz,,107,58677.789592673
2026-09-01,PLTRx,XsoBhf2ufR8fTyNSjqfU71DYGaE6Z3SUGAidpzriAA4,raydium_launchlab,,76030,4990580.083143351
2026-09-01,CRCLx,XsueG8BtpquVJX9LVLLEGuViXUungE6WmK5YZ3p3bd1,byreal,,52825,15656087.624540819
2026-05-01,MSTRx,XsP7xzNPvEHS1m6qfanPUGjNmdnmsLKEoNAnHjdxxyZ,whirlpool,,50568,1637954.5102572737
2025-11-01,TQQQx,XsjQP3iMAaQ3kQScQKthQpx9ALRbjKAjQtHg6TFomoc,whirlpool,,132,218.999632545779
2026-03-01,GLDx,Xsv9hRk1z5ystj9MhnA7Lq4vjSsLwzL2nxrwmwtD3re,jupiterz,,547,412944.42077352956
2026-01-01,ACNx,Xs5UJzmCRQ8DWZjskExdSQDnbE6iLkRu2jjrRAB1JSU,whirlpool,,122,543.8019882992301
2025-11-01,MSFTx,XspzcW1PRtgf6Wj92HCiZdjzKCyFekVD8P5Ueh3dRMX,raydium,,705,22513.777884419676
2026-06-01,NVDAx,Xsc9qvGR1efVDFGLrVsmkzv3qi45LTBjeUKSPmx9qEh,pancakeswap,,3294,7598.264825730227
2026-09-01,HOODx,XsvNBAYkrDRNhA7wPHQfX3ZUXZyZLdnCQDfHZ56bzpg,raydium,,157345,15287366.903390417
2026-09-01,BRK.Bx,Xs6B6zawENwAbWVi7w92rjazLuAr5Az59qgWKcNb45x,meteora,,2782,71444.37514237018
2026-09-01,MSTRx,XsP7xzNPvEHS1m6qfanPUGjNmdnmsLKEoNAnHjdxxyZ,jupiterz,,3600,5756087.037948441
2026-04-01,QQQx,Xs8S1uUs1zvS2p7iwtsG3b6fkhpvmwz4GYU3gWAmWHZ,byreal,,13549,2050740.6615535715
2026-08-01,GOOGLx,XsCPL9dNWBMvFtTmwcCA5v3xWPSMEBCszbQdiLLq6aN,meteora,,4515,80365.9509674661
2026-05-01,XOMx,XsaHND8sHyfMfsWPj6kSdd5VwvCayZvjYgKmmcNL5qh,raydium,,664,62489.246955692404
2026-01-01,AAPLx,XsbEhLAtcf6HdfpFZ5xEMdqW8nfAvcsP5bdudRLJzJp,byreal,,9562,508070.1685466126
2025-08-01,NVDAx,Xsc9qvGR1efVDFGLrVsmkzv3qi45LTBjeUKSPmx9qEh,whirlpool,,46424,2105985.520168608
2026-01-01,METAx,Xsa62P5mvPszXL1krVUnU5ar38bBSVcWAB6fmPCo5Zu,jupiterz,,320,319953.4348617942
2026-06-01,SNDKx,Xswbpc8UqU6e1j9QZEWCjBMjyvz4twqD7PCy6j2e7jj,manifest,,253,3701.2004989942448
2025-11-01,CRCLx,XsueG8BtpquVJX9LVLLEGuViXUungE6WmK5YZ3p3bd1,pancakeswap,,2606,3728.61282362441
2026-03-01,MSTRx,XsP7xzNPvEHS1m6qfanPUGjNmdnmsLKEoNAnHjdxxyZ,byreal,,18294,1029613.1228324506
2026-02-01,SPYx,XsoCS1TfEyfFhfvj8EtZ528L3CaKBDBRqRapnBbDF2W,jupiterz,,917,1947204.9227770779
2026-05-01,GOOGLx,XsCPL9dNWBMvFtTmwcCA5v3xWPSMEBCszbQdiLLq6aN,jupiterz,,365,2529099.6939048227
2026-07-01,USA250,Xs9FXRmmRPwUMEsbc5qsPabAUex1DNWmcvhLHm3T6zM,meteora,,271,47485.29974134252
2025-12-01,PGx,XsYdjDjNUygZ7yGKfQaB6TxLh2gC6RRjzLtLAGJrhzV,raydium,,190,1073.4029143956652
2026-06-01,SPYx,XsoCS1TfEyfFhfvj8EtZ528L3CaKBDBRqRapnBbDF2W,tessera,,132332,93505225.20405835
2026-09-01,VIDAx,XsfCC9VL4DamVGNgdJpfLXB3sBVa158Gbx8sh7NzmTk,whirlpool,,18972,1035012.4099889206
2025-10-01,AMZNx,Xs3eBt7uRfJX8QUs4suhyU8p2M6DoUDrJyWBa8LLZsg,raydium,,7272,554885.7707713366
2025-10-01,MSFTx,XspzcW1PRtgf6Wj92HCiZdjzKCyFekVD8P5Ueh3dRMX,raydium,,777,12128.991615180455
2026-01-01,NVDAx,Xsc9qvGR1efVDFGLrVsmkzv3qi45LTBjeUKSPmx9qEh,pancakeswap,,17073,760934.5782173808
2026-01-01,SPYx,XsoCS1TfEyfFhfvj8EtZ528L3CaKBDBRqRapnBbDF2W,byreal,,8267,1707222.51713046
2025-12-01,NVDAx,Xsc9qvGR1efVDFGLrVsmkzv3qi45LTBjeUKSPmx9qEh,whirlpool,,45131,1543067.797657283
2026-03-01,AMZNx,Xs3eBt7uRfJX8QUs4suhyU8p2M6DoUDrJyWBa8LLZsg,raydium,,23112,3602622.493575635
2026-02-01,PGx,XsYdjDjNUygZ7yGKfQaB6TxLh2gC6RRjzLtLAGJrhzV,raydium,,163,1678.9903642012027
2026-06-01,BRK.Bx,Xs6B6zawENwAbWVi7w92rjazLuAr5Az59qgWKcNb45x,raydium,,1696,162837.5201436971
2026-07-01,MSTRx,XsP7xzNPvEHS1m6qfanPUGjNmdnmsLKEoNAnHjdxxyZ,alphaq,,21796,1919820.1920880396
2026-09-01,SPYx,XsoCS1TfEyfFhfvj8EtZ528L3CaKBDBRqRapnBbDF2W,meteora,,73509,4061548.0109633817
2026-09-01,SPCXx,Xs3oZwbHvqis4NYcf4YKWmEia2eC84wSiVrcYcTqpH8,whirlpool,0.003,3826,
2026-08-01,XOMx,XsaHND8sHyfMfsWPj6kSdd5VwvCayZvjYgKmmcNL5qh,raydium,,508,18020.89359569178
2026-05-01,AMZNx,Xs3eBt7uRfJX8QUs4suhyU8p2M6DoUDrJyWBa8LLZsg,raydium,,14513,1486439.237984855
2026-01-01,SPYx,XsoCS1TfEyfFhfvj8EtZ528L3CaKBDBRqRapnBbDF2W,whirlpool,,48494,2731726.6265915106
2025-12-01,GLDx,Xsv9hRk1z5ystj9MhnA7Lq4vjSsLwzL2nxrwmwtD3re,raydium,,31738,855805.5733315203
2026-05-01,ACNx,Xs5UJzmCRQ8DWZjskExdSQDnbE6iLkRu2jjrRAB1JSU,raydium,,118,370.76319164561204
2026-05-01,CRCLx,XsueG8BtpquVJX9LVLLEGuViXUungE6WmK5YZ3p3bd1,whirlpool,0.003,421,128.568626893781
2026-01-01,HOODx,XsvNBAYkrDRNhA7wPHQfX3ZUXZyZLdnCQDfHZ56bzpg,jupiterz,,215,117621.56742598377
2025-07-01,MSTRx,XsP7xzNPvEHS1m6qfanPUGjNmdnmsLKEoNAnHjdxxyZ,jupiterz,,111,210935.73283341364
2025-12-01,AAPLx,XsbEhLAtcf6HdfpFZ5xEMdqW8nfAvcsP5bdudRLJzJp,whirlpool,,516,219.38577292031002
2025-11-01,BRK.Bx,Xs6B6zawENwAbWVi7w92rjazLuAr5Az59qgWKcNb45x,raydium,,523,42684.03324767118
2026-06-01,QQQx,Xs8S1uUs1zvS2p7iwtsG3b6fkhpvmwz4GYU3gWAmWHZ,whirlpool,,29094,172330.92342808907
2026-06-01,SPCXx,Xs3oZwbHvqis4NYcf4YKWmEia2eC84wSiVrcYcTqpH8,byreal,,161145,29241078.624246523
2026-07-01,NVDAx,Xsc9qvGR1efVDFGLrVsmkzv3qi45LTBjeUKSPmx9qEh,raydium,,230137,40756951.044545405
2026-09-01,AAPLx,XsbEhLAtcf6HdfpFZ5xEMdqW8nfAvcsP5bdudRLJzJp,whirlpool,0.003,1883,2265.7651699763987
2025-07-01,MSTRx,XsP7xzNPvEHS1m6qfanPUGjNmdnmsLKEoNAnHjdxxyZ,whirlpool,,37631,2320647.1757026827
2026-04-01,COINx,Xs7ZdzSHLU9ftNJsii5fCeJhoRWSC32SQGzGQtePxNu,pancakeswap,,1815,1446.4792563315575
2026-08-01,COINx,Xs7ZdzSHLU9ftNJsii5fCeJhoRWSC32SQGzGQtePxNu,jupiterz,,1861,1359811.574634677
2026-08-01,TQQQx,XsjQP3iMAaQ3kQScQKthQpx9ALRbjKAjQtHg6TFomoc,whirlpool,,805,8773.139148150865
2026-01-01,TSLAx,XsDoVfqeBukxuZHWhdvWHBhgEHjGNst4MLodqsJHzoB,pancakeswap,,30347,1501377.2885178342
2025-11-01,CRCLx,XsueG8BtpquVJX9LVLLEGuViXUungE6WmK5YZ3p3bd1,jupiterz,,1137,1106072.170878945
2026-01-01,やらないか,XsKkgmtF9nhgs8JJ8JpgsxFHdXXPGUJGyRrRXVWuGeZ,meteora,,607,129438.23199903469
2025-09-01,QQQx,Xs8S1uUs1zvS2p7iwtsG3b6fkhpvmwz4GYU3gWAmWHZ,jupiterz,,100,311397.47064947675
2026-04-01,SPYx,XsoCS1TfEyfFhfvj8EtZ528L3CaKBDBRqRapnBbDF2W,jupiterz,,1686,3598614.786454805
2026-07-01,ORCLx,XsjFwUPiLofddX5cWFHW35GCbXcSu1BCUGfxoQAQjeL,whirlpool,,168,237.70648997477912
2025-07-01,GOOGLx,XsCPL9dNWBMvFtTmwcCA5v3xWPSMEBCszbQdiLLq6aN,meteora,,5354,100476.8908671116
2025-10-01,QQQx,Xs8S1uUs1zvS2p7iwtsG3b6fkhpvmwz4GYU3gWAmWHZ,raydium,,26065,1426406.1472865345
2026-06-01,BRK.Bx,Xs6B6zawENwAbWVi7w92rjazLuAr5Az59qgWKcNb45x,meteora,,257,139.3784304948
2026-09-01,WMTx,Xs151QeqTCiuKtinzfRATnUESM2xTU6V9Wy8Vy538ci,meteora,,397,11347.42052006791
2025-09-01,UP99,Xs2sYrFzYBVpKShtj2JregPxp5KVjsDeEHy7Zptdaos,meteora,,2282,192534.3559715979
2026-06-01,QQQx,Xs8S1uUs1zvS2p7iwtsG3b6fkhpvmwz4GYU3gWAmWHZ,alphaq,,525,112184.25430837221
2026-03-01,HOODx,XsvNBAYkrDRNhA7wPHQfX3ZUXZyZLdnCQDfHZ56bzpg,raydium,,41995,6480166.4156034915
2026-07-01,MSFTx,XspzcW1PRtgf6Wj92HCiZdjzKCyFekVD8P5Ueh3dRMX,whirlpool,,432,634.3859502645548
2026-02-01,GOOGLx,XsCPL9dNWBMvFtTmwcCA5v3xWPSMEBCszbQdiLLq6aN,raydium,,36077,2994868.0274700196
2025-07-01,xUSADAY,XsbEqHJdn2h2qVhjrSSdN9oHQhyBNu2or3yxRjTK6f1,raydium,,161,1378.002049308241
2025-07-01,SPYx Pay,XsJRpa2D6gevyqLuPejS5pxsxHLbYbGDmUAcrgjaQgg,raydium,,186,635.4513554125401
2026-07-01,MCDx,XsqE9cRRpzxcGKDXj1BJ7Xmg4GRhZoyY1KpmGSxAWT2,meteora,,193,64.40558586760002
2025-08-01,HOODx,XsvNBAYkrDRNhA7wPHQfX3ZUXZyZLdnCQDfHZ56bzpg,byreal,,148,683.781615275113
2026-07-01,GOOGLx,XsCPL9dNWBMvFtTmwcCA5v3xWPSMEBCszbQdiLLq6aN,pancakeswap,,113,0.6708506634800002
2026-08-01,GMEx,Xsf9mBktVB9BSU5kf4nHxPq5hCBJ2j2ui3ecFGxPRGc,jupiterz,,159,59657.66693969069
2026-09-01,SPYx,XsoCS1TfEyfFhfvj8EtZ528L3CaKBDBRqRapnBbDF2W,scorch,,65617,5774558.419182331
2026-09-01,AMZNx,Xs3eBt7uRfJX8QUs4suhyU8p2M6DoUDrJyWBa8LLZsg,manifest,,3805,111651.43221366916
2026-08-01,AMZNx,Xs3eBt7uRfJX8QUs4suhyU8p2M6DoUDrJyWBa8LLZsg,meteora,,4063,40604.30332448653
2025-09-01,AMZNx,Xs3eBt7uRfJX8QUs4suhyU8p2M6DoUDrJyWBa8LLZsg,byreal,,322,682.7957705399368
2026-06-01,SPYx,XsoCS1TfEyfFhfvj8EtZ528L3CaKBDBRqRapnBbDF2W,whirlpool,,945027,698271848.7539532
2026-09-01,MSTRx,XsP7xzNPvEHS1m6qfanPUGjNmdnmsLKEoNAnHjdxxyZ,raydium_launchlab,,42826,3059534.130354357
2026-07-01,MSFTx,XspzcW1PRtgf6Wj92HCiZdjzKCyFekVD8P5Ueh3dRMX,jupiterz,,2293,1665095.0770091563
2026-04-01,PGx,XsYdjDjNUygZ7yGKfQaB6TxLh2gC6RRjzLtLAGJrhzV,raydium,,240,6639.124470633247
2026-08-01,BRK.Bx,Xs6B6zawENwAbWVi7w92rjazLuAr5Az59qgWKcNb45x,raydium,,8291,820029.0343729536
2026-06-01,Vx,XsqgsbXwWogGJsNcVZ3TyVouy2MbTkfCFhCGGGcQZ2p,raydium,,399,8512.961917102784
2025-12-01,NVDAx,Xsc9qvGR1efVDFGLrVsmkzv3qi45LTBjeUKSPmx9qEh,raydium,,57051,4260002.659914541
2026-02-01,METAx,Xsa62P5mvPszXL1krVUnU5ar38bBSVcWAB6fmPCo5Zu,byreal,,3658,202948.07365779614
2025-12-01,TQQQx,XsjQP3iMAaQ3kQScQKthQpx9ALRbjKAjQtHg6TFomoc,raydium,,175,2196.75688319658
2026-08-01,MCDx,XsqE9cRRpzxcGKDXj1BJ7Xmg4GRhZoyY1KpmGSxAWT2,jupiterz,,290,516596.6047312768
2026-06-01,SPCXx,Xs3oZwbHvqis4NYcf4YKWmEia2eC84wSiVrcYcTqpH8,meteora,,25441,2433507.3440332585
2026-07-01,INTCx,XshPgPdXFRWB8tP1j82rebb2Q9rPgGX37RuqzohmArM,raydium,,6666,305784.2332560427
2026-09-01,more,Xs4WAEZqMYbXDLiWMwfnArRvnDtpinPmP9HDLNWuXSX,pumpdotfun,0.01,1085,48623.771789223065
2025-07-01,AAPLx,XsbEhLAtcf6HdfpFZ5xEMdqW8nfAvcsP5bdudRLJzJp,meteora,,12074,191793.97196154617
2026-06-01,QQQx,Xs8S1uUs1zvS2p7iwtsG3b6fkhpvmwz4GYU3gWAmWHZ,pancakeswap,,944,2747.878860299646
2025-12-01,WET,XsPySBLuQMhCCod26CbzuGAcNYkiXPiSFnwwmeDqn9u,meteora,,3051,49220.31541328931
2025-09-01,MSTRx,XsP7xzNPvEHS1m6qfanPUGjNmdnmsLKEoNAnHjdxxyZ,meteora,,7324,373427.11922784674
2026-05-01,NVDAx,Xsc9qvGR1efVDFGLrVsmkzv3qi45LTBjeUKSPmx9qEh,jupiterz,,2373,5005551.634544964
2025-12-01,COINx,Xs7ZdzSHLU9ftNJsii5fCeJhoRWSC32SQGzGQtePxNu,meteora,,1684,152014.8604339016
2026-04-01,UNHx,XszvaiXGPwvk2nwb3o9C1CX4K6zH8sez11E6uyup6fe,whirlpool,,143,26.516003698209996
2026-09-01,SPYx,XsoCS1TfEyfFhfvj8EtZ528L3CaKBDBRqRapnBbDF2W,whirlpool,,478820,26549911.494224876
2026-09-01,PLTRx,XsoBhf2ufR8fTyNSjqfU71DYGaE6Z3SUGAidpzriAA4,meteora,,54682,3974024.1842492046
2026-09-01,QQQx,Xs8S1uUs1zvS2p7iwtsG3b6fkhpvmwz4GYU3gWAmWHZ,manifest,,4037,153884.16515909767
2025-07-01,NVDAx,Xsc9qvGR1efVDFGLrVsmkzv3qi45LTBjeUKSPmx9qEh,meteora,,2617,16412.161244083603
2026-08-01,MSTRx,XsP7xzNPvEHS1m6qfanPUGjNmdnmsLKEoNAnHjdxxyZ,jupiterz,,1075,4205614.5419398155
2026-08-01,HOODx,XsvNBAYkrDRNhA7wPHQfX3ZUXZyZLdnCQDfHZ56bzpg,meteora,,1765,3740.002925893666
2026-05-01,NVDAx,Xsc9qvGR1efVDFGLrVsmkzv3qi45LTBjeUKSPmx9qEh,pancakeswap,,18328,177367.06066947544
2026-06-01,METAx,Xsa62P5mvPszXL1krVUnU5ar38bBSVcWAB6fmPCo5Zu,jupiterz,,660,667607.3897623308
2026-03-01,MCDx,XsqE9cRRpzxcGKDXj1BJ7Xmg4GRhZoyY1KpmGSxAWT2,raydium,,3154,205154.6738442867
2026-03-01,GMEx,Xsf9mBktVB9BSU5kf4nHxPq5hCBJ2j2ui3ecFGxPRGc,whirlpool,,12902,2943.7602284014833
2026-02-01,ZEUS,Xs53Eyq3YwJ7iBsKX4p3zJ1q13BqWScRnduG1cJpump,pumpdotfun,0.01,1817,23874.70058231401
2026-04-01,PLTRx,XsoBhf2ufR8fTyNSjqfU71DYGaE6Z3SUGAidpzriAA4,jupiterz,,106,124946.94094530895
2026-09-01,AZNx,Xs3ZFkPYT2BN7qBMqf1j1bfTeTm1rFzEFSsQ1z3wAKU,raydium,,376,2067.8709377992864
2026-08-01,QQQx,Xs8S1uUs1zvS2p7iwtsG3b6fkhpvmwz4GYU3gWAmWHZ,whirlpool,,28567,248943.48778743466
2026-08-01,AAPLx,XsbEhLAtcf6HdfpFZ5xEMdqW8nfAvcsP5bdudRLJzJp,raydium,,37360,2504929.996532272
2026-03-01,QQQx,Xs8S1uUs1zvS2p7iwtsG3b6fkhpvmwz4GYU3gWAmWHZ,whirlpool,,7235,134931.41853094267
2026-04-01,GLDx,Xsv9hRk1z5ystj9MhnA7Lq4vjSsLwzL2nxrwmwtD3re,meteora,,697,21636.970725879448
2025-08-01,xStock,XsNn2Kfiq9HbSZQeZLSpuUyzNChUqaSAvo1J4zVJ7kK,raydium,,124,785.2343010474004
2026-06-01,TSLAx,XsDoVfqeBukxuZHWhdvWHBhgEHjGNst4MLodqsJHzoB,meteora,,21163,429074.36195651104
2026-06-01,BRK.Bx,Xs6B6zawENwAbWVi7w92rjazLuAr5Az59qgWKcNb45x,whirlpool,,177,7.464875059743003
2026-09-01,Anthropic,XsbuapAoGRrJ46yPScNwgWXBF5UbxHJBEMva3d6tiqv,meteora,,127,40.124993791529995
2026-09-01,GOOGLx,XsCPL9dNWBMvFtTmwcCA5v3xWPSMEBCszbQdiLLq6aN,manifest,,12865,207602.80415687873
2026-09-01,UNHx,XszvaiXGPwvk2nwb3o9C1CX4K6zH8sez11E6uyup6fe,whirlpool,,1854,15681.55059715479
2026-07-01,HOODx,XsvNBAYkrDRNhA7wPHQfX3ZUXZyZLdnCQDfHZ56bzpg,byreal,,17513,1242399.1698700194
2026-07-01,PLTRx,XsoBhf2ufR8fTyNSjqfU71DYGaE6Z3SUGAidpzriAA4,jupiterz,,116,118023.28544090809
2026-07-01,TSLAx,XsDoVfqeBukxuZHWhdvWHBhgEHjGNst4MLodqsJHzoB,byreal,,19560,4051559.568599715
2025-12-01,TSLAx,XsDoVfqeBukxuZHWhdvWHBhgEHjGNst4MLodqsJHzoB,pancakeswap,,25649,773978.3646341831
2026-06-01,LLYx,Xsnuv4omNoHozR6EEW5mXkw8Nrny5rB3jVfLqi6gKMH,raydium,,235,14348.295475335251
2026-03-01,GOOGLx,XsCPL9dNWBMvFtTmwcCA5v3xWPSMEBCszbQdiLLq6aN,whirlpool,,12398,31371.98814163131
2026-03-01,XOMx,XsaHND8sHyfMfsWPj6kSdd5VwvCayZvjYgKmmcNL5qh,raydium,,3092,83127.83614306104
2025-11-01,Vx,XsqgsbXwWogGJsNcVZ3TyVouy2MbTkfCFhCGGGcQZ2p,raydium,,358,4481.699213779516
2026-07-01,MESSI,XsUXyyJBrrB1cTAxB8jvVr3Myc7CMrFtWcjzxHkpump,pumpdotfun,0.01,135,447.8010682233898
2026-08-01,MSTRx,XsP7xzNPvEHS1m6qfanPUGjNmdnmsLKEoNAnHjdxxyZ,pancakeswap,,198,3.0736343449900017
2026-02-01,WMTx,Xs151QeqTCiuKtinzfRATnUESM2xTU6V9Wy8Vy538ci,whirlpool,,214,53.57639058674001
2026-06-01,SPYx,XsoCS1TfEyfFhfvj8EtZ528L3CaKBDBRqRapnBbDF2W,byreal,,10996,1267310.6685732573
2026-08-01,PLTRx,XsoBhf2ufR8fTyNSjqfU71DYGaE6Z3SUGAidpzriAA4,raydium,,9946,1065504.1982055572
2026-08-01,STRCx,Xs78JED6PFZxWc2wCEPspZW9kL3Se5J7L5TChKgsidH,byreal,,2008,451428.8577789747
2026-08-01,AMZNx,Xs3eBt7uRfJX8QUs4suhyU8p2M6DoUDrJyWBa8LLZsg,jupiterz,,987,919458.3968363678
2026-05-01,AAPLx,XsbEhLAtcf6HdfpFZ5xEMdqW8nfAvcsP5bdudRLJzJp,pancakeswap,,6649,25237.17486891119
2025-09-01,NVDAx,Xsc9qvGR1efVDFGLrVsmkzv3qi45LTBjeUKSPmx9qEh,pancakeswap,,13000,163693.53927041724
2026-01-01,WhiteWhal,Xsknt3wRBVWJJQBB1pt4ANnxAkVmzzMVJpwGVF1VrYJ,meteora,,354,32528.35619264559
2026-06-01,AVGOx,XsgSaSvNSqLTtFuyWPBhK9196Xb9Bbdyjj4fH3cPJGo,jupiterz,,248,405800.94216855254
2026-08-01,MSTRx,XsP7xzNPvEHS1m6qfanPUGjNmdnmsLKEoNAnHjdxxyZ,meteora,,12764,113323.49034259314
2026-05-01,GMEx,Xsf9mBktVB9BSU5kf4nHxPq5hCBJ2j2ui3ecFGxPRGc,whirlpool,,10076,30651.979071780588
2025-11-01,GLDx,Xsv9hRk1z5ystj9MhnA7Lq4vjSsLwzL2nxrwmwtD3re,whirlpool,,12309,505505.71676242375
2026-02-01,TSLAx,XsDoVfqeBukxuZHWhdvWHBhgEHjGNst4MLodqsJHzoB,meteora,,22100,976626.6892221002
2026-07-01,KOx,XsaBXg8dU5cPM6ehmVctMkVqoiRG2ZjMo1cyBJ3AykQ,whirlpool,,474,162.7676714217392
2026-06-01,GLDx,Xsv9hRk1z5ystj9MhnA7Lq4vjSsLwzL2nxrwmwtD3re,whirlpool,0.003,3151,240288.0657066719
2026-06-01,STRCx,Xs78JED6PFZxWc2wCEPspZW9kL3Se5J7L5TChKgsidH,byreal,,7433,1314909.2371450074
2026-09-01,AMDx,XsXcJ6GZ9kVnjqGsjBnktRcuwMBmvKWh8S93RefZ1rF,jupiterz,,209,162116.19645731634
2026-04-01,NVDAx,Xsc9qvGR1efVDFGLrVsmkzv3qi45LTBjeUKSPmx9qEh,whirlpool,,65689,1378031.7967501553
2026-04-01,GOOGLx,XsCPL9dNWBMvFtTmwcCA5v3xWPSMEBCszbQdiLLq6aN,jupiterz,,1048,1327201.5694576385
2026-08-01,QQQx,Xs8S1uUs1zvS2p7iwtsG3b6fkhpvmwz4GYU3gWAmWHZ,pancakeswap,,14129,344990.8858734292
2026-01-01,SPYx,XsoCS1TfEyfFhfvj8EtZ528L3CaKBDBRqRapnBbDF2W,raydium,,39343,11987694.610281536
2025-08-01,SPYx,XsoCS1TfEyfFhfvj8EtZ528L3CaKBDBRqRapnBbDF2W,raydium,,55891,7537480.512716495
2025-12-01,GLDx,Xsv9hRk1z5ystj9MhnA7Lq4vjSsLwzL2nxrwmwtD3re,whirlpool,,6859,201810.4710306704
2026-06-01,QQQx,Xs8S1uUs1zvS2p7iwtsG3b6fkhpvmwz4GYU3gWAmWHZ,meteora,,4299,43985.371910233196
2026-07-01,QQQx,Xs8S1uUs1zvS2p7iwtsG3b6fkhpvmwz4GYU3gWAmWHZ,raydium,,120925,17879317.287480626
2026-09-01,COINx,Xs7ZdzSHLU9ftNJsii5fCeJhoRWSC32SQGzGQtePxNu,raydium,,170867,15681899.096488154
2026-09-01,PLTRx,XsoBhf2ufR8fTyNSjqfU71DYGaE6Z3SUGAidpzriAA4,jupiterz,,2507,994700.7406401677
2026-07-01,TSLAx,XsDoVfqeBukxuZHWhdvWHBhgEHjGNst4MLodqsJHzoB,whirlpool,0.003,123,1.4298498129000008
2026-05-01,MSTRx,XsP7xzNPvEHS1m6qfanPUGjNmdnmsLKEoNAnHjdxxyZ,byreal,,15469,2153154.640261704
2025-10-01,COINx,Xs7ZdzSHLU9ftNJsii5fCeJhoRWSC32SQGzGQtePxNu,byreal,,814,1336.464276995217
2026-06-01,MCDx,XsqE9cRRpzxcGKDXj1BJ7Xmg4GRhZoyY1KpmGSxAWT2,raydium,,553,28112.41343993144
2026-04-01,AVGOx,XsgSaSvNSqLTtFuyWPBhK9196Xb9Bbdyjj4fH3cPJGo,raydium,,688,20524.78544352826
2026-08-01,ORCLx,XsjFwUPiLofddX5cWFHW35GCbXcSu1BCUGfxoQAQjeL,whirlpool,,293,847.0430695865284
2025-11-01,KOx,XsaBXg8dU5cPM6ehmVctMkVqoiRG2ZjMo1cyBJ3AykQ,raydium,,444,4446.591465096106
2026-05-01,METAx,Xsa62P5mvPszXL1krVUnU5ar38bBSVcWAB6fmPCo5Zu,byreal,,7825,450161.2504560175
2026-06-01,GLDx,Xsv9hRk1z5ystj9MhnA7Lq4vjSsLwzL2nxrwmwtD3re,byreal,,313,43.230363138364034
2026-05-01,GLDx,Xsv9hRk1z5ystj9MhnA7Lq4vjSsLwzL2nxrwmwtD3re,meteora,,1053,25653.951609167816
2026-02-01,CMCSAx,XsvKCaNsxg2GN8jjUmq71qukMJr7Q1c5R2Mk9P8kcS8,whirlpool,,809,2345.969488279554
2026-03-01,SPYx,XsoCS1TfEyfFhfvj8EtZ528L3CaKBDBRqRapnBbDF2W,whirlpool,0.01,193,46.37353986885998
2025-12-01,MSTRx,XsP7xzNPvEHS1m6qfanPUGjNmdnmsLKEoNAnHjdxxyZ,jupiterz,,552,891978.079681459
2026-04-01,PGx,XsYdjDjNUygZ7yGKfQaB6TxLh2gC6RRjzLtLAGJrhzV,whirlpool,,102,26.736435542901997
2026-06-01,MSTRx,XsP7xzNPvEHS1m6qfanPUGjNmdnmsLKEoNAnHjdxxyZ,jupiterz,,3443,3702119.4382855077
2026-07-01,COINx,Xs7ZdzSHLU9ftNJsii5fCeJhoRWSC32SQGzGQtePxNu,whirlpool,,13249,79834.23607667537
2026-09-01,NVDAx,Xsc9qvGR1efVDFGLrVsmkzv3qi45LTBjeUKSPmx9qEh,raydium,,2063632,218243890.21581295
2026-07-01,AMZNx,Xs3eBt7uRfJX8QUs4suhyU8p2M6DoUDrJyWBa8LLZsg,byreal,,4531,128824.66928795738
2026-04-01,HOODx,XsvNBAYkrDRNhA7wPHQfX3ZUXZyZLdnCQDfHZ56bzpg,pancakeswap,,2414,15721.067397105397
2026-08-01,MCDx,XsqE9cRRpzxcGKDXj1BJ7Xmg4GRhZoyY1KpmGSxAWT2,raydium,,13355,1311639.6629586136
2026-05-01,NVDAx,Xsc9qvGR1efVDFGLrVsmkzv3qi45LTBjeUKSPmx9qEh,meteora,,9300,95543.62383648993
2026-05-01,MCDx,XsqE9cRRpzxcGKDXj1BJ7Xmg4GRhZoyY1KpmGSxAWT2,byreal,,3010,229745.0917686198
2026-06-01,AMBRx,XsaQTCgebC2KPbf27KUhdv5JFvHhQ4GDAPURwrEhAzb,raydium,,172,2196.027655291141
2026-01-01,MSTRx,XsP7xzNPvEHS1m6qfanPUGjNmdnmsLKEoNAnHjdxxyZ,jupiterz,,940,964646.2088326354
2025-08-01,GLDx,Xsv9hRk1z5ystj9MhnA7Lq4vjSsLwzL2nxrwmwtD3re,whirlpool,,5497,404474.3212923183
2025-11-01,SPYx,XsoCS1TfEyfFhfvj8EtZ528L3CaKBDBRqRapnBbDF2W,raydium,,45707,3905895.204248027
2026-03-01,MSTRx,XsP7xzNPvEHS1m6qfanPUGjNmdnmsLKEoNAnHjdxxyZ,whirlpool,,17128,58582.60887442006
2026-03-01,METAx,Xsa62P5mvPszXL1krVUnU5ar38bBSVcWAB6fmPCo5Zu,byreal,,5715,362675.53039302735
2026-03-01,HOODx,XsvNBAYkrDRNhA7wPHQfX3ZUXZyZLdnCQDfHZ56bzpg,whirlpool,,328,53.42854994730001
2026-07-01,MRVLx,XsuxRGDzbLjnJ72v74b7p9VY6N66uYgTCyfwwRjVCJA,jupiterz,,225,88731.19496183509
2026-07-01,BRK.Bx,Xs6B6zawENwAbWVi7w92rjazLuAr5Az59qgWKcNb45x,meteora,,459,251.97555418570013
2026-06-01,ACNx,Xs5UJzmCRQ8DWZjskExdSQDnbE6iLkRu2jjrRAB1JSU,whirlpool,,101,98.85572381441996
2026-06-01,NVDAx,Xsc9qvGR1efVDFGLrVsmkzv3qi45LTBjeUKSPmx9qEh,manifest,,4275,171482.54949913244
2026-09-01,GMEx,Xsf9mBktVB9BSU5kf4nHxPq5hCBJ2j2ui3ecFGxPRGc,whirlpool,,361827,29238062.925821643
2026-09-01,WMTx,Xs151QeqTCiuKtinzfRATnUESM2xTU6V9Wy8Vy538ci,jupiterz,,354,123887.60515821146
2026-04-01,METAx,Xsa62P5mvPszXL1krVUnU5ar38bBSVcWAB6fmPCo5Zu,byreal,,10596,658301.8470857153
2026-08-01,UNHx,XszvaiXGPwvk2nwb3o9C1CX4K6zH8sez11E6uyup6fe,raydium,,314,5396.250852208451
2026-08-01,WMTx,Xs151QeqTCiuKtinzfRATnUESM2xTU6V9Wy8Vy538ci,raydium,,327,5261.371345196584
2026-08-01,GMEx,Xsf9mBktVB9BSU5kf4nHxPq5hCBJ2j2ui3ecFGxPRGc,meteora,,8202,250056.0881072213
2026-01-01,GLDx,Xsv9hRk1z5ystj9MhnA7Lq4vjSsLwzL2nxrwmwtD3re,whirlpool,,18049,686417.0635831447
2025-12-01,GOOGLx,XsCPL9dNWBMvFtTmwcCA5v3xWPSMEBCszbQdiLLq6aN,meteora,,7155,35455.69569349439
2025-12-01,TSLAx,XsDoVfqeBukxuZHWhdvWHBhgEHjGNst4MLodqsJHzoB,whirlpool,,94746,9395214.509547759
2025-09-01,QQQx,Xs8S1uUs1zvS2p7iwtsG3b6fkhpvmwz4GYU3gWAmWHZ,meteora,,1985,295832.35550513957
2025-12-01,COINx,Xs7ZdzSHLU9ftNJsii5fCeJhoRWSC32SQGzGQtePxNu,whirlpool,,818,2418.2780572431284
2025-12-01,METAx,Xsa62P5mvPszXL1krVUnU5ar38bBSVcWAB6fmPCo5Zu,byreal,,3568,322825.8974996182
2026-06-01,ORCLx,XsjFwUPiLofddX5cWFHW35GCbXcSu1BCUGfxoQAQjeL,raydium,,1395,175572.41868366924
2026-07-01,SPCXx,Xs3oZwbHvqis4NYcf4YKWmEia2eC84wSiVrcYcTqpH8,whirlpool,0.003,6038,
2026-09-01,INTCx,XshPgPdXFRWB8tP1j82rebb2Q9rPgGX37RuqzohmArM,raydium,,36938,2862231.307205128
2026-09-01,AVGOx,XsgSaSvNSqLTtFuyWPBhK9196Xb9Bbdyjj4fH3cPJGo,raydium,,2420,268799.12442231516
2026-09-01,MSTRx,XsP7xzNPvEHS1m6qfanPUGjNmdnmsLKEoNAnHjdxxyZ,manifest,,873,104650.59551735847
2026-05-01,SPYx,XsoCS1TfEyfFhfvj8EtZ528L3CaKBDBRqRapnBbDF2W,meteora,,2910,21970.939133800235
2026-06-01,SPCXx,Xs3815sMKGCc1g5JEdgjFhiA8fmPyT8dJo7wNpxFuuQ,raydium,,320,30308.521072179956
2026-06-01,SPCXx,Xs3oZwbHvqis4NYcf4YKWmEia2eC84wSiVrcYcTqpH8,scorch,,5103,1577402.2517391667
2026-07-01,CRCLx,XsueG8BtpquVJX9LVLLEGuViXUungE6WmK5YZ3p3bd1,pancakeswap,,32026,141511.04095192417
2026-09-01,AAPLx,XsbEhLAtcf6HdfpFZ5xEMdqW8nfAvcsP5bdudRLJzJp,raydium_launchlab,,135923,9098997.669529198
2026-05-01,HOODx,XsvNBAYkrDRNhA7wPHQfX3ZUXZyZLdnCQDfHZ56bzpg,raydium,,49120,5639544.44854928
2025-10-01,NVDAx,Xsc9qvGR1efVDFGLrVsmkzv3qi45LTBjeUKSPmx9qEh,jupiterz,,548,1259347.7480887042
2025-10-01,MSFTx,XspzcW1PRtgf6Wj92HCiZdjzKCyFekVD8P5Ueh3dRMX,whirlpool,,205,6721.256953764202
2025-10-01,xPay,XsvUK1RpVrWunrWNFchwxuoGvP8Mj1SYe3rhj2hZQnQ,raydium,,353,7018.035207302269
2026-06-01,HOODx,XsvNBAYkrDRNhA7wPHQfX3ZUXZyZLdnCQDfHZ56bzpg,meteora,,384,187.67509821600004
2026-01-01,QQQx,Xs8S1uUs1zvS2p7iwtsG3b6fkhpvmwz4GYU3gWAmWHZ,jupiterz,,560,592055.3981526291
2025-09-01,TSLAx,XsDoVfqeBukxuZHWhdvWHBhgEHjGNst4MLodqsJHzoB,whirlpool,,67821,4336606.775721663
2025-11-01,MSTRx,XsP7xzNPvEHS1m6qfanPUGjNmdnmsLKEoNAnHjdxxyZ,byreal,,9835,614444.2349403272
2026-02-01,GOOGLx,XsCPL9dNWBMvFtTmwcCA5v3xWPSMEBCszbQdiLLq6aN,pancakeswap,,14200,219237.73496741534
2026-07-01,INTCx,XshPgPdXFRWB8tP1j82rebb2Q9rPgGX37RuqzohmArM,whirlpool,,251,22.39672981992999
2026-09-01,GMEx,Xsf9mBktVB9BSU5kf4nHxPq5hCBJ2j2ui3ecFGxPRGc,manifest,,849,2811.7254185578477
2026-07-01,ORCLx,XsjFwUPiLofddX5cWFHW35GCbXcSu1BCUGfxoQAQjeL,raydium,,696,49894.87102183499
2025-06-01,AAPLx,XsbEhLAtcf6HdfpFZ5xEMdqW8nfAvcsP5bdudRLJzJp,raydium,,103,745.1952733597367
2025-10-01,WMTx,Xs151QeqTCiuKtinzfRATnUESM2xTU6V9Wy8Vy538ci,whirlpool,,453,1282.68900476813
2026-08-01,NVDAx,Xsc9qvGR1efVDFGLrVsmkzv3qi45LTBjeUKSPmx9qEh,whirlpool,0.003,691,327.795464429
2026-08-01,WMTx,Xs151QeqTCiuKtinzfRATnUESM2xTU6V9Wy8Vy538ci,whirlpool,,303,396.0756124800768
2026-03-01,QQQx,Xs8S1uUs1zvS2p7iwtsG3b6fkhpvmwz4GYU3gWAmWHZ,manifest,,2020,82354.14869487108
2026-07-01,NFLXx,XsEH7wWfJJu2ZT3UCFeVfALnVA6CP5ur7Ee11KmzVpL,raydium,,460,7082.091788745018
2025-07-01,TEFRI,XsoACkaKYJ7KA6LQEDCULicL8oZ7TUWHZUuMEvQpump,pumpdotfun,0.01,174,18809.531662323883
2026-02-01,MSFTx,XspzcW1PRtgf6Wj92HCiZdjzKCyFekVD8P5Ueh3dRMX,whirlpool,,301,3219.306894027112
2026-07-01,SPYx,XsoCS1TfEyfFhfvj8EtZ528L3CaKBDBRqRapnBbDF2W,pancakeswap,,31091,1046208.8074417087
2026-07-01,SPYx,XsoCS1TfEyfFhfvj8EtZ528L3CaKBDBRqRapnBbDF2W,tessera,,7514,1492079.7259112843
2026-07-01,GOOGLx,XsCPL9dNWBMvFtTmwcCA5v3xWPSMEBCszbQdiLLq6aN,meteora,,2713,58833.935039336444
2026-04-01,AMZNx,Xs3eBt7uRfJX8QUs4suhyU8p2M6DoUDrJyWBa8LLZsg,whirlpool,,2841,11488.600610331836
2025-10-01,SPYx,XsoCS1TfEyfFhfvj8EtZ528L3CaKBDBRqRapnBbDF2W,meteora,,22200,1080691.7691226057
2026-06-01,WMTx,Xs151QeqTCiuKtinzfRATnUESM2xTU6V9Wy8Vy538ci,whirlpool,,209,13.37232554783701
2025-09-01,SPYx,XsoCS1TfEyfFhfvj8EtZ528L3CaKBDBRqRapnBbDF2W,raydium,,35281,5137837.8699611835
2025-08-01,GOOGLx,XsCPL9dNWBMvFtTmwcCA5v3xWPSMEBCszbQdiLLq6aN,jupiterz,,323,342241.3653140841
2025-12-01,QQQx,Xs8S1uUs1zvS2p7iwtsG3b6fkhpvmwz4GYU3gWAmWHZ,byreal,,10204,1130637.6490126848
2026-03-01,AZNx,Xs3ZFkPYT2BN7qBMqf1j1bfTeTm1rFzEFSsQ1z3wAKU,raydium,,141,2669.129696169692
2026-07-01,Sheeb,Xs5w4NAarEKsSiQKbJEZBMXKXWwpA7a2hAkF7NVpump,pumpswap,0.0025,1271,58189.39982468169
2026-09-01,AMZNx,Xs3eBt7uRfJX8QUs4suhyU8p2M6DoUDrJyWBa8LLZsg,whirlpool,,3675,36477.59960707858
2026-08-01,QQQx,Xs8S1uUs1zvS2p7iwtsG3b6fkhpvmwz4GYU3gWAmWHZ,raydium,,160892,16856361.68453178
2026-08-01,TSLAx,XsDoVfqeBukxuZHWhdvWHBhgEHjGNst4MLodqsJHzoB,meteora,,10845,265091.88566039084
2026-05-01,TSLAx,XsDoVfqeBukxuZHWhdvWHBhgEHjGNst4MLodqsJHzoB,whirlpool,,108120,5721824.939377581
2026-05-01,COINx,Xs7ZdzSHLU9ftNJsii5fCeJhoRWSC32SQGzGQtePxNu,raydium,,47504,9758232.966072142
2025-08-01,NVDAx,Xsc9qvGR1efVDFGLrVsmkzv3qi45LTBjeUKSPmx9qEh,pancakeswap,,8242,47311.89612765648
2025-09-01,CRCLx,XsueG8BtpquVJX9LVLLEGuViXUungE6WmK5YZ3p3bd1,raydium,,41349,6539086.134912699
2025-11-01,CRCLx,XsueG8BtpquVJX9LVLLEGuViXUungE6WmK5YZ3p3bd1,raydium,,53594,13075269.610877631
2026-06-01,ORCLx,XsjFwUPiLofddX5cWFHW35GCbXcSu1BCUGfxoQAQjeL,whirlpool,,433,1483.6388835847263
2026-02-01,QQQx,Xs8S1uUs1zvS2p7iwtsG3b6fkhpvmwz4GYU3gWAmWHZ,whirlpool,,10305,419331.8969312615
2026-02-01,QQQx,Xs8S1uUs1zvS2p7iwtsG3b6fkhpvmwz4GYU3gWAmWHZ,pancakeswap,,16945,164567.4802730442
2026-02-01,HOODx,XsvNBAYkrDRNhA7wPHQfX3ZUXZyZLdnCQDfHZ56bzpg,pancakeswap,,2804,47424.68785112382
2026-03-01,LLYx,Xsnuv4omNoHozR6EEW5mXkw8Nrny5rB3jVfLqi6gKMH,whirlpool,,105,18.107797773989997
2026-07-01,TQQQx,XsjQP3iMAaQ3kQScQKthQpx9ALRbjKAjQtHg6TFomoc,whirlpool,,1232,12652.227852447135
2026-09-01,VIDAx,XsfCC9VL4DamVGNgdJpfLXB3sBVa158Gbx8sh7NzmTk,raydium_launchlab,,7387,540433.8333658978
2026-09-01,MSTRx,XsP7xzNPvEHS1m6qfanPUGjNmdnmsLKEoNAnHjdxxyZ,byreal,,21726,3340445.017238774
2026-08-01,COINx,Xs7ZdzSHLU9ftNJsii5fCeJhoRWSC32SQGzGQtePxNu,byreal,,17130,1565000.7734134626
2026-08-01,TSLAx,XsDoVfqeBukxuZHWhdvWHBhgEHjGNst4MLodqsJHzoB,jupiterz,,1045,3533020.073209151
2026-08-01,BRK.Bx,Xs6B6zawENwAbWVi7w92rjazLuAr5Az59qgWKcNb45x,whirlpool,,109,20.336956636513
2026-05-01,PFEx,XsAtbqkAP1HJxy7hFDeq7ok6yM43DQ9mQ1Rh861X8rw,whirlpool,,193,716.1524087029509
2026-03-01,MSTRx,XsP7xzNPvEHS1m6qfanPUGjNmdnmsLKEoNAnHjdxxyZ,pancakeswap,,7209,36248.379916976926
2026-03-01,NVDAx,Xsc9qvGR1efVDFGLrVsmkzv3qi45LTBjeUKSPmx9qEh,jupiterz,,2184,2051042.4399129343
2026-02-01,AAPLx,XsbEhLAtcf6HdfpFZ5xEMdqW8nfAvcsP5bdudRLJzJp,raydium,,6610,745228.9483599323
2026-05-01,GOOGLx,XsCPL9dNWBMvFtTmwcCA5v3xWPSMEBCszbQdiLLq6aN,whirlpool,0.003,794,991.9281322555997
2026-06-01,NVDAx,Xsc9qvGR1efVDFGLrVsmkzv3qi45LTBjeUKSPmx9qEh,byreal,,28803,5570801.9322864385
2026-06-01,TSLAx,XsDoVfqeBukxuZHWhdvWHBhgEHjGNst4MLodqsJHzoB,jupiterz,,2096,3370720.863618701
2026-07-01,AAPLx,XsbEhLAtcf6HdfpFZ5xEMdqW8nfAvcsP5bdudRLJzJp,meteora,,719,5514.565923389386
2026-09-01,TSLAx,XsDoVfqeBukxuZHWhdvWHBhgEHjGNst4MLodqsJHzoB,raydium,,347425,38202238.71444957
2026-07-01,KOx,XsaBXg8dU5cPM6ehmVctMkVqoiRG2ZjMo1cyBJ3AykQ,raydium,,411,16127.85322245594
2025-07-01,GOOGLx,XsCPL9dNWBMvFtTmwcCA5v3xWPSMEBCszbQdiLLq6aN,whirlpool,,3274,67400.6158389903
2026-04-01,CRCLx,XsueG8BtpquVJX9LVLLEGuViXUungE6WmK5YZ3p3bd1,jupiterz,,1719,1652649.0024589999
2025-10-01,METAx,Xsa62P5mvPszXL1krVUnU5ar38bBSVcWAB6fmPCo5Zu,raydium,,15728,574691.5787874518
2026-06-01,JPMx,XsMAqkcKsUewDrzVkait4e5u4y8REgtyS7jWgCpLV2C,raydium,,294,11645.850846419544
2025-12-01,SPYx,XsoCS1TfEyfFhfvj8EtZ528L3CaKBDBRqRapnBbDF2W,raydium,,28680,2766979.681815704
2026-01-01,GROS,Xstri6HHAWmhWozcfnvrP5issnRHTciNx4zMUy1ADUx,pumpdotfun,0.01,345,26191.947148597716
2026-06-01,AMZNx,Xs3eBt7uRfJX8QUs4suhyU8p2M6DoUDrJyWBa8LLZsg,jupiterz,,244,419812.92585735174
2026-02-01,QI,Xsw5bduQZwhAawUzNLtv3Ji5MNuBY1cnLDrwFW8eSXJ,pumpdotfun,0.01,1256,43911.4425782768
2026-05-01,HOODx,XsvNBAYkrDRNhA7wPHQfX3ZUXZyZLdnCQDfHZ56bzpg,whirlpool,,2303,8415.409421518436
2025-10-01,MSTRx,XsP7xzNPvEHS1m6qfanPUGjNmdnmsLKEoNAnHjdxxyZ,whirlpool,,3599,28748.36361154675
2026-09-01,ORCLx,XsjFwUPiLofddX5cWFHW35GCbXcSu1BCUGfxoQAQjeL,jupiterz,,101,41490.556753608864
2025-11-01,MCDx,XsqE9cRRpzxcGKDXj1BJ7Xmg4GRhZoyY1KpmGSxAWT2,byreal,,1446,18772.37622629344
2025-12-01,HOODx,XsvNBAYkrDRNhA7wPHQfX3ZUXZyZLdnCQDfHZ56bzpg,byreal,,10799,683891.4168044081
2025-10-01,ORCLx,XsjFwUPiLofddX5cWFHW35GCbXcSu1BCUGfxoQAQjeL,whirlpool,,125,777.8537129397457
2026-05-01,XOMx,XsaHND8sHyfMfsWPj6kSdd5VwvCayZvjYgKmmcNL5qh,whirlpool,,128,1510.7637183935283
2025-08-01,COINx,Xs7ZdzSHLU9ftNJsii5fCeJhoRWSC32SQGzGQtePxNu,meteora,,143,3544.1005408527394
2026-02-01,ORCLx,XsjFwUPiLofddX5cWFHW35GCbXcSu1BCUGfxoQAQjeL,whirlpool,,268,651.963575313592
2026-09-01,STRCx,Xs78JED6PFZxWc2wCEPspZW9kL3Se5J7L5TChKgsidH,raydium,,176668,22846961.571633056
2026-09-01,MCDx,XsqE9cRRpzxcGKDXj1BJ7Xmg4GRhZoyY1KpmGSxAWT2,raydium_launchlab,,108101,7161587.007112953
2025-07-01,MSTRx,XsP7xzNPvEHS1m6qfanPUGjNmdnmsLKEoNAnHjdxxyZ,raydium,,43504,11856209.009344945
2025-07-01,CRCLx,XsueG8BtpquVJX9LVLLEGuViXUungE6WmK5YZ3p3bd1,whirlpool,,28787,2152066.6529922048
2026-08-01,NVDAx,Xsc9qvGR1efVDFGLrVsmkzv3qi45LTBjeUKSPmx9qEh,raydium_launchlab,,1459,158469.16162025862
2025-10-01,HOODx,XsvNBAYkrDRNhA7wPHQfX3ZUXZyZLdnCQDfHZ56bzpg,raydium,,10473,912304.7395686132
2025-10-01,AZNx,Xs3ZFkPYT2BN7qBMqf1j1bfTeTm1rFzEFSsQ1z3wAKU,raydium,,112,4165.384660646974
2026-03-01,SPYx,XsoCS1TfEyfFhfvj8EtZ528L3CaKBDBRqRapnBbDF2W,meteora,,20156,666375.7392383208
2026-03-01,SPYx,XsoCS1TfEyfFhfvj8EtZ528L3CaKBDBRqRapnBbDF2W,jupiterz,,4652,6490356.030558678
2026-02-01,XOMx,XsaHND8sHyfMfsWPj6kSdd5VwvCayZvjYgKmmcNL5qh,raydium,,442,10567.244812506035
2026-07-01,COINx,Xs7ZdzSHLU9ftNJsii5fCeJhoRWSC32SQGzGQtePxNu,pancakeswap,,2643,2538.256531050581
2026-09-01,METAx,Xsa62P5mvPszXL1krVUnU5ar38bBSVcWAB6fmPCo5Zu,manifest,,60398,825633.4155594794
2026-04-01,NVDAx,Xsc9qvGR1efVDFGLrVsmkzv3qi45LTBjeUKSPmx9qEh,raydium,,82258,15666406.093407145
2026-04-01,GLDx,Xsv9hRk1z5ystj9MhnA7Lq4vjSsLwzL2nxrwmwtD3re,whirlpool,,8338,104975.60924198154
2026-01-01,GOOGLx,XsCPL9dNWBMvFtTmwcCA5v3xWPSMEBCszbQdiLLq6aN,jupiterz,,979,1728901.6379017485
2026-03-01,CRCLx,XsueG8BtpquVJX9LVLLEGuViXUungE6WmK5YZ3p3bd1,byreal,,23440,2435691.2244432825
2025-11-01,PGx,XsYdjDjNUygZ7yGKfQaB6TxLh2gC6RRjzLtLAGJrhzV,whirlpool,,885,698.7044516952486
2026-02-01,UNHx,XszvaiXGPwvk2nwb3o9C1CX4K6zH8sez11E6uyup6fe,raydium,,2895,52445.27716197312
2026-09-01,GLDx,Xsv9hRk1z5ystj9MhnA7Lq4vjSsLwzL2nxrwmwtD3re,whirlpool,,361316,34726939.959821045
2026-09-01,Vx,XsqgsbXwWogGJsNcVZ3TyVouy2MbTkfCFhCGGGcQZ2p,raydium,,3561,58518.3566534505
2026-06-01,COINx,Xs7ZdzSHLU9ftNJsii5fCeJhoRWSC32SQGzGQtePxNu,raydium,,53270,10459076.282064518
2025-06-01,TSLAx,XsDoVfqeBukxuZHWhdvWHBhgEHjGNst4MLodqsJHzoB,raydium,,836,221629.11653001455
2026-08-01,QQQx,Xs8S1uUs1zvS2p7iwtsG3b6fkhpvmwz4GYU3gWAmWHZ,jupiterz,,998,3881454.128851319
2026-08-01,AAPLx,XsbEhLAtcf6HdfpFZ5xEMdqW8nfAvcsP5bdudRLJzJp,pancakeswap,,9616,24315.546351092988
2026-06-01,KOx,XsaBXg8dU5cPM6ehmVctMkVqoiRG2ZjMo1cyBJ3AykQ,raydium,,581,24141.494618183133
2025-09-01,GLDx,Xsv9hRk1z5ystj9MhnA7Lq4vjSsLwzL2nxrwmwtD3re,raydium,,1035,61235.224657016865
2025-11-01,CRCLx,XsueG8BtpquVJX9LVLLEGuViXUungE6WmK5YZ3p3bd1,byreal,,14705,1228544.8802021525
2026-05-01,TQQQx,XsjQP3iMAaQ3kQScQKthQpx9ALRbjKAjQtHg6TFomoc,whirlpool,,261,69.23718333116096
2026-01-01,HOODx,XsvNBAYkrDRNhA7wPHQfX3ZUXZyZLdnCQDfHZ56bzpg,whirlpool,,268,167.81107653613404
2026-07-01,Vx,XsqgsbXwWogGJsNcVZ3TyVouy2MbTkfCFhCGGGcQZ2p,raydium,,132,2193.4190378997405
2026-07-01,NVDAx,Xsc9qvGR1efVDFGLrVsmkzv3qi45LTBjeUKSPmx9qEh,pancakeswap,,3804,2616.209335472007
2026-09-01,NVOx,XsfAzPzYrYjd4Dpa9BU3cusBsvWfVB9gBcyGC87S57n,whirlpool,,3662,188458.7754731178
2026-09-01,Vx,XsqgsbXwWogGJsNcVZ3TyVouy2MbTkfCFhCGGGcQZ2p,whirlpool,,715,7.6371990739300015
2026-06-01,COINx,Xs7ZdzSHLU9ftNJsii5fCeJhoRWSC32SQGzGQtePxNu,whirlpool,,23746,140847.11671959495
2026-06-01,MSTRx,XsP7xzNPvEHS1m6qfanPUGjNmdnmsLKEoNAnHjdxxyZ,alphaq,,1026,229188.22801460972
2025-07-01,AMZNx,Xs3eBt7uRfJX8QUs4suhyU8p2M6DoUDrJyWBa8LLZsg,meteora,,3890,41002.26035614814
2026-08-01,AAPLx,XsbEhLAtcf6HdfpFZ5xEMdqW8nfAvcsP5bdudRLJzJp,meteora,,1607,21126.548227175434
2025-10-01,MCDx,XsqE9cRRpzxcGKDXj1BJ7Xmg4GRhZoyY1KpmGSxAWT2,raydium,,3405,23091.99657266064
2025-12-01,AAPLx,XsbEhLAtcf6HdfpFZ5xEMdqW8nfAvcsP5bdudRLJzJp,meteora,,3280,43522.28266997694
2025-11-01,GOOGLx,XsCPL9dNWBMvFtTmwcCA5v3xWPSMEBCszbQdiLLq6aN,pancakeswap,,8589,75051.2310465212
2026-02-01,LobsterAI,XsFSWexZnBoEETK5LeEnz3qhh45VQ3WwCXD2kdvpump,pumpdotfun,0.01,2126,25062.505883410362
2026-08-01,MCDx,XsqE9cRRpzxcGKDXj1BJ7Xmg4GRhZoyY1KpmGSxAWT2,meteora,,571,31378.117247665312
2026-05-01,MetaMask,Xsais7djDLSEwKi79t2UtYJYGctrmazEDGUNbk4YE7K,meteora,,334,9235.538947016048
2025-12-01,HOODx,XsvNBAYkrDRNhA7wPHQfX3ZUXZyZLdnCQDfHZ56bzpg,jupiterz,,410,78304.87067849252
2026-06-01,STRCx,Xs78JED6PFZxWc2wCEPspZW9kL3Se5J7L5TChKgsidH,jupiterz,,2561,2169945.1107530664
2026-09-01,AAPLx,XsbEhLAtcf6HdfpFZ5xEMdqW8nfAvcsP5bdudRLJzJp,manifest,,1924,19647.66992301497
2026-04-01,COINx,Xs7ZdzSHLU9ftNJsii5fCeJhoRWSC32SQGzGQtePxNu,raydium,,44850,7092382.425415142
2026-05-01,NVDAx,Xsc9qvGR1efVDFGLrVsmkzv3qi45LTBjeUKSPmx9qEh,whirlpool,,74504,1794906.479720222
2025-08-01,SPYx,XsoCS1TfEyfFhfvj8EtZ528L3CaKBDBRqRapnBbDF2W,meteora,,16744,525365.7710606594
2025-08-01,SPYx,XsoCS1TfEyfFhfvj8EtZ528L3CaKBDBRqRapnBbDF2W,pancakeswap,,16640,156959.3896170707
2025-11-01,CRCLx,XsueG8BtpquVJX9LVLLEGuViXUungE6WmK5YZ3p3bd1,meteora,,10767,360211.80153758597
2025-11-01,ORCLx,XsjFwUPiLofddX5cWFHW35GCbXcSu1BCUGfxoQAQjeL,whirlpool,,108,908.0379003549872
2026-05-01,NVOx,XsfAzPzYrYjd4Dpa9BU3cusBsvWfVB9gBcyGC87S57n,raydium,,289,2759.5539465317893
2026-03-01,PGx,XsYdjDjNUygZ7yGKfQaB6TxLh2gC6RRjzLtLAGJrhzV,raydium,,251,3687.7222673160663
2025-12-01,QQQx,Xs8S1uUs1zvS2p7iwtsG3b6fkhpvmwz4GYU3gWAmWHZ,jupiterz,,407,353066.3009146308
2026-09-01,MSFTx,XspzcW1PRtgf6Wj92HCiZdjzKCyFekVD8P5Ueh3dRMX,jupiterz,,12653,8221536.17393423
2026-04-01,TSLAx,XsDoVfqeBukxuZHWhdvWHBhgEHjGNst4MLodqsJHzoB,raydium,,176186,35763362.86740227
2026-08-01,SPCXx,Xs3oZwbHvqis4NYcf4YKWmEia2eC84wSiVrcYcTqpH8,jupiterz,,1180,2284100.372883289
2026-01-01,QQQx,Xs8S1uUs1zvS2p7iwtsG3b6fkhpvmwz4GYU3gWAmWHZ,whirlpool,,8384,507443.37889747147
2026-06-01,CRCLx,XsueG8BtpquVJX9LVLLEGuViXUungE6WmK5YZ3p3bd1,whirlpool,0.003,337,125.71991010912699
2025-12-01,GOOGLx,XsCPL9dNWBMvFtTmwcCA5v3xWPSMEBCszbQdiLLq6aN,raydium,,38374,2441530.8807467096
2025-09-01,NVDAx,Xsc9qvGR1efVDFGLrVsmkzv3qi45LTBjeUKSPmx9qEh,byreal,,2818,58280.17135398012
2025-11-01,NVDAx,Xsc9qvGR1efVDFGLrVsmkzv3qi45LTBjeUKSPmx9qEh,raydium,,87975,8598348.126125287
2026-03-01,MRVLx,XsuxRGDzbLjnJ72v74b7p9VY6N66uYgTCyfwwRjVCJA,whirlpool,,263,710.4393081624966
2026-09-01,CRCLx,XsueG8BtpquVJX9LVLLEGuViXUungE6WmK5YZ3p3bd1,meteora,,17470,245274.86704731517
2026-06-01,GOOGLx,XsCPL9dNWBMvFtTmwcCA5v3xWPSMEBCszbQdiLLq6aN,whirlpool,0.003,735,843.2675023332
2026-06-01,HOODx,XsvNBAYkrDRNhA7wPHQfX3ZUXZyZLdnCQDfHZ56bzpg,byreal,,27628,2146564.0363239083
2026-08-01,METAx,Xsa62P5mvPszXL1krVUnU5ar38bBSVcWAB6fmPCo5Zu,raydium,,10713,1303101.720437344
2025-10-01,AAPLx,XsbEhLAtcf6HdfpFZ5xEMdqW8nfAvcsP5bdudRLJzJp,whirlpool,,923,418.7473085268601
2026-01-01,test,XsU1HN1ZX3j6HAXisKGgiFnDCEuB58fGcfkNzsmpump,pumpdotfun,0.01,485,812.2506371203997
2026-03-01,AAPLx,XsbEhLAtcf6HdfpFZ5xEMdqW8nfAvcsP5bdudRLJzJp,raydium,,13004,2215399.2761338293
2025-11-01,METAx,Xsa62P5mvPszXL1krVUnU5ar38bBSVcWAB6fmPCo5Zu,byreal,,3018,142604.46419666128
2026-05-01,TQQQx,XsjQP3iMAaQ3kQScQKthQpx9ALRbjKAjQtHg6TFomoc,raydium,,1079,22410.08508784249
2025-07-01,CRCLx,XsueG8BtpquVJX9LVLLEGuViXUungE6WmK5YZ3p3bd1,meteora,,2383,15469.819150762714
2026-02-01,QQQx,Xs8S1uUs1zvS2p7iwtsG3b6fkhpvmwz4GYU3gWAmWHZ,jupiterz,,1041,755288.6105704686
2025-12-01,NFLXx,XsEH7wWfJJu2ZT3UCFeVfALnVA6CP5ur7Ee11KmzVpL,raydium,,707,12294.949032742736
2025-12-01,JNJx,XsGVi5eo1Dh2zUpic4qACcjuWGjNv8GCt3dm5XcX6Dn,whirlpool,,101,134.20394996629
2025-12-01,MCDx,XsqE9cRRpzxcGKDXj1BJ7Xmg4GRhZoyY1KpmGSxAWT2,byreal,,1933,39395.0589315502
2026-08-01,TSLAx,XsDoVfqeBukxuZHWhdvWHBhgEHjGNst4MLodqsJHzoB,manifest,,234,14881.645561236905
2026-09-01,GLDx,Xsv9hRk1z5ystj9MhnA7Lq4vjSsLwzL2nxrwmwtD3re,byreal,,1885,303.65023732269475
2026-04-01,DFDVx,Xs2yquAgsHByNzx68WJC55WHjHBvG9JsMB7CWjTLyPy,whirlpool,,2166,75055.62570902966
2026-04-01,LLYx,Xsnuv4omNoHozR6EEW5mXkw8Nrny5rB3jVfLqi6gKMH,raydium,,716,18588.309641553264
2026-05-01,NVDAx,Xsc9qvGR1efVDFGLrVsmkzv3qi45LTBjeUKSPmx9qEh,raydium,,145350,31430684.088285055
2026-08-01,COINx,Xs7ZdzSHLU9ftNJsii5fCeJhoRWSC32SQGzGQtePxNu,manifest,,5563,236318.25456596265
2025-08-01,HOODx,XsvNBAYkrDRNhA7wPHQfX3ZUXZyZLdnCQDfHZ56bzpg,raydium,,2741,456803.9109031659
2026-09-01,INTCx,XshPgPdXFRWB8tP1j82rebb2Q9rPgGX37RuqzohmArM,meteora,,3680,324052.8367391745
2026-09-01,MCDx,XsqE9cRRpzxcGKDXj1BJ7Xmg4GRhZoyY1KpmGSxAWT2,manifest,,33278,1291776.1469579577
2026-09-01,AMDx,XsXcJ6GZ9kVnjqGsjBnktRcuwMBmvKWh8S93RefZ1rF,whirlpool,,1059,5653.228005794715
2026-09-01,NVDAx,Xsc9qvGR1efVDFGLrVsmkzv3qi45LTBjeUKSPmx9qEh,pancakeswap,,1425,97.53935654957995
2026-07-01,NVDAx,Xsc9qvGR1efVDFGLrVsmkzv3qi45LTBjeUKSPmx9qEh,byreal,,18403,4197589.266533603
2026-07-01,INTCx,XshPgPdXFRWB8tP1j82rebb2Q9rPgGX37RuqzohmArM,jupiterz,,601,381213.769442087
2026-04-01,NVDAx,Xsc9qvGR1efVDFGLrVsmkzv3qi45LTBjeUKSPmx9qEh,jupiterz,,2733,2561410.6825733474
2026-08-01,MSTRx,XsP7xzNPvEHS1m6qfanPUGjNmdnmsLKEoNAnHjdxxyZ,whirlpool,,46920,173530.2942778428
2025-10-01,TONXx,Xs763p1WeFQGqZyeKjyD3T1Zjb5zC4rTxZJqp4B5Zdp,raydium,,209,20927.74096103486
2025-08-01,COINx,Xs7ZdzSHLU9ftNJsii5fCeJhoRWSC32SQGzGQtePxNu,raydium,,790,130622.78405689227
2025-09-01,CRCLx,XsueG8BtpquVJX9LVLLEGuViXUungE6WmK5YZ3p3bd1,meteora,,5664,39610.84881292452
2025-11-01,MSTRx,XsP7xzNPvEHS1m6qfanPUGjNmdnmsLKEoNAnHjdxxyZ,meteora,,6174,134752.3395414614
2025-11-01,ORCLx,XsjFwUPiLofddX5cWFHW35GCbXcSu1BCUGfxoQAQjeL,raydium,,397,5440.785825512922
2026-05-01,STRCx,Xs78JED6PFZxWc2wCEPspZW9kL3Se5J7L5TChKgsidH,byreal,,743,11842.372735744515
2026-05-01,MSTRx,XsP7xzNPvEHS1m6qfanPUGjNmdnmsLKEoNAnHjdxxyZ,jupiterz,,687,1537426.6294299443
2025-11-01,MSTRx,XsP7xzNPvEHS1m6qfanPUGjNmdnmsLKEoNAnHjdxxyZ,jupiterz,,950,981535.9201316426
2025-09-01,UNHx,XszvaiXGPwvk2nwb3o9C1CX4K6zH8sez11E6uyup6fe,whirlpool,,308,1496.4404007212772
2026-02-01,MCDx,XsqE9cRRpzxcGKDXj1BJ7Xmg4GRhZoyY1KpmGSxAWT2,byreal,,1396,76176.04351228764
2026-05-01,WMTx,Xs151QeqTCiuKtinzfRATnUESM2xTU6V9Wy8Vy538ci,whirlpool,,373,76.11716555085002
2026-02-01,AAPLx,XsbEhLAtcf6HdfpFZ5xEMdqW8nfAvcsP5bdudRLJzJp,whirlpool,,118,13.066752633799997
2026-06-01,GMEx,Xsf9mBktVB9BSU5kf4nHxPq5hCBJ2j2ui3ecFGxPRGc,whirlpool,,1160,4970.664037712785
2026-09-01,MCDx,XsqE9cRRpzxcGKDXj1BJ7Xmg4GRhZoyY1KpmGSxAWT2,whirlpool,0.003,2943,2810.382157034798
2026-09-01,WMTx,Xs151QeqTCiuKtinzfRATnUESM2xTU6V9Wy8Vy538ci,whirlpool,,16591,440498.1460742005
2026-04-01,CLAUDE,XsRoD1jMZK3AYdzQS4d6YRzFJF5CUREvX8Ff3PmdHTH,meteora,,1464,11039039.118918616
2026-01-01,HOODx,XsvNBAYkrDRNhA7wPHQfX3ZUXZyZLdnCQDfHZ56bzpg,byreal,,8054,626421.1666699561
2026-03-01,CVXx,XsNNMt7WTNA2sV3jrb1NNfNgapxRF5i4i6GcnTRRHts,raydium,,1416,33538.47662737489
2026-05-01,AMZNx,Xs3eBt7uRfJX8QUs4suhyU8p2M6DoUDrJyWBa8LLZsg,meteora,,588,408.14275336789797
2026-07-01,AMDx,XsXcJ6GZ9kVnjqGsjBnktRcuwMBmvKWh8S93RefZ1rF,meteora,,433,1197.227793395024
2026-07-01,ふくよか,XsB5xYyZF5DCGakQxs4egKH3dqVpCPQRwZexjF6pump,pumpdotfun,0.01,362,11931.157102409197
2026-06-01,DFDVx,Xs2yquAgsHByNzx68WJC55WHjHBvG9JsMB7CWjTLyPy,whirlpool,,2375,58192.928270875374
2026-06-01,HOODx,XsvNBAYkrDRNhA7wPHQfX3ZUXZyZLdnCQDfHZ56bzpg,raydium,,67533,10273225.50268016
2026-09-01,GOOGLx,XsCPL9dNWBMvFtTmwcCA5v3xWPSMEBCszbQdiLLq6aN,jupiterz,,4586,5236416.816991488
2026-07-01,GLDx,Xsv9hRk1z5ystj9MhnA7Lq4vjSsLwzL2nxrwmwtD3re,byreal,,220,47.13058685793801
2026-05-01,NVDAx,Xsc9qvGR1efVDFGLrVsmkzv3qi45LTBjeUKSPmx9qEh,byreal,,26924,5425861.256230123
2026-08-01,SPYx,XsoCS1TfEyfFhfvj8EtZ528L3CaKBDBRqRapnBbDF2W,raydium_launchlab,,2718,502786.76790830505
2026-03-01,QQQx,Xs8S1uUs1zvS2p7iwtsG3b6fkhpvmwz4GYU3gWAmWHZ,byreal,,16316,3479552.0547694177
2025-11-01,UNHx,XszvaiXGPwvk2nwb3o9C1CX4K6zH8sez11E6uyup6fe,raydium,,2547,19465.7329437837
2026-03-01,HOODx,XsvNBAYkrDRNhA7wPHQfX3ZUXZyZLdnCQDfHZ56bzpg,jupiterz,,1757,1049233.7603901832
2026-04-01,GLDx,Xsv9hRk1z5ystj9MhnA7Lq4vjSsLwzL2nxrwmwtD3re,jupiterz,,396,335971.6695188432
2025-07-01,CRCLx,XsueG8BtpquVJX9LVLLEGuViXUungE6WmK5YZ3p3bd1,pancakeswap,,3844,42414.09908263499
2026-02-01,MCDx,XsqE9cRRpzxcGKDXj1BJ7Xmg4GRhZoyY1KpmGSxAWT2,raydium,,465,16199.24170438666
2026-07-01,SPYx,XsoCS1TfEyfFhfvj8EtZ528L3CaKBDBRqRapnBbDF2W,raydium,,217239,40396426.03426956
2026-07-01,GLDx,Xsv9hRk1z5ystj9MhnA7Lq4vjSsLwzL2nxrwmwtD3re,whirlpool,,10822,150644.43560444468
2026-09-01,SPYx,XsoCS1TfEyfFhfvj8EtZ528L3CaKBDBRqRapnBbDF2W,raydium,,2608978,473309369.80266243
2026-04-01,SPYx,XsoCS1TfEyfFhfvj8EtZ528L3CaKBDBRqRapnBbDF2W,pancakeswap,,9467,15207.65161312214
2025-10-01,MSTRx,XsP7xzNPvEHS1m6qfanPUGjNmdnmsLKEoNAnHjdxxyZ,raydium,,37779,5023049.181566284
2026-09-01,NFLXx,XsEH7wWfJJu2ZT3UCFeVfALnVA6CP5ur7Ee11KmzVpL,jupiterz,,121,72443.7113708581
2025-12-01,QQQx,Xs8S1uUs1zvS2p7iwtsG3b6fkhpvmwz4GYU3gWAmWHZ,meteora,,4860,105546.0092581208
2025-12-01,AMZNx,Xs3eBt7uRfJX8QUs4suhyU8p2M6DoUDrJyWBa8LLZsg,raydium,,4946,390379.67446485726
2025-09-01,NVDAx,Xsc9qvGR1efVDFGLrVsmkzv3qi45LTBjeUKSPmx9qEh,raydium,,35470,4317309.533995178
2026-03-01,QQQx,Xs8S1uUs1zvS2p7iwtsG3b6fkhpvmwz4GYU3gWAmWHZ,meteora,,16198,533802.1742349316
2026-07-01,METAx,Xsa62P5mvPszXL1krVUnU5ar38bBSVcWAB6fmPCo5Zu,jupiterz,,1837,1658157.2593733096
2026-02-01,AAPLx,XsbEhLAtcf6HdfpFZ5xEMdqW8nfAvcsP5bdudRLJzJp,byreal,,12407,544606.5561359734
2025-12-01,AMBRx,XsaQTCgebC2KPbf27KUhdv5JFvHhQ4GDAPURwrEhAzb,whirlpool,,256,2056.2083545743717
2026-02-01,AMBRx,XsaQTCgebC2KPbf27KUhdv5JFvHhQ4GDAPURwrEhAzb,whirlpool,,259,1834.5749967528075
2026-07-01,giraffedog,XsANsBqEwh2ztRmtfvVFJpcTTPDAMnPwaaUXcyp4mPs,meteora,,4713,743600.3978046688
2026-09-01,TQQQx,XsjQP3iMAaQ3kQScQKthQpx9ALRbjKAjQtHg6TFomoc,meteora,,3127,200634.73697527373
2026-07-01,SPCXx,Xs3oZwbHvqis4NYcf4YKWmEia2eC84wSiVrcYcTqpH8,scorch,,6880,1955696.8668132205
2026-08-01,PLTRx,XsoBhf2ufR8fTyNSjqfU71DYGaE6Z3SUGAidpzriAA4,whirlpool,,11526,1021479.455532857
2026-01-01,QQQx,Xs8S1uUs1zvS2p7iwtsG3b6fkhpvmwz4GYU3gWAmWHZ,raydium,,61151,15328545.148633037
2026-01-01,SPYx,XsoCS1TfEyfFhfvj8EtZ528L3CaKBDBRqRapnBbDF2W,jupiterz,,454,670776.0234212043
2026-04-01,KOx,XsaBXg8dU5cPM6ehmVctMkVqoiRG2ZjMo1cyBJ3AykQ,raydium,,426,10881.761817569171
2026-04-01,SPYx,XsoCS1TfEyfFhfvj8EtZ528L3CaKBDBRqRapnBbDF2W,whirlpool,0.01,203,58.452015713510036
2026-06-01,NVDAx,Xsc9qvGR1efVDFGLrVsmkzv3qi45LTBjeUKSPmx9qEh,whirlpool,0.0001,866,77725.69056838706
2026-09-01,NVOx,XsfAzPzYrYjd4Dpa9BU3cusBsvWfVB9gBcyGC87S57n,raydium,,1611,48415.11909503542
2026-04-01,HOODx,XsvNBAYkrDRNhA7wPHQfX3ZUXZyZLdnCQDfHZ56bzpg,raydium,,35009,5394053.4548697015
2025-09-01,BRK.Bx,Xs6B6zawENwAbWVi7w92rjazLuAr5Az59qgWKcNb45x,raydium,,654,44928.317777725075
2025-11-01,GOOGLx,XsCPL9dNWBMvFtTmwcCA5v3xWPSMEBCszbQdiLLq6aN,meteora,,9356,81285.0015141442
2025-11-01,GLDx,Xsv9hRk1z5ystj9MhnA7Lq4vjSsLwzL2nxrwmwtD3re,raydium,,35126,784332.6889686828
2026-03-01,QQQx,Xs8S1uUs1zvS2p7iwtsG3b6fkhpvmwz4GYU3gWAmWHZ,pancakeswap,,17342,130025.80762571229
2026-02-01,AAPLx,XsbEhLAtcf6HdfpFZ5xEMdqW8nfAvcsP5bdudRLJzJp,pancakeswap,,9995,63720.20283813574
2025-12-01,AAPLx,XsbEhLAtcf6HdfpFZ5xEMdqW8nfAvcsP5bdudRLJzJp,pancakeswap,,10851,247400.13645782822
2026-05-01,INTCx,XshPgPdXFRWB8tP1j82rebb2Q9rPgGX37RuqzohmArM,meteora,,218,17721.864741055237
2025-08-01,DAWG,XsUtpfJB8yShb3EA4kpSfCWGieMeWDMxgMnJMyJpump,pumpdotfun,0.01,169,12892.056236030325
2025-07-01,NVDAx,Xsc9qvGR1efVDFGLrVsmkzv3qi45LTBjeUKSPmx9qEh,whirlpool,,47603,4011284.3915622504
2026-05-01,SPYx,XsoCS1TfEyfFhfvj8EtZ528L3CaKBDBRqRapnBbDF2W,raydium,,67600,22951030.029597443
2026-05-01,ORCLx,XsjFwUPiLofddX5cWFHW35GCbXcSu1BCUGfxoQAQjeL,whirlpool,,646,1621.438383631703
2026-08-01,SPYx,XsoCS1TfEyfFhfvj8EtZ528L3CaKBDBRqRapnBbDF2W,alphaq,,57631,7809514.910643838
2026-08-01,MCDx,XsqE9cRRpzxcGKDXj1BJ7Xmg4GRhZoyY1KpmGSxAWT2,byreal,,10819,2229710.614715017
2025-10-01,QQQx,Xs8S1uUs1zvS2p7iwtsG3b6fkhpvmwz4GYU3gWAmWHZ,meteora,,1838,51864.74161079676
2025-10-01,AAPLx,XsbEhLAtcf6HdfpFZ5xEMdqW8nfAvcsP5bdudRLJzJp,byreal,,957,1485.2698214581092
2026-04-01,KOx,XsaBXg8dU5cPM6ehmVctMkVqoiRG2ZjMo1cyBJ3AykQ,whirlpool,,280,136.89949606550903
2026-03-01,PLTRx,XsoBhf2ufR8fTyNSjqfU71DYGaE6Z3SUGAidpzriAA4,raydium,,646,20585.556164640093
2026-09-01,ORCLx,XsjFwUPiLofddX5cWFHW35GCbXcSu1BCUGfxoQAQjeL,whirlpool,,293,1823.6131723436094
2026-05-01,GLDx,Xsv9hRk1z5ystj9MhnA7Lq4vjSsLwzL2nxrwmwtD3re,byreal,,230,61.26474808175598
2026-02-01,MSTRx,XsP7xzNPvEHS1m6qfanPUGjNmdnmsLKEoNAnHjdxxyZ,raydium,,96457,11053447.593368527
2026-05-01,UNHx,XszvaiXGPwvk2nwb3o9C1CX4K6zH8sez11E6uyup6fe,whirlpool,,239,28.497697410340013
2025-07-01,SPYx Pay,XshD1ntnfaBNe93hz3PXdC7Yb5x8bsz8iXLnBUKZ7oF,meteora,,132,43.38740165826001
2026-07-01,NVDAx,Xsc9qvGR1efVDFGLrVsmkzv3qi45LTBjeUKSPmx9qEh,whirlpool,,85462,3334305.6024872595
2026-07-01,AMZNx,Xs3eBt7uRfJX8QUs4suhyU8p2M6DoUDrJyWBa8LLZsg,meteora,,1861,2554.129182240708
2026-09-01,MSFTx,XspzcW1PRtgf6Wj92HCiZdjzKCyFekVD8P5Ueh3dRMX,meteora,,62081,3324993.405077794
2026-06-01,TSLAx,XsDoVfqeBukxuZHWhdvWHBhgEHjGNst4MLodqsJHzoB,byreal,,45436,8871906.061721474
2026-09-01,METAx,Xsa62P5mvPszXL1krVUnU5ar38bBSVcWAB6fmPCo5Zu,jupiterz,,16264,12510283.5472942
2026-08-01,CRCLx,XsueG8BtpquVJX9LVLLEGuViXUungE6WmK5YZ3p3bd1,raydium,,405515,122832565.90211271
2026-08-01,MSTRx,XsP7xzNPvEHS1m6qfanPUGjNmdnmsLKEoNAnHjdxxyZ,raydium,,129229,20544106.62166969
2026-01-01,DFDVx,Xs2yquAgsHByNzx68WJC55WHjHBvG9JsMB7CWjTLyPy,whirlpool,,1648,102388.77278013428
2026-08-01,AZNx,Xs3ZFkPYT2BN7qBMqf1j1bfTeTm1rFzEFSsQ1z3wAKU,raydium,,197,3995.502162693907
2025-09-01,CRCLx,XsueG8BtpquVJX9LVLLEGuViXUungE6WmK5YZ3p3bd1,pancakeswap,,3731,11912.88013646266
2026-03-01,TSLAx,XsDoVfqeBukxuZHWhdvWHBhgEHjGNst4MLodqsJHzoB,jupiterz,,987,1716797.320105263
2026-02-01,MSTRx,XsP7xzNPvEHS1m6qfanPUGjNmdnmsLKEoNAnHjdxxyZ,byreal,,18023,437448.9273110802
2026-04-01,GOOGLx,XsCPL9dNWBMvFtTmwcCA5v3xWPSMEBCszbQdiLLq6aN,whirlpool,0.003,172,1503.6982557248998
2026-07-01,UNHx,XszvaiXGPwvk2nwb3o9C1CX4K6zH8sez11E6uyup6fe,whirlpool,,105,18.50173495711
2026-07-01,SPYx,XsoCS1TfEyfFhfvj8EtZ528L3CaKBDBRqRapnBbDF2W,whirlpool,,115130,11204009.565286547
2026-09-01,QQQx,Xs8S1uUs1zvS2p7iwtsG3b6fkhpvmwz4GYU3gWAmWHZ,raydium_launchlab,,146154,10405755.757730905
2026-09-01,STRCx,Xs78JED6PFZxWc2wCEPspZW9kL3Se5J7L5TChKgsidH,whirlpool,,156,39.948609098387024
2025-08-01,TSLAx,XsDoVfqeBukxuZHWhdvWHBhgEHjGNst4MLodqsJHzoB,raydium,,67429,23404135.000397958
2026-03-01,SPYx,XsoCS1TfEyfFhfvj8EtZ528L3CaKBDBRqRapnBbDF2W,manifest,,4705,193399.86368784006
2026-04-01,GMEx,Xsf9mBktVB9BSU5kf4nHxPq5hCBJ2j2ui3ecFGxPRGc,raydium,,1058,350.3499221696134
2025-07-01,GOOGLx,XsCPL9dNWBMvFtTmwcCA5v3xWPSMEBCszbQdiLLq6aN,pancakeswap,,2127,10392.17110806642
2025-12-01,MSTRx,XsP7xzNPvEHS1m6qfanPUGjNmdnmsLKEoNAnHjdxxyZ,whirlpool,,1452,18587.578066173235
2026-09-01,VIDAx,XsfCC9VL4DamVGNgdJpfLXB3sBVa158Gbx8sh7NzmTk,raydium,,47927,5017455.491470903
2026-06-01,QQQx,Xs8S1uUs1zvS2p7iwtsG3b6fkhpvmwz4GYU3gWAmWHZ,raydium,,215791,86937213.92827928
2026-06-01,COINx,Xs7ZdzSHLU9ftNJsii5fCeJhoRWSC32SQGzGQtePxNu,byreal,,21229,1398877.3828490714
2026-07-01,CRCLx,XsueG8BtpquVJX9LVLLEGuViXUungE6WmK5YZ3p3bd1,jupiterz,,3252,3983996.001638332
2026-05-01,AMDx,XsXcJ6GZ9kVnjqGsjBnktRcuwMBmvKWh8S93RefZ1rF,whirlpool,,1338,19800.151736926808
2026-08-01,GOOGLx,XsCPL9dNWBMvFtTmwcCA5v3xWPSMEBCszbQdiLLq6aN,whirlpool,,14381,49909.55857751412
2026-01-01,COINx,Xs7ZdzSHLU9ftNJsii5fCeJhoRWSC32SQGzGQtePxNu,byreal,,10555,561724.5589057272
2025-08-01,TSLAx,XsDoVfqeBukxuZHWhdvWHBhgEHjGNst4MLodqsJHzoB,byreal,,421,977.934352054673
2025-09-01,GOOGLx,XsCPL9dNWBMvFtTmwcCA5v3xWPSMEBCszbQdiLLq6aN,meteora,,6990,205844.48882646748
2026-03-01,MAx,XsApJFV9MAktqnAc6jqzsHVujxkGm9xcSUffaBoYLKC,raydium,,331,1372.304338689211
2026-05-01,BRK.Bx,Xs6B6zawENwAbWVi7w92rjazLuAr5Az59qgWKcNb45x,raydium,,1428,151404.1945907119
2025-07-01,CRCLx,XsueG8BtpquVJX9LVLLEGuViXUungE6WmK5YZ3p3bd1,raydium,,42174,18691460.076091975
2026-08-01,INTCx,XshPgPdXFRWB8tP1j82rebb2Q9rPgGX37RuqzohmArM,raydium,,11789,657483.0581871616
2025-10-01,AMBRx,XsaQTCgebC2KPbf27KUhdv5JFvHhQ4GDAPURwrEhAzb,raydium,,1031,9785.415987833076
2025-10-01,NFLXx,XsEH7wWfJJu2ZT3UCFeVfALnVA6CP5ur7Ee11KmzVpL,raydium,,1610,10060.269383089557
2025-11-01,TQQQx,XsjQP3iMAaQ3kQScQKthQpx9ALRbjKAjQtHg6TFomoc,raydium,,171,1091.8008257282545
2026-06-01,TSLAx,XsDoVfqeBukxuZHWhdvWHBhgEHjGNst4MLodqsJHzoB,whirlpool,,333042,39045325.30149148
2026-06-01,CRCLx,XsueG8BtpquVJX9LVLLEGuViXUungE6WmK5YZ3p3bd1,alphaq,,2613,629937.1486174747
2026-06-01,SPYx,XsoCS1TfEyfFhfvj8EtZ528L3CaKBDBRqRapnBbDF2W,meteora,,5091,25934.157864633813
2026-06-01,NVDAx,Xsc9qvGR1efVDFGLrVsmkzv3qi45LTBjeUKSPmx9qEh,jupiterz,,2763,3705742.2558468617
2026-07-01,COINx,Xs7ZdzSHLU9ftNJsii5fCeJhoRWSC32SQGzGQtePxNu,raydium,,37397,7103930.937848355
2026-09-01,BRK.Bx,Xs6B6zawENwAbWVi7w92rjazLuAr5Az59qgWKcNb45x,whirlpool,,22884,647762.5083952883
2026-09-01,AMZNx,Xs3eBt7uRfJX8QUs4suhyU8p2M6DoUDrJyWBa8LLZsg,meteora,,48594,2341063.2271587
2025-10-01,TSLAx,XsDoVfqeBukxuZHWhdvWHBhgEHjGNst4MLodqsJHzoB,jupiterz,,747,2372805.6651817556
2025-09-01,CRCLx,XsueG8BtpquVJX9LVLLEGuViXUungE6WmK5YZ3p3bd1,byreal,,1211,14369.88141337269
2025-11-01,CRCLx,XsueG8BtpquVJX9LVLLEGuViXUungE6WmK5YZ3p3bd1,whirlpool,,1605,3386.0077404413337
2026-05-01,PEPx,Xsv99frTRUeornyvCfvhnDesQDWuvns1M852Pez91vF,raydium,,249,813.2162187475201
2025-12-01,CRCLx,XsueG8BtpquVJX9LVLLEGuViXUungE6WmK5YZ3p3bd1,whirlpool,,749,1048.8087158047174
2025-11-01,NFLXx,XsEH7wWfJJu2ZT3UCFeVfALnVA6CP5ur7Ee11KmzVpL,raydium,,325,9886.947887649925
2026-08-01,QQQx,Xs8S1uUs1zvS2p7iwtsG3b6fkhpvmwz4GYU3gWAmWHZ,manifest,,180,10803.487918814008
2026-08-01,AAPLx,XsbEhLAtcf6HdfpFZ5xEMdqW8nfAvcsP5bdudRLJzJp,jupiterz,,1876,1281913.8425539986
2025-08-01,COINx,Xs7ZdzSHLU9ftNJsii5fCeJhoRWSC32SQGzGQtePxNu,whirlpool,,1530,117270.6814631274
2025-09-01,GOOGLx,XsCPL9dNWBMvFtTmwcCA5v3xWPSMEBCszbQdiLLq6aN,byreal,,4387,85836.23808524331
2025-09-01,CRCLx,XsueG8BtpquVJX9LVLLEGuViXUungE6WmK5YZ3p3bd1,jupiterz,,387,598488.2279732872
2026-06-01,WH,XsyyLADf5dzDP6Akb8AZugH3XqqPWvx82wA3fn7pump,pumpdotfun,0.01,112,857.9531854515296
2026-02-01,GOOGLx,XsCPL9dNWBMvFtTmwcCA5v3xWPSMEBCszbQdiLLq6aN,byreal,,19447,2274859.3734667366
2026-05-01,MCDx,XsqE9cRRpzxcGKDXj1BJ7Xmg4GRhZoyY1KpmGSxAWT2,jupiterz,,127,90574.33159582387
2025-06-01,PumpFun,Xsrkg7gnTGg2symtDFYXq6FpPhnpeiJdnKu24ojpump,pumpdotfun,0.01,320,26316.14724685
2026-09-01,METAx,Xsa62P5mvPszXL1krVUnU5ar38bBSVcWAB6fmPCo5Zu,meteora,,108413,6920814.693437078
2026-09-01,GOOGLx,XsCPL9dNWBMvFtTmwcCA5v3xWPSMEBCszbQdiLLq6aN,meteora,,72413,4373202.785544429
2026-09-01,STRCx,Xs78JED6PFZxWc2wCEPspZW9kL3Se5J7L5TChKgsidH,meteora,,7510,155212.22785724976
2026-09-01,GLDx,Xsv9hRk1z5ystj9MhnA7Lq4vjSsLwzL2nxrwmwtD3re,pancakeswap,,361,29824.90804376768
2025-07-01,SPYx,XsoCS1TfEyfFhfvj8EtZ528L3CaKBDBRqRapnBbDF2W,whirlpool,,72204,7997900.85817923
2026-08-01,MSTRx,XsP7xzNPvEHS1m6qfanPUGjNmdnmsLKEoNAnHjdxxyZ,byreal,,26173,2909195.580689118
2026-08-01,SPYx,XsoCS1TfEyfFhfvj8EtZ528L3CaKBDBRqRapnBbDF2W,manifest,,727,72307.30588563053
2025-08-01,NVDAx,Xsc9qvGR1efVDFGLrVsmkzv3qi45LTBjeUKSPmx9qEh,meteora,,11669,434914.09214567195
2026-08-01,AMZNx,Xs3eBt7uRfJX8QUs4suhyU8p2M6DoUDrJyWBa8LLZsg,whirlpool,,847,746.644868185377
2025-10-01,Neko,XsLsCcArSHd8PLNet9Rt3tx3wdCMtA9mm1RdHRH63GK,meteora,,192,21333.15856029896
2025-07-01,NVDAx,Xsc9qvGR1efVDFGLrVsmkzv3qi45LTBjeUKSPmx9qEh,pancakeswap,,2158,9685.104371721214
2026-04-01,Asternaut,XskwScH3xLAHU7y5ynxGdtPzaRKst8DHwwKrUEixELU,meteora,,445,11637.418675725921
2026-06-01,STAKRR,XscZkQn3cFj1t9Ym4LNtEMrsi6eeeCTCtb6bTPrpump,pumpswap,0.0095,1654,75446.11515643413
2026-09-01,DFDVx,Xs2yquAgsHByNzx68WJC55WHjHBvG9JsMB7CWjTLyPy,raydium,,88732,11254467.852723751
2026-09-01,AMDx,XsXcJ6GZ9kVnjqGsjBnktRcuwMBmvKWh8S93RefZ1rF,meteora,,5016,166844.70353736653
2026-04-01,COINx,Xs7ZdzSHLU9ftNJsii5fCeJhoRWSC32SQGzGQtePxNu,whirlpool,,13662,84779.83812572145
2026-04-01,METAx,Xsa62P5mvPszXL1krVUnU5ar38bBSVcWAB6fmPCo5Zu,jupiterz,,444,584979.0226349857
2025-10-01,perdcoin,XsKPJ4uP2PwzQwMuZutk8x6sJ2PbapJu4qCfP2Gpump,pumpdotfun,0.01,1071,97056.68323308234
2025-10-01,DFDVx,Xs2yquAgsHByNzx68WJC55WHjHBvG9JsMB7CWjTLyPy,meteora,,270,549.8142389502601
2026-05-01,fakemon,XsAYjvdqwc4NDmKEhsWGJ26nowDh2XpbdBcQAndpump,pumpdotfun,0.01,774,30343.42101340176
2026-06-01,GMEx,Xsf9mBktVB9BSU5kf4nHxPq5hCBJ2j2ui3ecFGxPRGc,meteora,,644,104.54201762701004
2025-10-01,QQQx,Xs8S1uUs1zvS2p7iwtsG3b6fkhpvmwz4GYU3gWAmWHZ,byreal,,507,37400.75902481694
2026-03-01,MCDx,XsqE9cRRpzxcGKDXj1BJ7Xmg4GRhZoyY1KpmGSxAWT2,byreal,,5487,492337.17616600374
2025-07-01,GLDx,Xsv9hRk1z5ystj9MhnA7Lq4vjSsLwzL2nxrwmwtD3re,whirlpool,,2414,183254.68149863946
2026-05-01,AMZNx,Xs3eBt7uRfJX8QUs4suhyU8p2M6DoUDrJyWBa8LLZsg,jupiterz,,125,1040437.1977403034
2025-12-01,AMZNx,Xs3eBt7uRfJX8QUs4suhyU8p2M6DoUDrJyWBa8LLZsg,byreal,,5418,586096.615940613
2026-05-01,JPMx,XsMAqkcKsUewDrzVkait4e5u4y8REgtyS7jWgCpLV2C,raydium,,147,4772.713154401455
2026-03-01,AMBRx,XsaQTCgebC2KPbf27KUhdv5JFvHhQ4GDAPURwrEhAzb,whirlpool,,183,1889.6217079572077
2026-06-01,SPYx,XsoCS1TfEyfFhfvj8EtZ528L3CaKBDBRqRapnBbDF2W,pancakeswap,,2093,10908.612606675368
2026-09-01,GMEx,Xsf9mBktVB9BSU5kf4nHxPq5hCBJ2j2ui3ecFGxPRGc,raydium_launchlab,,177153,11774462.052005092
2026-07-01,STRCx,Xs78JED6PFZxWc2wCEPspZW9kL3Se5J7L5TChKgsidH,meteora,,776,5740.165347821525
2026-07-01,GOOGLx,XsCPL9dNWBMvFtTmwcCA5v3xWPSMEBCszbQdiLLq6aN,jupiterz,,2656,3084056.722025238
2026-04-01,SPYx,XsoCS1TfEyfFhfvj8EtZ528L3CaKBDBRqRapnBbDF2W,whirlpool,,61871,3835034.419068661
2025-07-01,MSTRx,XsP7xzNPvEHS1m6qfanPUGjNmdnmsLKEoNAnHjdxxyZ,meteora,,4169,35566.28216302805
2026-05-01,QQQx,Xs8S1uUs1zvS2p7iwtsG3b6fkhpvmwz4GYU3gWAmWHZ,manifest,,19881,1200439.2655454944
2026-02-01,NFLXx,XsEH7wWfJJu2ZT3UCFeVfALnVA6CP5ur7Ee11KmzVpL,raydium,,636,18134.854889588965
2026-02-01,METAx,Xsa62P5mvPszXL1krVUnU5ar38bBSVcWAB6fmPCo5Zu,raydium,,4021,469450.1898270995
2025-09-01,MSTRx,XsP7xzNPvEHS1m6qfanPUGjNmdnmsLKEoNAnHjdxxyZ,jupiterz,,256,720264.5817067329
2025-12-01,SPYx,XsoCS1TfEyfFhfvj8EtZ528L3CaKBDBRqRapnBbDF2W,manifest,,1058,63443.19434146938
2026-09-01,NVDAx,Xsc9qvGR1efVDFGLrVsmkzv3qi45LTBjeUKSPmx9qEh,whirlpool,,937574,53811685.2152309
2026-09-01,PLTRx,XsoBhf2ufR8fTyNSjqfU71DYGaE6Z3SUGAidpzriAA4,manifest,,4456,200045.33804381997
2026-08-01,MCDx,XsqE9cRRpzxcGKDXj1BJ7Xmg4GRhZoyY1KpmGSxAWT2,whirlpool,,5353,213692.99221437724
2026-08-01,QQQx,Xs8S1uUs1zvS2p7iwtsG3b6fkhpvmwz4GYU3gWAmWHZ,meteora,,4639,48844.51875401187
2026-05-01,GLDx,Xsv9hRk1z5ystj9MhnA7Lq4vjSsLwzL2nxrwmwtD3re,whirlpool,,7205,118637.56042349857
2025-10-01,GOOGLx,XsCPL9dNWBMvFtTmwcCA5v3xWPSMEBCszbQdiLLq6aN,byreal,,21374,544929.5392370321
2026-01-01,GLDx,Xsv9hRk1z5ystj9MhnA7Lq4vjSsLwzL2nxrwmwtD3re,whirlpool,0.003,13013,3887143.588191247
2025-08-01,DFDVx,Xs2yquAgsHByNzx68WJC55WHjHBvG9JsMB7CWjTLyPy,whirlpool,,4127,70031.48606421497
2026-01-01,KOx,XsaBXg8dU5cPM6ehmVctMkVqoiRG2ZjMo1cyBJ3AykQ,whirlpool,,106,35.80612529265999
2026-06-01,ORCLx,XsjFwUPiLofddX5cWFHW35GCbXcSu1BCUGfxoQAQjeL,jupiterz,,120,74907.78398220206
2025-11-01,NVDAx,Xsc9qvGR1efVDFGLrVsmkzv3qi45LTBjeUKSPmx9qEh,byreal,,18118,1458252.3955128735
2025-09-01,Jorz,Xs8RDfAYSsxPtHScQwCJeb7XUwS6Jmgx4qUBTU3pump,pumpdotfun,0.01,900,35867.1164358265
2026-02-01,AMBRx,XsaQTCgebC2KPbf27KUhdv5JFvHhQ4GDAPURwrEhAzb,raydium,,323,2221.970162707679
2026-07-01,AMDx,XsXcJ6GZ9kVnjqGsjBnktRcuwMBmvKWh8S93RefZ1rF,whirlpool,,1869,9433.1873015303
2026-07-01,QQQx,Xs8S1uUs1zvS2p7iwtsG3b6fkhpvmwz4GYU3gWAmWHZ,alphaq,,2595,680963.0388736472
2026-09-01,STRCx,Xs78JED6PFZxWc2wCEPspZW9kL3Se5J7L5TChKgsidH,byreal,,4397,276394.06716517254
2026-07-01,SPYx,XsoCS1TfEyfFhfvj8EtZ528L3CaKBDBRqRapnBbDF2W,byreal,,4732,680609.495904881
2026-04-01,HOODx,XsvNBAYkrDRNhA7wPHQfX3ZUXZyZLdnCQDfHZ56bzpg,byreal,,17725,1249938.750507317
2026-08-01,AAPLx,XsbEhLAtcf6HdfpFZ5xEMdqW8nfAvcsP5bdudRLJzJp,whirlpool,,6813,582167.9331856817
2026-04-01,LLYx,Xsnuv4omNoHozR6EEW5mXkw8Nrny5rB3jVfLqi6gKMH,whirlpool,,579,133.346419550204
2025-07-01,METAx,Xsa62P5mvPszXL1krVUnU5ar38bBSVcWAB6fmPCo5Zu,whirlpool,,937,56170.6076444049
2026-02-01,GOOGLx,XsCPL9dNWBMvFtTmwcCA5v3xWPSMEBCszbQdiLLq6aN,whirlpool,,6398,136244.0058879174
2025-11-01,MSFTx,XspzcW1PRtgf6Wj92HCiZdjzKCyFekVD8P5Ueh3dRMX,whirlpool,,100,364.162591586063
2026-03-01,DFDVx,Xs2yquAgsHByNzx68WJC55WHjHBvG9JsMB7CWjTLyPy,meteora,,218,3108.6653112805593
2026-07-01,CRCLx,XsueG8BtpquVJX9LVLLEGuViXUungE6WmK5YZ3p3bd1,meteora,,5936,53266.081823280525
2026-09-01,TSLAx,XsDoVfqeBukxuZHWhdvWHBhgEHjGNst4MLodqsJHzoB,raydium_launchlab,,94113,6383182.049309788
2026-09-01,SPYx,XsoCS1TfEyfFhfvj8EtZ528L3CaKBDBRqRapnBbDF2W,pancakeswap,,168755,5480193.6684264755
2026-09-01,KOx,XsaBXg8dU5cPM6ehmVctMkVqoiRG2ZjMo1cyBJ3AykQ,raydium,,73724,5684434.413776543
2026-09-01,AMZNx,Xs3eBt7uRfJX8QUs4suhyU8p2M6DoUDrJyWBa8LLZsg,jupiterz,,2950,2116155.4612033367
2026-07-01,STRCx,Xs78JED6PFZxWc2wCEPspZW9kL3Se5J7L5TChKgsidH,jupiterz,,677,372287.2085892788
2026-04-01,NVDAx,Xsc9qvGR1efVDFGLrVsmkzv3qi45LTBjeUKSPmx9qEh,meteora,,4713,31877.842682912244
2026-01-01,HOODx,XsvNBAYkrDRNhA7wPHQfX3ZUXZyZLdnCQDfHZ56bzpg,pancakeswap,,662,11922.988101024797
2025-09-01,CRCLx,XsueG8BtpquVJX9LVLLEGuViXUungE6WmK5YZ3p3bd1,whirlpool,,4180,22213.83576107437
2026-03-01,GLDx,Xsv9hRk1z5ystj9MhnA7Lq4vjSsLwzL2nxrwmwtD3re,whirlpool,0.003,8057,3107823.7230550973
2026-03-01,COINx,Xs7ZdzSHLU9ftNJsii5fCeJhoRWSC32SQGzGQtePxNu,byreal,,21080,1567786.6587544656
2026-03-01,QQQx,Xs8S1uUs1zvS2p7iwtsG3b6fkhpvmwz4GYU3gWAmWHZ,jupiterz,,2973,2401991.753638146
2026-01-01,PGx,XsYdjDjNUygZ7yGKfQaB6TxLh2gC6RRjzLtLAGJrhzV,raydium,,171,5408.316385182165
2026-05-01,UNHx,XszvaiXGPwvk2nwb3o9C1CX4K6zH8sez11E6uyup6fe,raydium,,1570,34178.503837095
2025-07-01,MSTRx,XsP7xzNPvEHS1m6qfanPUGjNmdnmsLKEoNAnHjdxxyZ,pancakeswap,,1850,9614.899097029605
2026-02-01,MSFTx,XspzcW1PRtgf6Wj92HCiZdjzKCyFekVD8P5Ueh3dRMX,raydium,,1357,135074.43156035236
2026-08-01,CVXx,XsNNMt7WTNA2sV3jrb1NNfNgapxRF5i4i6GcnTRRHts,raydium,,226,27727.86966586807
2026-06-01,STRCx,Xs78JED6PFZxWc2wCEPspZW9kL3Se5J7L5TChKgsidH,meteora,,797,8734.670996874343
2026-09-01,GLDx,Xsv9hRk1z5ystj9MhnA7Lq4vjSsLwzL2nxrwmwtD3re,whirlpool,0.02,281,11816.040182261897
2026-09-01,MCDx,XsqE9cRRpzxcGKDXj1BJ7Xmg4GRhZoyY1KpmGSxAWT2,jupiterz,,4033,1734536.142934546
2026-08-01,AAPLx,XsbEhLAtcf6HdfpFZ5xEMdqW8nfAvcsP5bdudRLJzJp,byreal,,11402,1325324.9240520243
2026-05-01,INTCx,XshPgPdXFRWB8tP1j82rebb2Q9rPgGX37RuqzohmArM,raydium,,5037,156017.1797638684
2026-03-01,TSLAx,XsDoVfqeBukxuZHWhdvWHBhgEHjGNst4MLodqsJHzoB,pancakeswap,,33683,593180.8765277496
2025-11-01,SPPC,XsfP5DLwS9woHeAum6FudevCTutSi7vXhhqvhYhpump,pumpdotfun,0.01,110,9170.46879187754
2026-07-01,MANTEN,XsbAbLH1xGLGqgRVDdaXnNgzfnoWq1rg6EsDxw79KZe,meteora,,152,9758.734549555198
2025-11-01,WMTx,Xs151QeqTCiuKtinzfRATnUESM2xTU6V9Wy8Vy538ci,whirlpool,,397,911.9756598783845
2026-05-01,ACNx,Xs5UJzmCRQ8DWZjskExdSQDnbE6iLkRu2jjrRAB1JSU,whirlpool,,169,958.5744267020602
2025-07-01,xSTR,XsZDJVpCXgKYEktZsC61k1dnY5iXAGQYz9dxnkVQ9MJ,raydium,,132,1336.4458740503103
2026-02-01,TSLAx,XsDoVfqeBukxuZHWhdvWHBhgEHjGNst4MLodqsJHzoB,jupiterz,,309,1125426.0101871379
2026-06-01,COINx,Xs7ZdzSHLU9ftNJsii5fCeJhoRWSC32SQGzGQtePxNu,pancakeswap,,689,651.713691977803
2026-09-01,JPMx,XsMAqkcKsUewDrzVkait4e5u4y8REgtyS7jWgCpLV2C,raydium,,1812,29366.586021102947
2026-08-01,CRCLx,XsueG8BtpquVJX9LVLLEGuViXUungE6WmK5YZ3p3bd1,byreal,,42351,11912800.882868625
2026-05-01,AMZNx,Xs3eBt7uRfJX8QUs4suhyU8p2M6DoUDrJyWBa8LLZsg,whirlpool,,1479,10419.171687658747
2025-10-01,COINx,Xs7ZdzSHLU9ftNJsii5fCeJhoRWSC32SQGzGQtePxNu,meteora,,3104,154794.8708029802
2026-01-01,TSLAx,XsDoVfqeBukxuZHWhdvWHBhgEHjGNst4MLodqsJHzoB,raydium,,114592,22234650.354595546
2025-08-01,Epiphany,XsQ6fLLKNsonWw5cNRozU29QYqED3A3ok1YyXy3pump,raydium,,761,87212.70092847783
2025-09-01,AMZNx,Xs3eBt7uRfJX8QUs4suhyU8p2M6DoUDrJyWBa8LLZsg,raydium,,3905,244987.41917775464
2025-09-01,AAPLx,XsbEhLAtcf6HdfpFZ5xEMdqW8nfAvcsP5bdudRLJzJp,meteora,,4033,50800.994717423826
2026-03-01,MSTRx,XsP7xzNPvEHS1m6qfanPUGjNmdnmsLKEoNAnHjdxxyZ,raydium,,110433,22389655.936315496
2026-02-01,QQQx,Xs8S1uUs1zvS2p7iwtsG3b6fkhpvmwz4GYU3gWAmWHZ,byreal,,11868,2129581.9131944673
2026-09-01,TQQQx,XsjQP3iMAaQ3kQScQKthQpx9ALRbjKAjQtHg6TFomoc,raydium,,4800,245395.32149075315
2026-04-01,SPYx,XsoCS1TfEyfFhfvj8EtZ528L3CaKBDBRqRapnBbDF2W,meteora,,9387,190514.66841519103
2025-07-01,SPYx Pay,XshD1ntnfaBNe93hz3PXdC7Yb5x8bsz8iXLnBUKZ7oF,raydium,,336,7362.70502072355
2026-05-01,CRCLx,XsueG8BtpquVJX9LVLLEGuViXUungE6WmK5YZ3p3bd1,meteora,,5670,119242.42099857058
2026-05-01,CRCLx,XsueG8BtpquVJX9LVLLEGuViXUungE6WmK5YZ3p3bd1,byreal,,115844,30027182.835872035
2026-01-01,COINx,Xs7ZdzSHLU9ftNJsii5fCeJhoRWSC32SQGzGQtePxNu,raydium,,32776,2245834.645919228
2026-01-01,GMEx,Xsf9mBktVB9BSU5kf4nHxPq5hCBJ2j2ui3ecFGxPRGc,whirlpool,,2714,2244.1779865569188
2025-08-01,SPYx,XsoCS1TfEyfFhfvj8EtZ528L3CaKBDBRqRapnBbDF2W,whirlpool,,81164,7005883.66382173
2026-06-01,INTCx,XshPgPdXFRWB8tP1j82rebb2Q9rPgGX37RuqzohmArM,jupiterz,,101,117580.72351024691
2025-11-01,AMZNx,Xs3eBt7uRfJX8QUs4suhyU8p2M6DoUDrJyWBa8LLZsg,whirlpool,,505,7571.74864623003
2026-05-01,GOOGLx,XsCPL9dNWBMvFtTmwcCA5v3xWPSMEBCszbQdiLLq6aN,meteora,,426,2074.942644269618
2026-02-01,GLDx,Xsv9hRk1z5ystj9MhnA7Lq4vjSsLwzL2nxrwmwtD3re,whirlpool,0.003,16993,6365541.14751171
2026-06-01,GLDx,Xsv9hRk1z5ystj9MhnA7Lq4vjSsLwzL2nxrwmwtD3re,meteora,,2423,49384.99734618054
2026-09-01,GLDx,Xsv9hRk1z5ystj9MhnA7Lq4vjSsLwzL2nxrwmwtD3re,meteora,,37998,3530399.147988129
2026-09-01,NFLXx,XsEH7wWfJJu2ZT3UCFeVfALnVA6CP5ur7Ee11KmzVpL,meteora,,191,2208.512642485755
2026-03-01,AAPLx,XsbEhLAtcf6HdfpFZ5xEMdqW8nfAvcsP5bdudRLJzJp,byreal,,12135,533361.754298098
2026-02-01,MRVLx,XsuxRGDzbLjnJ72v74b7p9VY6N66uYgTCyfwwRjVCJA,whirlpool,,784,2299.0025256772506
2025-09-01,METAx,Xsa62P5mvPszXL1krVUnU5ar38bBSVcWAB6fmPCo5Zu,byreal,,307,1101.4884867987737
2026-07-01,UNHx,XszvaiXGPwvk2nwb3o9C1CX4K6zH8sez11E6uyup6fe,raydium,,325,21335.982127925465
2026-07-01,BRK.Bx,Xs6B6zawENwAbWVi7w92rjazLuAr5Az59qgWKcNb45x,raydium,,1147,122807.96923098467
2026-09-01,NVDAx,Xsc9qvGR1efVDFGLrVsmkzv3qi45LTBjeUKSPmx9qEh,meteora,,179470,16274413.970619677
2026-04-01,NVDAx,Xsc9qvGR1efVDFGLrVsmkzv3qi45LTBjeUKSPmx9qEh,pancakeswap,,15310,142674.70249597137
2026-05-01,GOOGLx,XsCPL9dNWBMvFtTmwcCA5v3xWPSMEBCszbQdiLLq6aN,pancakeswap,,6699,24378.778136353285
2026-01-01,MRVLx,XsuxRGDzbLjnJ72v74b7p9VY6N66uYgTCyfwwRjVCJA,whirlpool,,195,562.3876842243288
2025-12-01,CRCLx,XsueG8BtpquVJX9LVLLEGuViXUungE6WmK5YZ3p3bd1,raydium,,62159,14039883.2959276
2026-03-01,MCDx,XsqE9cRRpzxcGKDXj1BJ7Xmg4GRhZoyY1KpmGSxAWT2,whirlpool,0.02,163,1691.171569518535
2026-05-01,AMDx,XsXcJ6GZ9kVnjqGsjBnktRcuwMBmvKWh8S93RefZ1rF,meteora,,121,4687.28947478648
2026-02-01,AMZNx,Xs3eBt7uRfJX8QUs4suhyU8p2M6DoUDrJyWBa8LLZsg,raydium,,11768,2216005.4942165813
2025-12-01,MSFTx,XspzcW1PRtgf6Wj92HCiZdjzKCyFekVD8P5Ueh3dRMX,raydium,,1170,23886.057086093428
2025-12-01,GOOGLx,XsCPL9dNWBMvFtTmwcCA5v3xWPSMEBCszbQdiLLq6aN,byreal,,22095,2077176.977024026
2026-06-01,NVDAx,Xsc9qvGR1efVDFGLrVsmkzv3qi45LTBjeUKSPmx9qEh,whirlpool,0.003,2178,2369.026316473398
2026-09-01,PUMP-KIN,XswXP3X2xfcTnMnvyNhfMwbSzrWUZEyBwCAUkezpump,pumpdotfun,0.01,213,1454.2657386401906
2026-08-01,METAx,Xsa62P5mvPszXL1krVUnU5ar38bBSVcWAB6fmPCo5Zu,whirlpool,,7834,195104.76754456694
2026-08-01,GOOGLx,XsCPL9dNWBMvFtTmwcCA5v3xWPSMEBCszbQdiLLq6aN,pancakeswap,,757,270.14003007085006
2026-05-01,SPYx,XsoCS1TfEyfFhfvj8EtZ528L3CaKBDBRqRapnBbDF2W,whirlpool,,65253,5221660.162663141
2025-10-01,GOOGLx,XsCPL9dNWBMvFtTmwcCA5v3xWPSMEBCszbQdiLLq6aN,raydium,,25254,2120306.7742506065
2026-08-01,MCDx,XsqE9cRRpzxcGKDXj1BJ7Xmg4GRhZoyY1KpmGSxAWT2,whirlpool,0.02,413,13205.789408657745
2026-06-01,CRCLx,XsueG8BtpquVJX9LVLLEGuViXUungE6WmK5YZ3p3bd1,manifest,,109,39010.46471243408
2025-11-01,GOOGLx,XsCPL9dNWBMvFtTmwcCA5v3xWPSMEBCszbQdiLLq6aN,byreal,,18681,1112072.434513245
2025-12-01,AZNx,Xs3ZFkPYT2BN7qBMqf1j1bfTeTm1rFzEFSsQ1z3wAKU,raydium,,118,2997.014390451683
2026-07-01,GOOGLx,XsCPL9dNWBMvFtTmwcCA5v3xWPSMEBCszbQdiLLq6aN,whirlpool,0.003,344,127.27372278799999
2026-03-01,TSLAx,XsDoVfqeBukxuZHWhdvWHBhgEHjGNst4MLodqsJHzoB,whirlpool,0.01,236,57.69368958558002
2025-12-01,COINx,Xs7ZdzSHLU9ftNJsii5fCeJhoRWSC32SQGzGQtePxNu,jupiterz,,171,110253.36242825216
2026-07-01,GLDx,Xsv9hRk1z5ystj9MhnA7Lq4vjSsLwzL2nxrwmwtD3re,raydium,,59628,3098272.66946943
2026-09-01,UNHx,XszvaiXGPwvk2nwb3o9C1CX4K6zH8sez11E6uyup6fe,raydium,,5565,292122.0608068719
2026-08-01,TQQQx,XsjQP3iMAaQ3kQScQKthQpx9ALRbjKAjQtHg6TFomoc,raydium,,190,1776.3846886972397
2026-05-01,GLDx,Xsv9hRk1z5ystj9MhnA7Lq4vjSsLwzL2nxrwmwtD3re,raydium,,47812,4892609.297870213
2025-10-01,AAPLx,XsbEhLAtcf6HdfpFZ5xEMdqW8nfAvcsP5bdudRLJzJp,pancakeswap,,18018,627439.9778915031
2026-01-01,TSLAx,XsDoVfqeBukxuZHWhdvWHBhgEHjGNst4MLodqsJHzoB,byreal,,25950,8283639.751723374
2025-12-01,MSTRx,XsP7xzNPvEHS1m6qfanPUGjNmdnmsLKEoNAnHjdxxyZ,meteora,,3613,50373.401043393904
2026-03-01,COINx,Xs7ZdzSHLU9ftNJsii5fCeJhoRWSC32SQGzGQtePxNu,pancakeswap,,8710,36658.286851260644
2026-03-01,MCDx,XsqE9cRRpzxcGKDXj1BJ7Xmg4GRhZoyY1KpmGSxAWT2,whirlpool,,1910,3747.0786609605702
2026-03-01,COINx,Xs7ZdzSHLU9ftNJsii5fCeJhoRWSC32SQGzGQtePxNu,jupiterz,,1157,782001.9132718391
2026-05-01,ABTx,XsHtf5RpxsQ7jeJ9ivNewouZKJHbPxhPoEy6yYvULr7,whirlpool,,801,62.793697389766
2026-05-01,MSFTx,XspzcW1PRtgf6Wj92HCiZdjzKCyFekVD8P5Ueh3dRMX,whirlpool,,599,316.44340524125397
2026-02-01,CRCLx,XsueG8BtpquVJX9LVLLEGuViXUungE6WmK5YZ3p3bd1,whirlpool,,9916,175456.2755259948
2026-02-01,AAPLx,XsbEhLAtcf6HdfpFZ5xEMdqW8nfAvcsP5bdudRLJzJp,meteora,,1179,6367.518040772876
2026-02-01,PGx,XsYdjDjNUygZ7yGKfQaB6TxLh2gC6RRjzLtLAGJrhzV,whirlpool,,106,10.222077245280001
